"year","plot","direction","distance","column","row","content"
2020,1,1,1,1,1,"other_plant"
2020,1,1,1,1,2,"other_plant"
2020,1,1,1,1,3,"other_plant"
2020,1,1,1,1,4,"other_plant"
2020,1,1,1,1,5,"other_plant"
2020,1,1,1,2,1,"other_plant"
2020,1,1,1,2,2,"other_plant"
2020,1,1,1,2,3,"other_plant"
2020,1,1,1,2,4,"other_plant"
2020,1,1,1,2,5,"other_plant"
2020,1,1,1,3,1,"other_plant"
2020,1,1,1,3,2,"other_plant"
2020,1,1,1,3,3,"other_plant"
2020,1,1,1,3,4,"other_plant"
2020,1,1,1,3,5,"other_plant"
2020,1,1,1,4,1,"other_plant"
2020,1,1,1,4,2,"other_plant"
2020,1,1,1,4,3,"other_plant"
2020,1,1,1,4,4,"other_plant"
2020,1,1,1,4,5,"other_plant"
2020,1,1,1,5,1,"other_plant"
2020,1,1,1,5,2,"other_plant"
2020,1,1,1,5,3,"other_plant"
2020,1,1,1,5,4,"other_plant"
2020,1,1,1,5,5,"other_plant"
2020,1,1,2,1,1,"cheatgrass_litter"
2020,1,1,2,1,2,"cheatgrass_plant"
2020,1,1,2,1,3,"cheatgrass_litter"
2020,1,1,2,1,4,"cheatgrass_plant"
2020,1,1,2,1,5,"cheatgrass_litter"
2020,1,1,2,2,1,"other_litter"
2020,1,1,2,2,2,"other_plant"
2020,1,1,2,2,3,"other_plant"
2020,1,1,2,2,4,"cheatgrass_plant"
2020,1,1,2,2,5,"cheatgrass_plant"
2020,1,1,2,3,1,"other_litter"
2020,1,1,2,3,2,"cheatgrass_plant"
2020,1,1,2,3,3,"cheatgrass_litter"
2020,1,1,2,3,4,"cheatgrass_litter"
2020,1,1,2,3,5,"cheatgrass_litter"
2020,1,1,2,4,1,"other_litter"
2020,1,1,2,4,2,"other_plant"
2020,1,1,2,4,3,"cheatgrass_litter"
2020,1,1,2,4,4,"cheatgrass_litter"
2020,1,1,2,4,5,"cheatgrass_litter"
2020,1,1,2,5,1,"other_litter"
2020,1,1,2,5,2,"other_litter"
2020,1,1,2,5,3,"cheatgrass_litter"
2020,1,1,2,5,4,"cheatgrass_plant"
2020,1,1,2,5,5,"cheatgrass_litter"
2020,1,1,3,1,1,"cheatgrass_litter"
2020,1,1,3,1,2,"cheatgrass_litter"
2020,1,1,3,1,3,"cheatgrass_litter"
2020,1,1,3,1,4,"other_plant"
2020,1,1,3,1,5,"other_litter"
2020,1,1,3,2,1,"other_litter"
2020,1,1,3,2,2,"other_litter"
2020,1,1,3,2,3,"other_plant"
2020,1,1,3,2,4,"other_litter"
2020,1,1,3,2,5,"other_plant"
2020,1,1,3,3,1,"other_litter"
2020,1,1,3,3,2,"other_plant"
2020,1,1,3,3,3,"other_litter"
2020,1,1,3,3,4,"other_litter"
2020,1,1,3,3,5,"other_litter"
2020,1,1,3,4,1,"other_plant"
2020,1,1,3,4,2,"other_litter"
2020,1,1,3,4,3,"other_plant"
2020,1,1,3,4,4,"other_litter"
2020,1,1,3,4,5,"other_plant"
2020,1,1,3,5,1,"other_plant"
2020,1,1,3,5,2,"other_litter"
2020,1,1,3,5,3,"other_litter"
2020,1,1,3,5,4,"other_litter"
2020,1,1,3,5,5,"other_litter"
2020,1,1,4,1,1,"cheatgrass_litter"
2020,1,1,4,1,2,"other_plant"
2020,1,1,4,1,3,"cheatgrass_plant"
2020,1,1,4,1,4,"other_plant"
2020,1,1,4,1,5,"cheatgrass_plant"
2020,1,1,4,2,1,"cheatgrass_plant"
2020,1,1,4,2,2,"cheatgrass_litter"
2020,1,1,4,2,3,"cheatgrass_plant"
2020,1,1,4,2,4,"cheatgrass_litter"
2020,1,1,4,2,5,"cheatgrass_plant"
2020,1,1,4,3,1,"cheatgrass_litter"
2020,1,1,4,3,2,"cheatgrass_litter"
2020,1,1,4,3,3,"cheatgrass_plant"
2020,1,1,4,3,4,"other_plant"
2020,1,1,4,3,5,"cheatgrass_plant"
2020,1,1,4,4,1,"other_plant"
2020,1,1,4,4,2,"other_plant"
2020,1,1,4,4,3,"other_plant"
2020,1,1,4,4,4,"cheatgrass_litter"
2020,1,1,4,4,5,"other_plant"
2020,1,1,4,5,1,"cheatgrass_plant"
2020,1,1,4,5,2,"other_plant"
2020,1,1,4,5,3,"cheatgrass_plant"
2020,1,1,4,5,4,"other_plant"
2020,1,1,4,5,5,"other_plant"
2020,1,1,5,1,1,"other_plant"
2020,1,1,5,1,2,"cheatgrass_litter"
2020,1,1,5,1,3,"other_plant"
2020,1,1,5,1,4,"other_litter"
2020,1,1,5,1,5,"other_plant"
2020,1,1,5,2,1,"other_litter"
2020,1,1,5,2,2,"cheatgrass_litter"
2020,1,1,5,2,3,"other_litter"
2020,1,1,5,2,4,"other_plant"
2020,1,1,5,2,5,"other_plant"
2020,1,1,5,3,1,"other_litter"
2020,1,1,5,3,2,"other_litter"
2020,1,1,5,3,3,"other_litter"
2020,1,1,5,3,4,"other_plant"
2020,1,1,5,3,5,"other_litter"
2020,1,1,5,4,1,"other_litter"
2020,1,1,5,4,2,"other_plant"
2020,1,1,5,4,3,"other_plant"
2020,1,1,5,4,4,"other_plant"
2020,1,1,5,4,5,"other_litter"
2020,1,1,5,5,1,"other_litter"
2020,1,1,5,5,2,"other_litter"
2020,1,1,5,5,3,"other_litter"
2020,1,1,5,5,4,"other_plant"
2020,1,1,5,5,5,"other_litter"
2020,1,2,1,1,1,"cheatgrass_plant"
2020,1,2,1,1,2,"cheatgrass_litter"
2020,1,2,1,1,3,"other_plant"
2020,1,2,1,1,4,"other_plant"
2020,1,2,1,1,5,"other_plant"
2020,1,2,1,2,1,"cheatgrass_plant"
2020,1,2,1,2,2,"other_litter"
2020,1,2,1,2,3,"other_plant"
2020,1,2,1,2,4,"cheatgrass_plant"
2020,1,2,1,2,5,"cheatgrass_litter"
2020,1,2,1,3,1,"cheatgrass_plant"
2020,1,2,1,3,2,"other_litter"
2020,1,2,1,3,3,"other_plant"
2020,1,2,1,3,4,"other_plant"
2020,1,2,1,3,5,"other_litter"
2020,1,2,1,4,1,"other_plant"
2020,1,2,1,4,2,"other_plant"
2020,1,2,1,4,3,"other_plant"
2020,1,2,1,4,4,"other_plant"
2020,1,2,1,4,5,"cheatgrass_plant"
2020,1,2,1,5,1,"other_plant"
2020,1,2,1,5,2,"other_plant"
2020,1,2,1,5,3,"other_litter"
2020,1,2,1,5,4,"other_litter"
2020,1,2,1,5,5,"cheatgrass_plant"
2020,1,2,2,1,1,"other_plant"
2020,1,2,2,1,2,"cheatgrass_plant"
2020,1,2,2,1,3,"other_plant"
2020,1,2,2,1,4,"other_litter"
2020,1,2,2,1,5,"other_litter"
2020,1,2,2,2,1,"cheatgrass_litter"
2020,1,2,2,2,2,"other_litter"
2020,1,2,2,2,3,"other_litter"
2020,1,2,2,2,4,"other_plant"
2020,1,2,2,2,5,"other_litter"
2020,1,2,2,3,1,"cheatgrass_plant"
2020,1,2,2,3,2,"other_plant"
2020,1,2,2,3,3,"cheatgrass_plant"
2020,1,2,2,3,4,"cheatgrass_plant"
2020,1,2,2,3,5,"other_litter"
2020,1,2,2,4,1,"other_plant"
2020,1,2,2,4,2,"other_plant"
2020,1,2,2,4,3,"cheatgrass_litter"
2020,1,2,2,4,4,"cheatgrass_litter"
2020,1,2,2,4,5,"other_litter"
2020,1,2,2,5,1,"other_litter"
2020,1,2,2,5,2,"other_litter"
2020,1,2,2,5,3,"other_plant"
2020,1,2,2,5,4,"other_litter"
2020,1,2,2,5,5,"other_litter"
2020,1,2,3,1,1,"other_plant"
2020,1,2,3,1,2,"cheatgrass_plant"
2020,1,2,3,1,3,"cheatgrass_plant"
2020,1,2,3,1,4,"cheatgrass_plant"
2020,1,2,3,1,5,"cheatgrass_plant"
2020,1,2,3,2,1,"cheatgrass_plant"
2020,1,2,3,2,2,"cheatgrass_plant"
2020,1,2,3,2,3,"other_plant"
2020,1,2,3,2,4,"cheatgrass_litter"
2020,1,2,3,2,5,"cheatgrass_litter"
2020,1,2,3,3,1,"cheatgrass_plant"
2020,1,2,3,3,2,"cheatgrass_litter"
2020,1,2,3,3,3,"cheatgrass_plant"
2020,1,2,3,3,4,"cheatgrass_plant"
2020,1,2,3,3,5,"cheatgrass_litter"
2020,1,2,3,4,1,"other_plant"
2020,1,2,3,4,2,"other_plant"
2020,1,2,3,4,3,"cheatgrass_litter"
2020,1,2,3,4,4,"cheatgrass_litter"
2020,1,2,3,4,5,"other_plant"
2020,1,2,3,5,1,"other_plant"
2020,1,2,3,5,2,"other_plant"
2020,1,2,3,5,3,"other_plant"
2020,1,2,3,5,4,"cheatgrass_litter"
2020,1,2,3,5,5,"other_plant"
2020,1,2,4,1,1,"cheatgrass_plant"
2020,1,2,4,1,2,"other_plant"
2020,1,2,4,1,3,"other_plant"
2020,1,2,4,1,4,"other_plant"
2020,1,2,4,1,5,"cheatgrass_litter"
2020,1,2,4,2,1,"cheatgrass_plant"
2020,1,2,4,2,2,"bare_ground"
2020,1,2,4,2,3,"cheatgrass_litter"
2020,1,2,4,2,4,"cheatgrass_plant"
2020,1,2,4,2,5,"cheatgrass_litter"
2020,1,2,4,3,1,"cheatgrass_plant"
2020,1,2,4,3,2,"other_litter"
2020,1,2,4,3,3,"cheatgrass_plant"
2020,1,2,4,3,4,"cheatgrass_plant"
2020,1,2,4,3,5,"other_plant"
2020,1,2,4,4,1,"cheatgrass_plant"
2020,1,2,4,4,2,"cheatgrass_plant"
2020,1,2,4,4,3,"cheatgrass_plant"
2020,1,2,4,4,4,"other_plant"
2020,1,2,4,4,5,"bare_ground"
2020,1,2,4,5,1,"other_litter"
2020,1,2,4,5,2,"other_litter"
2020,1,2,4,5,3,"other_litter"
2020,1,2,4,5,4,"cheatgrass_litter"
2020,1,2,4,5,5,"other_plant"
2020,1,2,5,1,1,"cheatgrass_plant"
2020,1,2,5,1,2,"cheatgrass_litter"
2020,1,2,5,1,3,"cheatgrass_litter"
2020,1,2,5,1,4,"cheatgrass_plant"
2020,1,2,5,1,5,"cheatgrass_litter"
2020,1,2,5,2,1,"other_plant"
2020,1,2,5,2,2,"cheatgrass_plant"
2020,1,2,5,2,3,"cheatgrass_plant"
2020,1,2,5,2,4,"cheatgrass_plant"
2020,1,2,5,2,5,"cheatgrass_plant"
2020,1,2,5,3,1,"cheatgrass_litter"
2020,1,2,5,3,2,"cheatgrass_litter"
2020,1,2,5,3,3,"cheatgrass_plant"
2020,1,2,5,3,4,"cheatgrass_plant"
2020,1,2,5,3,5,"cheatgrass_plant"
2020,1,2,5,4,1,"cheatgrass_plant"
2020,1,2,5,4,2,"cheatgrass_plant"
2020,1,2,5,4,3,"cheatgrass_plant"
2020,1,2,5,4,4,"cheatgrass_plant"
2020,1,2,5,4,5,"cheatgrass_plant"
2020,1,2,5,5,1,"cheatgrass_plant"
2020,1,2,5,5,2,"cheatgrass_plant"
2020,1,2,5,5,3,"cheatgrass_plant"
2020,1,2,5,5,4,"cheatgrass_litter"
2020,1,2,5,5,5,"cheatgrass_litter"
2020,1,3,1,1,1,"cheatgrass_litter"
2020,1,3,1,1,2,"cheatgrass_plant"
2020,1,3,1,1,3,"cheatgrass_litter"
2020,1,3,1,1,4,"cheatgrass_plant"
2020,1,3,1,1,5,"cheatgrass_plant"
2020,1,3,1,2,1,"cheatgrass_plant"
2020,1,3,1,2,2,"other_plant"
2020,1,3,1,2,3,"cheatgrass_litter"
2020,1,3,1,2,4,"cheatgrass_litter"
2020,1,3,1,2,5,"other_plant"
2020,1,3,1,3,1,"bare_ground"
2020,1,3,1,3,2,"cheatgrass_litter"
2020,1,3,1,3,3,"cheatgrass_plant"
2020,1,3,1,3,4,"cheatgrass_litter"
2020,1,3,1,3,5,"cheatgrass_litter"
2020,1,3,1,4,1,"cheatgrass_litter"
2020,1,3,1,4,2,"cheatgrass_plant"
2020,1,3,1,4,3,"cheatgrass_plant"
2020,1,3,1,4,4,"cheatgrass_plant"
2020,1,3,1,4,5,"cheatgrass_litter"
2020,1,3,1,5,1,"cheatgrass_litter"
2020,1,3,1,5,2,"cheatgrass_plant"
2020,1,3,1,5,3,"other_plant"
2020,1,3,1,5,4,"other_plant"
2020,1,3,1,5,5,"cheatgrass_litter"
2020,1,3,2,1,1,"other_plant"
2020,1,3,2,1,2,"cheatgrass_plant"
2020,1,3,2,1,3,"cheatgrass_litter"
2020,1,3,2,1,4,"cheatgrass_plant"
2020,1,3,2,1,5,"cheatgrass_litter"
2020,1,3,2,2,1,"cheatgrass_litter"
2020,1,3,2,2,2,"other_plant"
2020,1,3,2,2,3,"other_plant"
2020,1,3,2,2,4,"cheatgrass_plant"
2020,1,3,2,2,5,"cheatgrass_litter"
2020,1,3,2,3,1,"bare_ground"
2020,1,3,2,3,2,"other_litter"
2020,1,3,2,3,3,"other_plant"
2020,1,3,2,3,4,"cheatgrass_plant"
2020,1,3,2,3,5,"cheatgrass_litter"
2020,1,3,2,4,1,"other_litter"
2020,1,3,2,4,2,"other_plant"
2020,1,3,2,4,3,"cheatgrass_plant"
2020,1,3,2,4,4,"other_litter"
2020,1,3,2,4,5,"cheatgrass_plant"
2020,1,3,2,5,1,"other_litter"
2020,1,3,2,5,2,"other_plant"
2020,1,3,2,5,3,"cheatgrass_litter"
2020,1,3,2,5,4,"cheatgrass_plant"
2020,1,3,2,5,5,"other_litter"
2020,1,3,3,1,1,"cheatgrass_plant"
2020,1,3,3,1,2,"cheatgrass_litter"
2020,1,3,3,1,3,"cheatgrass_plant"
2020,1,3,3,1,4,"other_plant"
2020,1,3,3,1,5,"cheatgrass_litter"
2020,1,3,3,2,1,"cheatgrass_litter"
2020,1,3,3,2,2,"cheatgrass_plant"
2020,1,3,3,2,3,"cheatgrass_plant"
2020,1,3,3,2,4,"cheatgrass_plant"
2020,1,3,3,2,5,"other_plant"
2020,1,3,3,3,1,"other_plant"
2020,1,3,3,3,2,"cheatgrass_plant"
2020,1,3,3,3,3,"cheatgrass_plant"
2020,1,3,3,3,4,"cheatgrass_plant"
2020,1,3,3,3,5,"cheatgrass_plant"
2020,1,3,3,4,1,"cheatgrass_plant"
2020,1,3,3,4,2,"cheatgrass_plant"
2020,1,3,3,4,3,"cheatgrass_litter"
2020,1,3,3,4,4,"other_plant"
2020,1,3,3,4,5,"cheatgrass_plant"
2020,1,3,3,5,1,"cheatgrass_litter"
2020,1,3,3,5,2,"cheatgrass_litter"
2020,1,3,3,5,3,"cheatgrass_plant"
2020,1,3,3,5,4,"other_litter"
2020,1,3,3,5,5,"other_litter"
2020,1,3,4,1,1,"other_plant"
2020,1,3,4,1,2,"other_plant"
2020,1,3,4,1,3,"cheatgrass_plant"
2020,1,3,4,1,4,"cheatgrass_plant"
2020,1,3,4,1,5,"cheatgrass_plant"
2020,1,3,4,2,1,"other_plant"
2020,1,3,4,2,2,"cheatgrass_plant"
2020,1,3,4,2,3,"cheatgrass_plant"
2020,1,3,4,2,4,"cheatgrass_plant"
2020,1,3,4,2,5,"cheatgrass_plant"
2020,1,3,4,3,1,"cheatgrass_plant"
2020,1,3,4,3,2,"cheatgrass_plant"
2020,1,3,4,3,3,"cheatgrass_plant"
2020,1,3,4,3,4,"cheatgrass_plant"
2020,1,3,4,3,5,"cheatgrass_plant"
2020,1,3,4,4,1,"cheatgrass_plant"
2020,1,3,4,4,2,"cheatgrass_plant"
2020,1,3,4,4,3,"other_litter"
2020,1,3,4,4,4,"cheatgrass_plant"
2020,1,3,4,4,5,"other_plant"
2020,1,3,4,5,1,"cheatgrass_plant"
2020,1,3,4,5,2,"other_plant"
2020,1,3,4,5,3,"cheatgrass_plant"
2020,1,3,4,5,4,"cheatgrass_plant"
2020,1,3,4,5,5,"other_plant"
2020,1,3,5,1,1,"cheatgrass_plant"
2020,1,3,5,1,2,"other_plant"
2020,1,3,5,1,3,"cheatgrass_litter"
2020,1,3,5,1,4,"cheatgrass_plant"
2020,1,3,5,1,5,"cheatgrass_plant"
2020,1,3,5,2,1,"other_plant"
2020,1,3,5,2,2,"cheatgrass_plant"
2020,1,3,5,2,3,"other_plant"
2020,1,3,5,2,4,"other_plant"
2020,1,3,5,2,5,"other_plant"
2020,1,3,5,3,1,"cheatgrass_plant"
2020,1,3,5,3,2,"cheatgrass_litter"
2020,1,3,5,3,3,"other_plant"
2020,1,3,5,3,4,"cheatgrass_plant"
2020,1,3,5,3,5,"cheatgrass_plant"
2020,1,3,5,4,1,"other_plant"
2020,1,3,5,4,2,"cheatgrass_litter"
2020,1,3,5,4,3,"cheatgrass_plant"
2020,1,3,5,4,4,"other_litter"
2020,1,3,5,4,5,"other_plant"
2020,1,3,5,5,1,"other_plant"
2020,1,3,5,5,2,"cheatgrass_plant"
2020,1,3,5,5,3,"cheatgrass_plant"
2020,1,3,5,5,4,"bare_ground"
2020,1,3,5,5,5,"other_plant"
2020,1,4,1,1,1,"cheatgrass_plant"
2020,1,4,1,1,2,"cheatgrass_plant"
2020,1,4,1,1,3,"cheatgrass_plant"
2020,1,4,1,1,4,"cheatgrass_plant"
2020,1,4,1,1,5,"other_plant"
2020,1,4,1,2,1,"cheatgrass_plant"
2020,1,4,1,2,2,"cheatgrass_plant"
2020,1,4,1,2,3,"cheatgrass_plant"
2020,1,4,1,2,4,"cheatgrass_plant"
2020,1,4,1,2,5,"cheatgrass_litter"
2020,1,4,1,3,1,"cheatgrass_litter"
2020,1,4,1,3,2,"cheatgrass_plant"
2020,1,4,1,3,3,"cheatgrass_plant"
2020,1,4,1,3,4,"other_plant"
2020,1,4,1,3,5,"cheatgrass_litter"
2020,1,4,1,4,1,"cheatgrass_plant"
2020,1,4,1,4,2,"cheatgrass_plant"
2020,1,4,1,4,3,"cheatgrass_plant"
2020,1,4,1,4,4,"cheatgrass_litter"
2020,1,4,1,4,5,"cheatgrass_litter"
2020,1,4,1,5,1,"cheatgrass_plant"
2020,1,4,1,5,2,"cheatgrass_plant"
2020,1,4,1,5,3,"other_plant"
2020,1,4,1,5,4,"cheatgrass_litter"
2020,1,4,1,5,5,"other_plant"
2020,1,4,2,1,1,"other_litter"
2020,1,4,2,1,2,"other_litter"
2020,1,4,2,1,3,"other_plant"
2020,1,4,2,1,4,"other_litter"
2020,1,4,2,1,5,"other_litter"
2020,1,4,2,2,1,"bare_ground"
2020,1,4,2,2,2,"bare_ground"
2020,1,4,2,2,3,"bare_ground"
2020,1,4,2,2,4,"bare_ground"
2020,1,4,2,2,5,"bare_ground"
2020,1,4,2,3,1,"bare_ground"
2020,1,4,2,3,2,"bare_ground"
2020,1,4,2,3,3,"bare_ground"
2020,1,4,2,3,4,"bare_ground"
2020,1,4,2,3,5,"bare_ground"
2020,1,4,2,4,1,"bare_ground"
2020,1,4,2,4,2,"bare_ground"
2020,1,4,2,4,3,"bare_ground"
2020,1,4,2,4,4,"bare_ground"
2020,1,4,2,4,5,"bare_ground"
2020,1,4,2,5,1,"bare_ground"
2020,1,4,2,5,2,"bare_ground"
2020,1,4,2,5,3,"bare_ground"
2020,1,4,2,5,4,"bare_ground"
2020,1,4,2,5,5,"bare_ground"
2020,1,4,3,1,1,"other_litter"
2020,1,4,3,1,2,"other_litter"
2020,1,4,3,1,3,"other_plant"
2020,1,4,3,1,4,"cheatgrass_plant"
2020,1,4,3,1,5,"cheatgrass_litter"
2020,1,4,3,2,1,"other_litter"
2020,1,4,3,2,2,"cheatgrass_plant"
2020,1,4,3,2,3,"cheatgrass_plant"
2020,1,4,3,2,4,"other_plant"
2020,1,4,3,2,5,"other_plant"
2020,1,4,3,3,1,"cheatgrass_plant"
2020,1,4,3,3,2,"cheatgrass_litter"
2020,1,4,3,3,3,"other_plant"
2020,1,4,3,3,4,"other_plant"
2020,1,4,3,3,5,"cheatgrass_plant"
2020,1,4,3,4,1,"other_litter"
2020,1,4,3,4,2,"cheatgrass_litter"
2020,1,4,3,4,3,"other_plant"
2020,1,4,3,4,4,"cheatgrass_litter"
2020,1,4,3,4,5,"cheatgrass_plant"
2020,1,4,3,5,1,"cheatgrass_litter"
2020,1,4,3,5,2,"bare_ground"
2020,1,4,3,5,3,"cheatgrass_litter"
2020,1,4,3,5,4,"other_plant"
2020,1,4,3,5,5,"cheatgrass_plant"
2020,1,4,4,1,1,"cheatgrass_plant"
2020,1,4,4,1,2,"other_plant"
2020,1,4,4,1,3,"other_plant"
2020,1,4,4,1,4,"cheatgrass_plant"
2020,1,4,4,1,5,"other_plant"
2020,1,4,4,2,1,"cheatgrass_litter"
2020,1,4,4,2,2,"cheatgrass_plant"
2020,1,4,4,2,3,"other_plant"
2020,1,4,4,2,4,"cheatgrass_litter"
2020,1,4,4,2,5,"other_plant"
2020,1,4,4,3,1,"cheatgrass_plant"
2020,1,4,4,3,2,"cheatgrass_plant"
2020,1,4,4,3,3,"other_plant"
2020,1,4,4,3,4,"cheatgrass_litter"
2020,1,4,4,3,5,"cheatgrass_plant"
2020,1,4,4,4,1,"other_plant"
2020,1,4,4,4,2,"other_plant"
2020,1,4,4,4,3,"other_litter"
2020,1,4,4,4,4,"cheatgrass_plant"
2020,1,4,4,4,5,"other_plant"
2020,1,4,4,5,1,"cheatgrass_plant"
2020,1,4,4,5,2,"other_litter"
2020,1,4,4,5,3,"other_plant"
2020,1,4,4,5,4,"other_litter"
2020,1,4,4,5,5,"cheatgrass_plant"
2020,1,4,5,1,1,"cheatgrass_litter"
2020,1,4,5,1,2,"cheatgrass_litter"
2020,1,4,5,1,3,"other_litter"
2020,1,4,5,1,4,"cheatgrass_plant"
2020,1,4,5,1,5,"cheatgrass_plant"
2020,1,4,5,2,1,"cheatgrass_plant"
2020,1,4,5,2,2,"cheatgrass_plant"
2020,1,4,5,2,3,"cheatgrass_plant"
2020,1,4,5,2,4,"cheatgrass_plant"
2020,1,4,5,2,5,"cheatgrass_litter"
2020,1,4,5,3,1,"cheatgrass_plant"
2020,1,4,5,3,2,"cheatgrass_plant"
2020,1,4,5,3,3,"cheatgrass_plant"
2020,1,4,5,3,4,"cheatgrass_plant"
2020,1,4,5,3,5,"cheatgrass_litter"
2020,1,4,5,4,1,"cheatgrass_plant"
2020,1,4,5,4,2,"cheatgrass_plant"
2020,1,4,5,4,3,"cheatgrass_plant"
2020,1,4,5,4,4,"cheatgrass_litter"
2020,1,4,5,4,5,"other_plant"
2020,1,4,5,5,1,"cheatgrass_plant"
2020,1,4,5,5,2,"cheatgrass_plant"
2020,1,4,5,5,3,"cheatgrass_plant"
2020,1,4,5,5,4,"cheatgrass_plant"
2020,1,4,5,5,5,"bare_ground"
2020,1,5,1,1,1,"other_litter"
2020,1,5,1,1,2,"other_plant"
2020,1,5,1,1,3,"other_litter"
2020,1,5,1,1,4,"cheatgrass_litter"
2020,1,5,1,1,5,"other_litter"
2020,1,5,1,2,1,"other_litter"
2020,1,5,1,2,2,"other_plant"
2020,1,5,1,2,3,"other_plant"
2020,1,5,1,2,4,"cheatgrass_litter"
2020,1,5,1,2,5,"cheatgrass_litter"
2020,1,5,1,3,1,"other_plant"
2020,1,5,1,3,2,"other_litter"
2020,1,5,1,3,3,"cheatgrass_litter"
2020,1,5,1,3,4,"other_plant"
2020,1,5,1,3,5,"cheatgrass_litter"
2020,1,5,1,4,1,"other_litter"
2020,1,5,1,4,2,"other_litter"
2020,1,5,1,4,3,"other_litter"
2020,1,5,1,4,4,"other_litter"
2020,1,5,1,4,5,"other_litter"
2020,1,5,1,5,1,"other_plant"
2020,1,5,1,5,2,"other_plant"
2020,1,5,1,5,3,"cheatgrass_litter"
2020,1,5,1,5,4,"other_litter"
2020,1,5,1,5,5,"cheatgrass_plant"
2020,1,5,2,1,1,"cheatgrass_litter"
2020,1,5,2,1,2,"cheatgrass_litter"
2020,1,5,2,1,3,"cheatgrass_litter"
2020,1,5,2,1,4,"cheatgrass_litter"
2020,1,5,2,1,5,"other_plant"
2020,1,5,2,2,1,"other_plant"
2020,1,5,2,2,2,"cheatgrass_litter"
2020,1,5,2,2,3,"other_plant"
2020,1,5,2,2,4,"other_plant"
2020,1,5,2,2,5,"cheatgrass_litter"
2020,1,5,2,3,1,"other_plant"
2020,1,5,2,3,2,"other_plant"
2020,1,5,2,3,3,"other_plant"
2020,1,5,2,3,4,"other_plant"
2020,1,5,2,3,5,"other_plant"
2020,1,5,2,4,1,"cheatgrass_litter"
2020,1,5,2,4,2,"cheatgrass_litter"
2020,1,5,2,4,3,"cheatgrass_litter"
2020,1,5,2,4,4,"other_litter"
2020,1,5,2,4,5,"other_plant"
2020,1,5,2,5,1,"other_plant"
2020,1,5,2,5,2,"other_plant"
2020,1,5,2,5,3,"cheatgrass_litter"
2020,1,5,2,5,4,"cheatgrass_litter"
2020,1,5,2,5,5,"cheatgrass_litter"
2020,1,5,3,1,1,"other_litter"
2020,1,5,3,1,2,"other_plant"
2020,1,5,3,1,3,"other_plant"
2020,1,5,3,1,4,"other_litter"
2020,1,5,3,1,5,"other_plant"
2020,1,5,3,2,1,"other_litter"
2020,1,5,3,2,2,"other_plant"
2020,1,5,3,2,3,"cheatgrass_plant"
2020,1,5,3,2,4,"other_litter"
2020,1,5,3,2,5,"other_litter"
2020,1,5,3,3,1,"other_litter"
2020,1,5,3,3,2,"other_plant"
2020,1,5,3,3,3,"other_plant"
2020,1,5,3,3,4,"other_litter"
2020,1,5,3,3,5,"other_plant"
2020,1,5,3,4,1,"other_litter"
2020,1,5,3,4,2,"other_plant"
2020,1,5,3,4,3,"other_litter"
2020,1,5,3,4,4,"other_plant"
2020,1,5,3,4,5,"other_litter"
2020,1,5,3,5,1,"other_plant"
2020,1,5,3,5,2,"other_plant"
2020,1,5,3,5,3,"other_litter"
2020,1,5,3,5,4,"cheatgrass_plant"
2020,1,5,3,5,5,"other_litter"
2020,1,5,4,1,1,"cheatgrass_plant"
2020,1,5,4,1,2,"other_litter"
2020,1,5,4,1,3,"other_plant"
2020,1,5,4,1,4,"cheatgrass_litter"
2020,1,5,4,1,5,"cheatgrass_litter"
2020,1,5,4,2,1,"cheatgrass_plant"
2020,1,5,4,2,2,"cheatgrass_litter"
2020,1,5,4,2,3,"cheatgrass_litter"
2020,1,5,4,2,4,"cheatgrass_litter"
2020,1,5,4,2,5,"other_plant"
2020,1,5,4,3,1,"cheatgrass_plant"
2020,1,5,4,3,2,"other_plant"
2020,1,5,4,3,3,"cheatgrass_litter"
2020,1,5,4,3,4,"other_plant"
2020,1,5,4,3,5,"other_plant"
2020,1,5,4,4,1,"cheatgrass_plant"
2020,1,5,4,4,2,"cheatgrass_litter"
2020,1,5,4,4,3,"cheatgrass_plant"
2020,1,5,4,4,4,"other_litter"
2020,1,5,4,4,5,"other_plant"
2020,1,5,4,5,1,"cheatgrass_plant"
2020,1,5,4,5,2,"cheatgrass_litter"
2020,1,5,4,5,3,"cheatgrass_plant"
2020,1,5,4,5,4,"other_plant"
2020,1,5,4,5,5,"other_plant"
2020,1,5,5,1,1,"other_litter"
2020,1,5,5,1,2,"other_litter"
2020,1,5,5,1,3,"other_plant"
2020,1,5,5,1,4,"other_litter"
2020,1,5,5,1,5,"other_litter"
2020,1,5,5,2,1,"other_litter"
2020,1,5,5,2,2,"other_litter"
2020,1,5,5,2,3,"other_litter"
2020,1,5,5,2,4,"cheatgrass_plant"
2020,1,5,5,2,5,"other_plant"
2020,1,5,5,3,1,"other_plant"
2020,1,5,5,3,2,"other_plant"
2020,1,5,5,3,3,"other_plant"
2020,1,5,5,3,4,"other_litter"
2020,1,5,5,3,5,"other_plant"
2020,1,5,5,4,1,"other_plant"
2020,1,5,5,4,2,"other_litter"
2020,1,5,5,4,3,"cheatgrass_plant"
2020,1,5,5,4,4,"other_litter"
2020,1,5,5,4,5,"other_litter"
2020,1,5,5,5,1,"cheatgrass_plant"
2020,1,5,5,5,2,"cheatgrass_plant"
2020,1,5,5,5,3,"other_litter"
2020,1,5,5,5,4,"other_plant"
2020,1,5,5,5,5,"other_litter"
2020,1,6,1,1,1,"other_litter"
2020,1,6,1,1,2,"other_litter"
2020,1,6,1,1,3,"other_litter"
2020,1,6,1,1,4,"other_plant"
2020,1,6,1,1,5,"other_litter"
2020,1,6,1,2,1,"other_litter"
2020,1,6,1,2,2,"other_plant"
2020,1,6,1,2,3,"other_litter"
2020,1,6,1,2,4,"other_plant"
2020,1,6,1,2,5,"other_litter"
2020,1,6,1,3,1,"other_litter"
2020,1,6,1,3,2,"other_plant"
2020,1,6,1,3,3,"other_plant"
2020,1,6,1,3,4,"other_litter"
2020,1,6,1,3,5,"other_litter"
2020,1,6,1,4,1,"other_plant"
2020,1,6,1,4,2,"other_litter"
2020,1,6,1,4,3,"other_plant"
2020,1,6,1,4,4,"other_litter"
2020,1,6,1,4,5,"other_plant"
2020,1,6,1,5,1,"other_plant"
2020,1,6,1,5,2,"other_plant"
2020,1,6,1,5,3,"other_plant"
2020,1,6,1,5,4,"cheatgrass_litter"
2020,1,6,1,5,5,"cheatgrass_litter"
2020,1,6,2,1,1,"cheatgrass_litter"
2020,1,6,2,1,2,"cheatgrass_litter"
2020,1,6,2,1,3,"cheatgrass_litter"
2020,1,6,2,1,4,"cheatgrass_litter"
2020,1,6,2,1,5,"bare_ground"
2020,1,6,2,2,1,"cheatgrass_litter"
2020,1,6,2,2,2,"cheatgrass_litter"
2020,1,6,2,2,3,"cheatgrass_litter"
2020,1,6,2,2,4,"cheatgrass_litter"
2020,1,6,2,2,5,"cheatgrass_litter"
2020,1,6,2,3,1,"other_plant"
2020,1,6,2,3,2,"cheatgrass_litter"
2020,1,6,2,3,3,"cheatgrass_litter"
2020,1,6,2,3,4,"cheatgrass_litter"
2020,1,6,2,3,5,"other_plant"
2020,1,6,2,4,1,"cheatgrass_plant"
2020,1,6,2,4,2,"cheatgrass_litter"
2020,1,6,2,4,3,"other_plant"
2020,1,6,2,4,4,"other_plant"
2020,1,6,2,4,5,"other_litter"
2020,1,6,2,5,1,"cheatgrass_litter"
2020,1,6,2,5,2,"cheatgrass_litter"
2020,1,6,2,5,3,"other_plant"
2020,1,6,2,5,4,"cheatgrass_litter"
2020,1,6,2,5,5,"cheatgrass_litter"
2020,1,6,3,1,1,"other_plant"
2020,1,6,3,1,2,"other_litter"
2020,1,6,3,1,3,"cheatgrass_litter"
2020,1,6,3,1,4,"cheatgrass_litter"
2020,1,6,3,1,5,"other_plant"
2020,1,6,3,2,1,"other_litter"
2020,1,6,3,2,2,"cheatgrass_litter"
2020,1,6,3,2,3,"other_litter"
2020,1,6,3,2,4,"other_litter"
2020,1,6,3,2,5,"other_plant"
2020,1,6,3,3,1,"other_plant"
2020,1,6,3,3,2,"other_plant"
2020,1,6,3,3,3,"other_litter"
2020,1,6,3,3,4,"other_litter"
2020,1,6,3,3,5,"other_plant"
2020,1,6,3,4,1,"other_plant"
2020,1,6,3,4,2,"other_plant"
2020,1,6,3,4,3,"other_litter"
2020,1,6,3,4,4,"other_plant"
2020,1,6,3,4,5,"other_plant"
2020,1,6,3,5,1,"cheatgrass_litter"
2020,1,6,3,5,2,"cheatgrass_litter"
2020,1,6,3,5,3,"other_litter"
2020,1,6,3,5,4,"other_litter"
2020,1,6,3,5,5,"other_plant"
2020,1,6,4,1,1,"cheatgrass_plant"
2020,1,6,4,1,2,"other_plant"
2020,1,6,4,1,3,"other_litter"
2020,1,6,4,1,4,"bare_ground"
2020,1,6,4,1,5,"bare_ground"
2020,1,6,4,2,1,"bare_ground"
2020,1,6,4,2,2,"bare_ground"
2020,1,6,4,2,3,"cheatgrass_litter"
2020,1,6,4,2,4,"bare_ground"
2020,1,6,4,2,5,"bare_ground"
2020,1,6,4,3,1,"other_plant"
2020,1,6,4,3,2,"cheatgrass_plant"
2020,1,6,4,3,3,"cheatgrass_litter"
2020,1,6,4,3,4,"cheatgrass_litter"
2020,1,6,4,3,5,"other_plant"
2020,1,6,4,4,1,"bare_ground"
2020,1,6,4,4,2,"bare_ground"
2020,1,6,4,4,3,"cheatgrass_litter"
2020,1,6,4,4,4,"other_litter"
2020,1,6,4,4,5,"other_plant"
2020,1,6,4,5,1,"bare_ground"
2020,1,6,4,5,2,"bare_ground"
2020,1,6,4,5,3,"other_litter"
2020,1,6,4,5,4,"other_litter"
2020,1,6,4,5,5,"bare_ground"
2020,1,6,5,1,1,"other_litter"
2020,1,6,5,1,2,"other_litter"
2020,1,6,5,1,3,"other_litter"
2020,1,6,5,1,4,"other_litter"
2020,1,6,5,1,5,"other_litter"
2020,1,6,5,2,1,"other_plant"
2020,1,6,5,2,2,"other_litter"
2020,1,6,5,2,3,"other_litter"
2020,1,6,5,2,4,"other_litter"
2020,1,6,5,2,5,"other_litter"
2020,1,6,5,3,1,"other_litter"
2020,1,6,5,3,2,"other_plant"
2020,1,6,5,3,3,"other_litter"
2020,1,6,5,3,4,"other_plant"
2020,1,6,5,3,5,"other_litter"
2020,1,6,5,4,1,"other_plant"
2020,1,6,5,4,2,"other_plant"
2020,1,6,5,4,3,"other_litter"
2020,1,6,5,4,4,"other_plant"
2020,1,6,5,4,5,"other_litter"
2020,1,6,5,5,1,"other_plant"
2020,1,6,5,5,2,"other_litter"
2020,1,6,5,5,3,"other_litter"
2020,1,6,5,5,4,"other_litter"
2020,1,6,5,5,5,"other_litter"
2020,1,7,1,1,1,"other_litter"
2020,1,7,1,1,2,"other_plant"
2020,1,7,1,1,3,"other_litter"
2020,1,7,1,1,4,"cheatgrass_plant"
2020,1,7,1,1,5,"other_plant"
2020,1,7,1,2,1,"cheatgrass_litter"
2020,1,7,1,2,2,"other_plant"
2020,1,7,1,2,3,"other_plant"
2020,1,7,1,2,4,"other_plant"
2020,1,7,1,2,5,"other_plant"
2020,1,7,1,3,1,"other_plant"
2020,1,7,1,3,2,"cheatgrass_litter"
2020,1,7,1,3,3,"other_litter"
2020,1,7,1,3,4,"other_plant"
2020,1,7,1,3,5,"other_plant"
2020,1,7,1,4,1,"cheatgrass_litter"
2020,1,7,1,4,2,"cheatgrass_litter"
2020,1,7,1,4,3,"cheatgrass_litter"
2020,1,7,1,4,4,"cheatgrass_litter"
2020,1,7,1,4,5,"other_plant"
2020,1,7,1,5,1,"cheatgrass_litter"
2020,1,7,1,5,2,"bare_ground"
2020,1,7,1,5,3,"cheatgrass_litter"
2020,1,7,1,5,4,"cheatgrass_plant"
2020,1,7,1,5,5,"cheatgrass_plant"
2020,1,7,2,1,1,"other_litter"
2020,1,7,2,1,2,"other_litter"
2020,1,7,2,1,3,"other_plant"
2020,1,7,2,1,4,"other_plant"
2020,1,7,2,1,5,"other_litter"
2020,1,7,2,2,1,"other_litter"
2020,1,7,2,2,2,"other_litter"
2020,1,7,2,2,3,"other_litter"
2020,1,7,2,2,4,"other_litter"
2020,1,7,2,2,5,"other_plant"
2020,1,7,2,3,1,"other_litter"
2020,1,7,2,3,2,"other_litter"
2020,1,7,2,3,3,"other_litter"
2020,1,7,2,3,4,"other_plant"
2020,1,7,2,3,5,"other_litter"
2020,1,7,2,4,1,"other_plant"
2020,1,7,2,4,2,"other_litter"
2020,1,7,2,4,3,"other_litter"
2020,1,7,2,4,4,"other_plant"
2020,1,7,2,4,5,"other_litter"
2020,1,7,2,5,1,"other_plant"
2020,1,7,2,5,2,"other_plant"
2020,1,7,2,5,3,"other_litter"
2020,1,7,2,5,4,"other_plant"
2020,1,7,2,5,5,"other_plant"
2020,1,7,3,1,1,"other_litter"
2020,1,7,3,1,2,"other_litter"
2020,1,7,3,1,3,"cheatgrass_litter"
2020,1,7,3,1,4,"other_litter"
2020,1,7,3,1,5,"other_litter"
2020,1,7,3,2,1,"other_litter"
2020,1,7,3,2,2,"other_litter"
2020,1,7,3,2,3,"other_litter"
2020,1,7,3,2,4,"other_litter"
2020,1,7,3,2,5,"other_litter"
2020,1,7,3,3,1,"other_litter"
2020,1,7,3,3,2,"other_litter"
2020,1,7,3,3,3,"other_litter"
2020,1,7,3,3,4,"other_litter"
2020,1,7,3,3,5,"other_plant"
2020,1,7,3,4,1,"other_litter"
2020,1,7,3,4,2,"other_litter"
2020,1,7,3,4,3,"other_litter"
2020,1,7,3,4,4,"other_litter"
2020,1,7,3,4,5,"other_litter"
2020,1,7,3,5,1,"other_litter"
2020,1,7,3,5,2,"other_plant"
2020,1,7,3,5,3,"other_litter"
2020,1,7,3,5,4,"other_litter"
2020,1,7,3,5,5,"other_litter"
2020,1,7,4,1,1,"other_litter"
2020,1,7,4,1,2,"other_plant"
2020,1,7,4,1,3,"other_plant"
2020,1,7,4,1,4,"other_plant"
2020,1,7,4,1,5,"other_litter"
2020,1,7,4,2,1,"other_plant"
2020,1,7,4,2,2,"other_plant"
2020,1,7,4,2,3,"other_plant"
2020,1,7,4,2,4,"other_plant"
2020,1,7,4,2,5,"other_plant"
2020,1,7,4,3,1,"other_litter"
2020,1,7,4,3,2,"other_plant"
2020,1,7,4,3,3,"other_litter"
2020,1,7,4,3,4,"other_plant"
2020,1,7,4,3,5,"other_plant"
2020,1,7,4,4,1,"other_plant"
2020,1,7,4,4,2,"other_plant"
2020,1,7,4,4,3,"other_plant"
2020,1,7,4,4,4,"other_plant"
2020,1,7,4,4,5,"other_litter"
2020,1,7,4,5,1,"other_plant"
2020,1,7,4,5,2,"other_plant"
2020,1,7,4,5,3,"cheatgrass_litter"
2020,1,7,4,5,4,"other_plant"
2020,1,7,4,5,5,"other_plant"
2020,1,7,5,1,1,"other_litter"
2020,1,7,5,1,2,"other_plant"
2020,1,7,5,1,3,"other_plant"
2020,1,7,5,1,4,"other_litter"
2020,1,7,5,1,5,"other_litter"
2020,1,7,5,2,1,"other_litter"
2020,1,7,5,2,2,"other_plant"
2020,1,7,5,2,3,"other_plant"
2020,1,7,5,2,4,"other_litter"
2020,1,7,5,2,5,"other_litter"
2020,1,7,5,3,1,"other_plant"
2020,1,7,5,3,2,"other_plant"
2020,1,7,5,3,3,"other_plant"
2020,1,7,5,3,4,"other_litter"
2020,1,7,5,3,5,"other_litter"
2020,1,7,5,4,1,"other_plant"
2020,1,7,5,4,2,"other_litter"
2020,1,7,5,4,3,"other_plant"
2020,1,7,5,4,4,"other_litter"
2020,1,7,5,4,5,"other_litter"
2020,1,7,5,5,1,"other_litter"
2020,1,7,5,5,2,"other_litter"
2020,1,7,5,5,3,"other_litter"
2020,1,7,5,5,4,"other_litter"
2020,1,7,5,5,5,"other_litter"
2020,1,8,1,1,1,"other_plant"
2020,1,8,1,1,2,"other_litter"
2020,1,8,1,1,3,"other_litter"
2020,1,8,1,1,4,"other_litter"
2020,1,8,1,1,5,"other_litter"
2020,1,8,1,2,1,"other_plant"
2020,1,8,1,2,2,"other_litter"
2020,1,8,1,2,3,"other_plant"
2020,1,8,1,2,4,"other_plant"
2020,1,8,1,2,5,"other_litter"
2020,1,8,1,3,1,"other_plant"
2020,1,8,1,3,2,"other_litter"
2020,1,8,1,3,3,"other_litter"
2020,1,8,1,3,4,"other_litter"
2020,1,8,1,3,5,"other_plant"
2020,1,8,1,4,1,"other_plant"
2020,1,8,1,4,2,"other_litter"
2020,1,8,1,4,3,"other_litter"
2020,1,8,1,4,4,"other_litter"
2020,1,8,1,4,5,"other_litter"
2020,1,8,1,5,1,"other_plant"
2020,1,8,1,5,2,"other_plant"
2020,1,8,1,5,3,"other_plant"
2020,1,8,1,5,4,"other_litter"
2020,1,8,1,5,5,"other_litter"
2020,1,8,2,1,1,"other_litter"
2020,1,8,2,1,2,"other_plant"
2020,1,8,2,1,3,"other_plant"
2020,1,8,2,1,4,"other_litter"
2020,1,8,2,1,5,"other_litter"
2020,1,8,2,2,1,"other_litter"
2020,1,8,2,2,2,"other_litter"
2020,1,8,2,2,3,"other_plant"
2020,1,8,2,2,4,"other_plant"
2020,1,8,2,2,5,"other_plant"
2020,1,8,2,3,1,"other_litter"
2020,1,8,2,3,2,"other_litter"
2020,1,8,2,3,3,"other_litter"
2020,1,8,2,3,4,"other_litter"
2020,1,8,2,3,5,"other_litter"
2020,1,8,2,4,1,"other_plant"
2020,1,8,2,4,2,"other_plant"
2020,1,8,2,4,3,"other_litter"
2020,1,8,2,4,4,"other_plant"
2020,1,8,2,4,5,"other_litter"
2020,1,8,2,5,1,"other_litter"
2020,1,8,2,5,2,"other_litter"
2020,1,8,2,5,3,"other_litter"
2020,1,8,2,5,4,"other_litter"
2020,1,8,2,5,5,"other_litter"
2020,1,8,3,1,1,"other_plant"
2020,1,8,3,1,2,"other_plant"
2020,1,8,3,1,3,"other_plant"
2020,1,8,3,1,4,"cheatgrass_litter"
2020,1,8,3,1,5,"other_plant"
2020,1,8,3,2,1,"other_plant"
2020,1,8,3,2,2,"other_litter"
2020,1,8,3,2,3,"other_plant"
2020,1,8,3,2,4,"other_plant"
2020,1,8,3,2,5,"cheatgrass_litter"
2020,1,8,3,3,1,"other_litter"
2020,1,8,3,3,2,"other_litter"
2020,1,8,3,3,3,"other_plant"
2020,1,8,3,3,4,"other_plant"
2020,1,8,3,3,5,"other_plant"
2020,1,8,3,4,1,"other_plant"
2020,1,8,3,4,2,"other_plant"
2020,1,8,3,4,3,"cheatgrass_litter"
2020,1,8,3,4,4,"other_litter"
2020,1,8,3,4,5,"other_litter"
2020,1,8,3,5,1,"other_litter"
2020,1,8,3,5,2,"other_litter"
2020,1,8,3,5,3,"other_plant"
2020,1,8,3,5,4,"cheatgrass_plant"
2020,1,8,3,5,5,"other_plant"
2020,1,8,4,1,1,"other_plant"
2020,1,8,4,1,2,"other_litter"
2020,1,8,4,1,3,"other_plant"
2020,1,8,4,1,4,"other_litter"
2020,1,8,4,1,5,"other_plant"
2020,1,8,4,2,1,"other_litter"
2020,1,8,4,2,2,"other_litter"
2020,1,8,4,2,3,"other_litter"
2020,1,8,4,2,4,"other_plant"
2020,1,8,4,2,5,"other_litter"
2020,1,8,4,3,1,"other_litter"
2020,1,8,4,3,2,"other_litter"
2020,1,8,4,3,3,"other_litter"
2020,1,8,4,3,4,"other_litter"
2020,1,8,4,3,5,"other_litter"
2020,1,8,4,4,1,"other_plant"
2020,1,8,4,4,2,"other_litter"
2020,1,8,4,4,3,"other_litter"
2020,1,8,4,4,4,"other_plant"
2020,1,8,4,4,5,"other_litter"
2020,1,8,4,5,1,"other_litter"
2020,1,8,4,5,2,"other_plant"
2020,1,8,4,5,3,"other_litter"
2020,1,8,4,5,4,"other_litter"
2020,1,8,4,5,5,"other_litter"
2020,1,8,5,1,1,"cheatgrass_litter"
2020,1,8,5,1,2,"other_litter"
2020,1,8,5,1,3,"other_litter"
2020,1,8,5,1,4,"other_litter"
2020,1,8,5,1,5,"other_plant"
2020,1,8,5,2,1,"other_plant"
2020,1,8,5,2,2,"other_litter"
2020,1,8,5,2,3,"other_litter"
2020,1,8,5,2,4,"other_litter"
2020,1,8,5,2,5,"cheatgrass_litter"
2020,1,8,5,3,1,"other_litter"
2020,1,8,5,3,2,"other_litter"
2020,1,8,5,3,3,"cheatgrass_litter"
2020,1,8,5,3,4,"other_plant"
2020,1,8,5,3,5,"other_litter"
2020,1,8,5,4,1,"other_plant"
2020,1,8,5,4,2,"cheatgrass_litter"
2020,1,8,5,4,3,"cheatgrass_litter"
2020,1,8,5,4,4,"other_litter"
2020,1,8,5,4,5,"other_plant"
2020,1,8,5,5,1,"cheatgrass_litter"
2020,1,8,5,5,2,"other_litter"
2020,1,8,5,5,3,"other_litter"
2020,1,8,5,5,4,"other_litter"
2020,1,8,5,5,5,"other_plant"
2020,2,1,1,1,1,"other_plant"
2020,2,1,1,1,2,"other_litter"
2020,2,1,1,1,3,"other_plant"
2020,2,1,1,1,4,"other_plant"
2020,2,1,1,1,5,"other_plant"
2020,2,1,1,2,1,"other_plant"
2020,2,1,1,2,2,"other_plant"
2020,2,1,1,2,3,"other_litter"
2020,2,1,1,2,4,"other_plant"
2020,2,1,1,2,5,"other_plant"
2020,2,1,1,3,1,"other_plant"
2020,2,1,1,3,2,"other_plant"
2020,2,1,1,3,3,"other_plant"
2020,2,1,1,3,4,"other_litter"
2020,2,1,1,3,5,"other_litter"
2020,2,1,1,4,1,"other_plant"
2020,2,1,1,4,2,"other_plant"
2020,2,1,1,4,3,"other_plant"
2020,2,1,1,4,4,"other_litter"
2020,2,1,1,4,5,"other_plant"
2020,2,1,1,5,1,"other_plant"
2020,2,1,1,5,2,"other_plant"
2020,2,1,1,5,3,"other_plant"
2020,2,1,1,5,4,"other_litter"
2020,2,1,1,5,5,"other_plant"
2020,2,1,2,1,1,"other_plant"
2020,2,1,2,1,2,"other_plant"
2020,2,1,2,1,3,"other_plant"
2020,2,1,2,1,4,"other_plant"
2020,2,1,2,1,5,"other_plant"
2020,2,1,2,2,1,"other_plant"
2020,2,1,2,2,2,"other_plant"
2020,2,1,2,2,3,"other_plant"
2020,2,1,2,2,4,"other_plant"
2020,2,1,2,2,5,"other_plant"
2020,2,1,2,3,1,"other_plant"
2020,2,1,2,3,2,"other_plant"
2020,2,1,2,3,3,"other_plant"
2020,2,1,2,3,4,"other_plant"
2020,2,1,2,3,5,"other_plant"
2020,2,1,2,4,1,"other_plant"
2020,2,1,2,4,2,"other_plant"
2020,2,1,2,4,3,"other_plant"
2020,2,1,2,4,4,"other_plant"
2020,2,1,2,4,5,"other_plant"
2020,2,1,2,5,1,"other_plant"
2020,2,1,2,5,2,"other_plant"
2020,2,1,2,5,3,"other_plant"
2020,2,1,2,5,4,"other_plant"
2020,2,1,2,5,5,"other_plant"
2020,2,1,3,1,1,"other_litter"
2020,2,1,3,1,2,"other_plant"
2020,2,1,3,1,3,"other_litter"
2020,2,1,3,1,4,"bare_ground"
2020,2,1,3,1,5,"other_plant"
2020,2,1,3,2,1,"other_plant"
2020,2,1,3,2,2,"other_plant"
2020,2,1,3,2,3,"other_litter"
2020,2,1,3,2,4,"other_litter"
2020,2,1,3,2,5,"other_litter"
2020,2,1,3,3,1,"other_litter"
2020,2,1,3,3,2,"other_litter"
2020,2,1,3,3,3,"other_litter"
2020,2,1,3,3,4,"other_litter"
2020,2,1,3,3,5,"other_litter"
2020,2,1,3,4,1,"other_litter"
2020,2,1,3,4,2,"other_litter"
2020,2,1,3,4,3,"other_litter"
2020,2,1,3,4,4,"other_litter"
2020,2,1,3,4,5,"other_plant"
2020,2,1,3,5,1,"other_litter"
2020,2,1,3,5,2,"other_plant"
2020,2,1,3,5,3,"other_litter"
2020,2,1,3,5,4,"other_plant"
2020,2,1,3,5,5,"other_litter"
2020,2,1,4,1,1,"other_litter"
2020,2,1,4,1,2,"bare_ground"
2020,2,1,4,1,3,"other_plant"
2020,2,1,4,1,4,"other_plant"
2020,2,1,4,1,5,"other_litter"
2020,2,1,4,2,1,"other_plant"
2020,2,1,4,2,2,"other_plant"
2020,2,1,4,2,3,"other_plant"
2020,2,1,4,2,4,"other_litter"
2020,2,1,4,2,5,"other_plant"
2020,2,1,4,3,1,"other_plant"
2020,2,1,4,3,2,"other_plant"
2020,2,1,4,3,3,"other_litter"
2020,2,1,4,3,4,"other_litter"
2020,2,1,4,3,5,"other_plant"
2020,2,1,4,4,1,"other_litter"
2020,2,1,4,4,2,"other_plant"
2020,2,1,4,4,3,"other_plant"
2020,2,1,4,4,4,"other_plant"
2020,2,1,4,4,5,"other_plant"
2020,2,1,4,5,1,"other_plant"
2020,2,1,4,5,2,"other_plant"
2020,2,1,4,5,3,"other_litter"
2020,2,1,4,5,4,"other_plant"
2020,2,1,4,5,5,"other_plant"
2020,2,1,5,1,1,"other_plant"
2020,2,1,5,1,2,"other_plant"
2020,2,1,5,1,3,"other_litter"
2020,2,1,5,1,4,"other_litter"
2020,2,1,5,1,5,"other_litter"
2020,2,1,5,2,1,"other_plant"
2020,2,1,5,2,2,"other_plant"
2020,2,1,5,2,3,"other_litter"
2020,2,1,5,2,4,"other_litter"
2020,2,1,5,2,5,"other_plant"
2020,2,1,5,3,1,"other_litter"
2020,2,1,5,3,2,"other_litter"
2020,2,1,5,3,3,"other_litter"
2020,2,1,5,3,4,"other_litter"
2020,2,1,5,3,5,"other_litter"
2020,2,1,5,4,1,"other_litter"
2020,2,1,5,4,2,"other_litter"
2020,2,1,5,4,3,"other_litter"
2020,2,1,5,4,4,"other_plant"
2020,2,1,5,4,5,"other_plant"
2020,2,1,5,5,1,"other_plant"
2020,2,1,5,5,2,"other_litter"
2020,2,1,5,5,3,"other_litter"
2020,2,1,5,5,4,"other_plant"
2020,2,1,5,5,5,"other_plant"
2020,2,2,1,1,1,"other_litter"
2020,2,2,1,1,2,"other_plant"
2020,2,2,1,1,3,"other_litter"
2020,2,2,1,1,4,"other_plant"
2020,2,2,1,1,5,"other_plant"
2020,2,2,1,2,1,"other_litter"
2020,2,2,1,2,2,"other_plant"
2020,2,2,1,2,3,"other_plant"
2020,2,2,1,2,4,"other_plant"
2020,2,2,1,2,5,"other_litter"
2020,2,2,1,3,1,"other_litter"
2020,2,2,1,3,2,"other_litter"
2020,2,2,1,3,3,"other_plant"
2020,2,2,1,3,4,"other_plant"
2020,2,2,1,3,5,"other_litter"
2020,2,2,1,4,1,"other_litter"
2020,2,2,1,4,2,"other_litter"
2020,2,2,1,4,3,"other_plant"
2020,2,2,1,4,4,"other_plant"
2020,2,2,1,4,5,"other_plant"
2020,2,2,1,5,1,"other_litter"
2020,2,2,1,5,2,"other_litter"
2020,2,2,1,5,3,"other_litter"
2020,2,2,1,5,4,"bare_ground"
2020,2,2,1,5,5,"other_plant"
2020,2,2,2,1,1,"other_plant"
2020,2,2,2,1,2,"other_plant"
2020,2,2,2,1,3,"other_plant"
2020,2,2,2,1,4,"other_plant"
2020,2,2,2,1,5,"other_plant"
2020,2,2,2,2,1,"other_plant"
2020,2,2,2,2,2,"other_plant"
2020,2,2,2,2,3,"other_plant"
2020,2,2,2,2,4,"other_plant"
2020,2,2,2,2,5,"other_plant"
2020,2,2,2,3,1,"other_plant"
2020,2,2,2,3,2,"other_plant"
2020,2,2,2,3,3,"other_plant"
2020,2,2,2,3,4,"other_plant"
2020,2,2,2,3,5,"other_plant"
2020,2,2,2,4,1,"other_plant"
2020,2,2,2,4,2,"other_plant"
2020,2,2,2,4,3,"other_plant"
2020,2,2,2,4,4,"other_plant"
2020,2,2,2,4,5,"other_plant"
2020,2,2,2,5,1,"other_plant"
2020,2,2,2,5,2,"other_plant"
2020,2,2,2,5,3,"other_plant"
2020,2,2,2,5,4,"other_plant"
2020,2,2,2,5,5,"other_plant"
2020,2,2,3,1,1,"other_plant"
2020,2,2,3,1,2,"other_plant"
2020,2,2,3,1,3,"other_plant"
2020,2,2,3,1,4,"other_litter"
2020,2,2,3,1,5,"other_litter"
2020,2,2,3,2,1,"other_plant"
2020,2,2,3,2,2,"other_plant"
2020,2,2,3,2,3,"cheatgrass_plant"
2020,2,2,3,2,4,"other_plant"
2020,2,2,3,2,5,"cheatgrass_plant"
2020,2,2,3,3,1,"other_plant"
2020,2,2,3,3,2,"cheatgrass_plant"
2020,2,2,3,3,3,"cheatgrass_plant"
2020,2,2,3,3,4,"other_plant"
2020,2,2,3,3,5,"other_plant"
2020,2,2,3,4,1,"cheatgrass_plant"
2020,2,2,3,4,2,"other_plant"
2020,2,2,3,4,3,"other_plant"
2020,2,2,3,4,4,"other_plant"
2020,2,2,3,4,5,"other_plant"
2020,2,2,3,5,1,"cheatgrass_plant"
2020,2,2,3,5,2,"other_plant"
2020,2,2,3,5,3,"cheatgrass_plant"
2020,2,2,3,5,4,"other_litter"
2020,2,2,3,5,5,"other_plant"
2020,2,2,4,1,1,"other_plant"
2020,2,2,4,1,2,"other_plant"
2020,2,2,4,1,3,"other_plant"
2020,2,2,4,1,4,"other_plant"
2020,2,2,4,1,5,"other_plant"
2020,2,2,4,2,1,"other_plant"
2020,2,2,4,2,2,"other_plant"
2020,2,2,4,2,3,"other_plant"
2020,2,2,4,2,4,"other_plant"
2020,2,2,4,2,5,"other_plant"
2020,2,2,4,3,1,"other_plant"
2020,2,2,4,3,2,"other_plant"
2020,2,2,4,3,3,"other_plant"
2020,2,2,4,3,4,"other_plant"
2020,2,2,4,3,5,"other_plant"
2020,2,2,4,4,1,"other_plant"
2020,2,2,4,4,2,"other_plant"
2020,2,2,4,4,3,"other_plant"
2020,2,2,4,4,4,"other_plant"
2020,2,2,4,4,5,"other_plant"
2020,2,2,4,5,1,"other_plant"
2020,2,2,4,5,2,"other_plant"
2020,2,2,4,5,3,"other_plant"
2020,2,2,4,5,4,"other_plant"
2020,2,2,4,5,5,"other_plant"
2020,2,2,5,1,1,"other_plant"
2020,2,2,5,1,2,"other_plant"
2020,2,2,5,1,3,"other_plant"
2020,2,2,5,1,4,"other_plant"
2020,2,2,5,1,5,"other_plant"
2020,2,2,5,2,1,"other_plant"
2020,2,2,5,2,2,"other_plant"
2020,2,2,5,2,3,"other_plant"
2020,2,2,5,2,4,"other_plant"
2020,2,2,5,2,5,"other_plant"
2020,2,2,5,3,1,"other_plant"
2020,2,2,5,3,2,"other_plant"
2020,2,2,5,3,3,"other_plant"
2020,2,2,5,3,4,"other_plant"
2020,2,2,5,3,5,"other_plant"
2020,2,2,5,4,1,"other_plant"
2020,2,2,5,4,2,"other_plant"
2020,2,2,5,4,3,"other_plant"
2020,2,2,5,4,4,"other_plant"
2020,2,2,5,4,5,"other_plant"
2020,2,2,5,5,1,"other_plant"
2020,2,2,5,5,2,"other_plant"
2020,2,2,5,5,3,"other_plant"
2020,2,2,5,5,4,"other_plant"
2020,2,2,5,5,5,"other_plant"
2020,2,3,1,1,1,"other_litter"
2020,2,3,1,1,2,"other_litter"
2020,2,3,1,1,3,"other_litter"
2020,2,3,1,1,4,"other_litter"
2020,2,3,1,1,5,"other_plant"
2020,2,3,1,2,1,"other_plant"
2020,2,3,1,2,2,"other_litter"
2020,2,3,1,2,3,"other_plant"
2020,2,3,1,2,4,"other_plant"
2020,2,3,1,2,5,"bare_ground"
2020,2,3,1,3,1,"other_litter"
2020,2,3,1,3,2,"other_litter"
2020,2,3,1,3,3,"other_plant"
2020,2,3,1,3,4,"other_plant"
2020,2,3,1,3,5,"bare_ground"
2020,2,3,1,4,1,"other_litter"
2020,2,3,1,4,2,"bare_ground"
2020,2,3,1,4,3,"bare_ground"
2020,2,3,1,4,4,"other_litter"
2020,2,3,1,4,5,"other_plant"
2020,2,3,1,5,1,"other_litter"
2020,2,3,1,5,2,"other_plant"
2020,2,3,1,5,3,"bare_ground"
2020,2,3,1,5,4,"other_litter"
2020,2,3,1,5,5,"other_litter"
2020,2,3,2,1,1,"other_plant"
2020,2,3,2,1,2,"other_plant"
2020,2,3,2,1,3,"other_plant"
2020,2,3,2,1,4,"other_plant"
2020,2,3,2,1,5,"other_plant"
2020,2,3,2,2,1,"other_plant"
2020,2,3,2,2,2,"other_plant"
2020,2,3,2,2,3,"other_plant"
2020,2,3,2,2,4,"other_plant"
2020,2,3,2,2,5,"other_plant"
2020,2,3,2,3,1,"other_plant"
2020,2,3,2,3,2,"other_plant"
2020,2,3,2,3,3,"other_plant"
2020,2,3,2,3,4,"other_plant"
2020,2,3,2,3,5,"other_plant"
2020,2,3,2,4,1,"other_plant"
2020,2,3,2,4,2,"other_plant"
2020,2,3,2,4,3,"other_plant"
2020,2,3,2,4,4,"other_plant"
2020,2,3,2,4,5,"other_plant"
2020,2,3,2,5,1,"other_plant"
2020,2,3,2,5,2,"other_plant"
2020,2,3,2,5,3,"other_plant"
2020,2,3,2,5,4,"other_plant"
2020,2,3,2,5,5,"other_plant"
2020,2,3,3,1,1,"other_plant"
2020,2,3,3,1,2,"other_plant"
2020,2,3,3,1,3,"other_plant"
2020,2,3,3,1,4,"other_plant"
2020,2,3,3,1,5,"other_plant"
2020,2,3,3,2,1,"other_plant"
2020,2,3,3,2,2,"other_plant"
2020,2,3,3,2,3,"other_plant"
2020,2,3,3,2,4,"other_plant"
2020,2,3,3,2,5,"other_plant"
2020,2,3,3,3,1,"other_plant"
2020,2,3,3,3,2,"other_plant"
2020,2,3,3,3,3,"other_plant"
2020,2,3,3,3,4,"other_plant"
2020,2,3,3,3,5,"other_plant"
2020,2,3,3,4,1,"other_plant"
2020,2,3,3,4,2,"other_plant"
2020,2,3,3,4,3,"other_plant"
2020,2,3,3,4,4,"other_plant"
2020,2,3,3,4,5,"other_plant"
2020,2,3,3,5,1,"other_plant"
2020,2,3,3,5,2,"other_plant"
2020,2,3,3,5,3,"other_plant"
2020,2,3,3,5,4,"other_plant"
2020,2,3,3,5,5,"other_plant"
2020,2,3,4,1,1,"other_plant"
2020,2,3,4,1,2,"other_plant"
2020,2,3,4,1,3,"other_plant"
2020,2,3,4,1,4,"other_plant"
2020,2,3,4,1,5,"other_plant"
2020,2,3,4,2,1,"other_plant"
2020,2,3,4,2,2,"other_plant"
2020,2,3,4,2,3,"other_plant"
2020,2,3,4,2,4,"other_plant"
2020,2,3,4,2,5,"other_plant"
2020,2,3,4,3,1,"other_plant"
2020,2,3,4,3,2,"other_plant"
2020,2,3,4,3,3,"other_plant"
2020,2,3,4,3,4,"other_plant"
2020,2,3,4,3,5,"other_plant"
2020,2,3,4,4,1,"other_plant"
2020,2,3,4,4,2,"other_plant"
2020,2,3,4,4,3,"other_plant"
2020,2,3,4,4,4,"other_plant"
2020,2,3,4,4,5,"other_plant"
2020,2,3,4,5,1,"other_plant"
2020,2,3,4,5,2,"other_plant"
2020,2,3,4,5,3,"other_plant"
2020,2,3,4,5,4,"other_plant"
2020,2,3,4,5,5,"other_plant"
2020,2,3,5,1,1,"other_plant"
2020,2,3,5,1,2,"other_litter"
2020,2,3,5,1,3,"other_plant"
2020,2,3,5,1,4,"other_plant"
2020,2,3,5,1,5,"other_plant"
2020,2,3,5,2,1,"other_plant"
2020,2,3,5,2,2,"other_plant"
2020,2,3,5,2,3,"other_litter"
2020,2,3,5,2,4,"other_plant"
2020,2,3,5,2,5,"other_litter"
2020,2,3,5,3,1,"other_litter"
2020,2,3,5,3,2,"other_plant"
2020,2,3,5,3,3,"other_plant"
2020,2,3,5,3,4,"other_plant"
2020,2,3,5,3,5,"other_plant"
2020,2,3,5,4,1,"other_plant"
2020,2,3,5,4,2,"other_plant"
2020,2,3,5,4,3,"other_plant"
2020,2,3,5,4,4,"other_plant"
2020,2,3,5,4,5,"other_plant"
2020,2,3,5,5,1,"other_litter"
2020,2,3,5,5,2,"other_plant"
2020,2,3,5,5,3,"other_plant"
2020,2,3,5,5,4,"other_litter"
2020,2,3,5,5,5,"other_litter"
2020,2,4,1,1,1,"other_plant"
2020,2,4,1,1,2,"other_plant"
2020,2,4,1,1,3,"other_plant"
2020,2,4,1,1,4,"other_plant"
2020,2,4,1,1,5,"other_plant"
2020,2,4,1,2,1,"other_plant"
2020,2,4,1,2,2,"other_plant"
2020,2,4,1,2,3,"other_plant"
2020,2,4,1,2,4,"other_plant"
2020,2,4,1,2,5,"other_plant"
2020,2,4,1,3,1,"other_plant"
2020,2,4,1,3,2,"other_plant"
2020,2,4,1,3,3,"other_plant"
2020,2,4,1,3,4,"other_plant"
2020,2,4,1,3,5,"other_plant"
2020,2,4,1,4,1,"other_plant"
2020,2,4,1,4,2,"other_plant"
2020,2,4,1,4,3,"other_plant"
2020,2,4,1,4,4,"other_plant"
2020,2,4,1,4,5,"other_plant"
2020,2,4,1,5,1,"other_plant"
2020,2,4,1,5,2,"other_plant"
2020,2,4,1,5,3,"other_plant"
2020,2,4,1,5,4,"other_plant"
2020,2,4,1,5,5,"other_plant"
2020,2,4,2,1,1,"other_plant"
2020,2,4,2,1,2,"other_plant"
2020,2,4,2,1,3,"other_plant"
2020,2,4,2,1,4,"other_plant"
2020,2,4,2,1,5,"other_plant"
2020,2,4,2,2,1,"other_plant"
2020,2,4,2,2,2,"other_plant"
2020,2,4,2,2,3,"other_plant"
2020,2,4,2,2,4,"other_plant"
2020,2,4,2,2,5,"other_plant"
2020,2,4,2,3,1,"other_plant"
2020,2,4,2,3,2,"other_plant"
2020,2,4,2,3,3,"other_plant"
2020,2,4,2,3,4,"other_plant"
2020,2,4,2,3,5,"other_plant"
2020,2,4,2,4,1,"other_plant"
2020,2,4,2,4,2,"other_plant"
2020,2,4,2,4,3,"other_plant"
2020,2,4,2,4,4,"other_plant"
2020,2,4,2,4,5,"other_plant"
2020,2,4,2,5,1,"other_plant"
2020,2,4,2,5,2,"other_plant"
2020,2,4,2,5,3,"other_plant"
2020,2,4,2,5,4,"other_plant"
2020,2,4,2,5,5,"other_plant"
2020,2,4,3,1,1,"other_plant"
2020,2,4,3,1,2,"other_plant"
2020,2,4,3,1,3,"other_plant"
2020,2,4,3,1,4,"other_plant"
2020,2,4,3,1,5,"other_plant"
2020,2,4,3,2,1,"other_plant"
2020,2,4,3,2,2,"other_plant"
2020,2,4,3,2,3,"other_plant"
2020,2,4,3,2,4,"other_plant"
2020,2,4,3,2,5,"other_plant"
2020,2,4,3,3,1,"other_plant"
2020,2,4,3,3,2,"other_plant"
2020,2,4,3,3,3,"other_plant"
2020,2,4,3,3,4,"other_plant"
2020,2,4,3,3,5,"other_plant"
2020,2,4,3,4,1,"other_plant"
2020,2,4,3,4,2,"other_plant"
2020,2,4,3,4,3,"other_plant"
2020,2,4,3,4,4,"other_plant"
2020,2,4,3,4,5,"other_plant"
2020,2,4,3,5,1,"other_plant"
2020,2,4,3,5,2,"other_plant"
2020,2,4,3,5,3,"other_plant"
2020,2,4,3,5,4,"other_plant"
2020,2,4,3,5,5,"other_plant"
2020,2,4,4,1,1,"other_plant"
2020,2,4,4,1,2,"other_plant"
2020,2,4,4,1,3,"other_plant"
2020,2,4,4,1,4,"other_plant"
2020,2,4,4,1,5,"other_plant"
2020,2,4,4,2,1,"other_plant"
2020,2,4,4,2,2,"other_plant"
2020,2,4,4,2,3,"other_plant"
2020,2,4,4,2,4,"other_plant"
2020,2,4,4,2,5,"other_plant"
2020,2,4,4,3,1,"other_plant"
2020,2,4,4,3,2,"other_plant"
2020,2,4,4,3,3,"other_plant"
2020,2,4,4,3,4,"other_plant"
2020,2,4,4,3,5,"other_plant"
2020,2,4,4,4,1,"other_plant"
2020,2,4,4,4,2,"other_plant"
2020,2,4,4,4,3,"other_plant"
2020,2,4,4,4,4,"other_plant"
2020,2,4,4,4,5,"other_plant"
2020,2,4,4,5,1,"other_plant"
2020,2,4,4,5,2,"other_plant"
2020,2,4,4,5,3,"other_plant"
2020,2,4,4,5,4,"other_plant"
2020,2,4,4,5,5,"other_plant"
2020,2,4,5,1,1,"cheatgrass_plant"
2020,2,4,5,1,2,"cheatgrass_litter"
2020,2,4,5,1,3,"other_plant"
2020,2,4,5,1,4,"cheatgrass_plant"
2020,2,4,5,1,5,"cheatgrass_litter"
2020,2,4,5,2,1,"cheatgrass_plant"
2020,2,4,5,2,2,"cheatgrass_litter"
2020,2,4,5,2,3,"cheatgrass_litter"
2020,2,4,5,2,4,"cheatgrass_litter"
2020,2,4,5,2,5,"cheatgrass_litter"
2020,2,4,5,3,1,"cheatgrass_litter"
2020,2,4,5,3,2,"cheatgrass_plant"
2020,2,4,5,3,3,"cheatgrass_plant"
2020,2,4,5,3,4,"other_plant"
2020,2,4,5,3,5,"cheatgrass_litter"
2020,2,4,5,4,1,"cheatgrass_plant"
2020,2,4,5,4,2,"cheatgrass_plant"
2020,2,4,5,4,3,"cheatgrass_litter"
2020,2,4,5,4,4,"cheatgrass_litter"
2020,2,4,5,4,5,"cheatgrass_litter"
2020,2,4,5,5,1,"cheatgrass_litter"
2020,2,4,5,5,2,"cheatgrass_litter"
2020,2,4,5,5,3,"cheatgrass_litter"
2020,2,4,5,5,4,"cheatgrass_litter"
2020,2,4,5,5,5,"cheatgrass_plant"
2020,2,5,1,1,1,"other_litter"
2020,2,5,1,1,2,"other_litter"
2020,2,5,1,1,3,"other_litter"
2020,2,5,1,1,4,"other_litter"
2020,2,5,1,1,5,"other_litter"
2020,2,5,1,2,1,"other_plant"
2020,2,5,1,2,2,"other_plant"
2020,2,5,1,2,3,"other_litter"
2020,2,5,1,2,4,"other_litter"
2020,2,5,1,2,5,"other_litter"
2020,2,5,1,3,1,"other_litter"
2020,2,5,1,3,2,"bare_ground"
2020,2,5,1,3,3,"other_litter"
2020,2,5,1,3,4,"other_plant"
2020,2,5,1,3,5,"other_plant"
2020,2,5,1,4,1,"other_litter"
2020,2,5,1,4,2,"other_litter"
2020,2,5,1,4,3,"other_litter"
2020,2,5,1,4,4,"other_plant"
2020,2,5,1,4,5,"other_plant"
2020,2,5,1,5,1,"other_litter"
2020,2,5,1,5,2,"other_plant"
2020,2,5,1,5,3,"other_plant"
2020,2,5,1,5,4,"other_plant"
2020,2,5,1,5,5,"other_plant"
2020,2,5,2,1,1,"bare_ground"
2020,2,5,2,1,2,"other_litter"
2020,2,5,2,1,3,"other_litter"
2020,2,5,2,1,4,"other_litter"
2020,2,5,2,1,5,"other_litter"
2020,2,5,2,2,1,"bare_ground"
2020,2,5,2,2,2,"other_litter"
2020,2,5,2,2,3,"other_litter"
2020,2,5,2,2,4,"other_litter"
2020,2,5,2,2,5,"other_litter"
2020,2,5,2,3,1,"other_litter"
2020,2,5,2,3,2,"other_litter"
2020,2,5,2,3,3,"other_plant"
2020,2,5,2,3,4,"other_plant"
2020,2,5,2,3,5,"other_plant"
2020,2,5,2,4,1,"other_litter"
2020,2,5,2,4,2,"other_litter"
2020,2,5,2,4,3,"other_litter"
2020,2,5,2,4,4,"other_plant"
2020,2,5,2,4,5,"other_plant"
2020,2,5,2,5,1,"other_litter"
2020,2,5,2,5,2,"other_litter"
2020,2,5,2,5,3,"other_litter"
2020,2,5,2,5,4,"other_litter"
2020,2,5,2,5,5,"other_plant"
2020,2,5,3,1,1,"other_plant"
2020,2,5,3,1,2,"other_plant"
2020,2,5,3,1,3,"other_plant"
2020,2,5,3,1,4,"other_plant"
2020,2,5,3,1,5,"other_plant"
2020,2,5,3,2,1,"other_plant"
2020,2,5,3,2,2,"other_plant"
2020,2,5,3,2,3,"other_plant"
2020,2,5,3,2,4,"other_plant"
2020,2,5,3,2,5,"other_plant"
2020,2,5,3,3,1,"other_plant"
2020,2,5,3,3,2,"other_plant"
2020,2,5,3,3,3,"other_plant"
2020,2,5,3,3,4,"other_plant"
2020,2,5,3,3,5,"other_plant"
2020,2,5,3,4,1,"other_plant"
2020,2,5,3,4,2,"other_plant"
2020,2,5,3,4,3,"other_plant"
2020,2,5,3,4,4,"other_plant"
2020,2,5,3,4,5,"other_plant"
2020,2,5,3,5,1,"other_plant"
2020,2,5,3,5,2,"other_plant"
2020,2,5,3,5,3,"other_plant"
2020,2,5,3,5,4,"other_plant"
2020,2,5,3,5,5,"other_plant"
2020,2,5,4,1,1,"other_plant"
2020,2,5,4,1,2,"bare_ground"
2020,2,5,4,1,3,"other_plant"
2020,2,5,4,1,4,"other_plant"
2020,2,5,4,1,5,"other_plant"
2020,2,5,4,2,1,"other_plant"
2020,2,5,4,2,2,"other_plant"
2020,2,5,4,2,3,"other_litter"
2020,2,5,4,2,4,"other_plant"
2020,2,5,4,2,5,"other_plant"
2020,2,5,4,3,1,"other_litter"
2020,2,5,4,3,2,"other_plant"
2020,2,5,4,3,3,"other_litter"
2020,2,5,4,3,4,"other_litter"
2020,2,5,4,3,5,"other_plant"
2020,2,5,4,4,1,"other_litter"
2020,2,5,4,4,2,"other_plant"
2020,2,5,4,4,3,"other_litter"
2020,2,5,4,4,4,"other_plant"
2020,2,5,4,4,5,"other_plant"
2020,2,5,4,5,1,"other_plant"
2020,2,5,4,5,2,"other_plant"
2020,2,5,4,5,3,"other_plant"
2020,2,5,4,5,4,"other_litter"
2020,2,5,4,5,5,"other_litter"
2020,2,5,5,1,1,"other_plant"
2020,2,5,5,1,2,"other_plant"
2020,2,5,5,1,3,"other_plant"
2020,2,5,5,1,4,"other_plant"
2020,2,5,5,1,5,"other_plant"
2020,2,5,5,2,1,"other_plant"
2020,2,5,5,2,2,"other_plant"
2020,2,5,5,2,3,"other_plant"
2020,2,5,5,2,4,"other_plant"
2020,2,5,5,2,5,"other_plant"
2020,2,5,5,3,1,"other_plant"
2020,2,5,5,3,2,"other_plant"
2020,2,5,5,3,3,"other_plant"
2020,2,5,5,3,4,"other_plant"
2020,2,5,5,3,5,"other_plant"
2020,2,5,5,4,1,"other_plant"
2020,2,5,5,4,2,"other_plant"
2020,2,5,5,4,3,"other_plant"
2020,2,5,5,4,4,"other_plant"
2020,2,5,5,4,5,"other_plant"
2020,2,5,5,5,1,"other_plant"
2020,2,5,5,5,2,"other_plant"
2020,2,5,5,5,3,"other_plant"
2020,2,5,5,5,4,"other_plant"
2020,2,5,5,5,5,"other_plant"
2020,2,6,1,1,1,"other_plant"
2020,2,6,1,1,2,"other_plant"
2020,2,6,1,1,3,"other_plant"
2020,2,6,1,1,4,"other_litter"
2020,2,6,1,1,5,"other_litter"
2020,2,6,1,2,1,"other_litter"
2020,2,6,1,2,2,"other_litter"
2020,2,6,1,2,3,"other_litter"
2020,2,6,1,2,4,"other_plant"
2020,2,6,1,2,5,"other_plant"
2020,2,6,1,3,1,"other_plant"
2020,2,6,1,3,2,"other_litter"
2020,2,6,1,3,3,"other_litter"
2020,2,6,1,3,4,"other_litter"
2020,2,6,1,3,5,"other_litter"
2020,2,6,1,4,1,"other_litter"
2020,2,6,1,4,2,"other_plant"
2020,2,6,1,4,3,"other_plant"
2020,2,6,1,4,4,"other_litter"
2020,2,6,1,4,5,"other_plant"
2020,2,6,1,5,1,"other_litter"
2020,2,6,1,5,2,"other_plant"
2020,2,6,1,5,3,"other_litter"
2020,2,6,1,5,4,"other_plant"
2020,2,6,1,5,5,"other_litter"
2020,2,6,2,1,1,"other_plant"
2020,2,6,2,1,2,"other_plant"
2020,2,6,2,1,3,"other_plant"
2020,2,6,2,1,4,"other_plant"
2020,2,6,2,1,5,"other_plant"
2020,2,6,2,2,1,"other_litter"
2020,2,6,2,2,2,"other_litter"
2020,2,6,2,2,3,"other_litter"
2020,2,6,2,2,4,"other_litter"
2020,2,6,2,2,5,"other_plant"
2020,2,6,2,3,1,"other_litter"
2020,2,6,2,3,2,"other_plant"
2020,2,6,2,3,3,"other_plant"
2020,2,6,2,3,4,"other_plant"
2020,2,6,2,3,5,"other_litter"
2020,2,6,2,4,1,"other_plant"
2020,2,6,2,4,2,"other_plant"
2020,2,6,2,4,3,"other_plant"
2020,2,6,2,4,4,"other_litter"
2020,2,6,2,4,5,"other_litter"
2020,2,6,2,5,1,"other_plant"
2020,2,6,2,5,2,"other_plant"
2020,2,6,2,5,3,"other_plant"
2020,2,6,2,5,4,"other_plant"
2020,2,6,2,5,5,"other_litter"
2020,2,6,3,1,1,"other_litter"
2020,2,6,3,1,2,"other_litter"
2020,2,6,3,1,3,"other_litter"
2020,2,6,3,1,4,"other_litter"
2020,2,6,3,1,5,"other_plant"
2020,2,6,3,2,1,"other_plant"
2020,2,6,3,2,2,"other_litter"
2020,2,6,3,2,3,"other_litter"
2020,2,6,3,2,4,"other_plant"
2020,2,6,3,2,5,"other_plant"
2020,2,6,3,3,1,"other_litter"
2020,2,6,3,3,2,"other_plant"
2020,2,6,3,3,3,"other_plant"
2020,2,6,3,3,4,"other_litter"
2020,2,6,3,3,5,"other_litter"
2020,2,6,3,4,1,"other_plant"
2020,2,6,3,4,2,"other_litter"
2020,2,6,3,4,3,"other_litter"
2020,2,6,3,4,4,"other_plant"
2020,2,6,3,4,5,"other_plant"
2020,2,6,3,5,1,"other_litter"
2020,2,6,3,5,2,"other_litter"
2020,2,6,3,5,3,"other_plant"
2020,2,6,3,5,4,"other_litter"
2020,2,6,3,5,5,"other_litter"
2020,2,6,4,1,1,"other_litter"
2020,2,6,4,1,2,"other_litter"
2020,2,6,4,1,3,"other_litter"
2020,2,6,4,1,4,"other_litter"
2020,2,6,4,1,5,"other_litter"
2020,2,6,4,2,1,"other_litter"
2020,2,6,4,2,2,"other_plant"
2020,2,6,4,2,3,"other_plant"
2020,2,6,4,2,4,"other_plant"
2020,2,6,4,2,5,"other_litter"
2020,2,6,4,3,1,"other_plant"
2020,2,6,4,3,2,"other_litter"
2020,2,6,4,3,3,"other_litter"
2020,2,6,4,3,4,"other_litter"
2020,2,6,4,3,5,"other_plant"
2020,2,6,4,4,1,"other_litter"
2020,2,6,4,4,2,"other_litter"
2020,2,6,4,4,3,"other_litter"
2020,2,6,4,4,4,"other_plant"
2020,2,6,4,4,5,"other_plant"
2020,2,6,4,5,1,"other_litter"
2020,2,6,4,5,2,"other_litter"
2020,2,6,4,5,3,"other_litter"
2020,2,6,4,5,4,"other_litter"
2020,2,6,4,5,5,"other_plant"
2020,2,6,5,1,1,"other_litter"
2020,2,6,5,1,2,"other_litter"
2020,2,6,5,1,3,"other_plant"
2020,2,6,5,1,4,"other_litter"
2020,2,6,5,1,5,"other_plant"
2020,2,6,5,2,1,"other_litter"
2020,2,6,5,2,2,"other_plant"
2020,2,6,5,2,3,"other_litter"
2020,2,6,5,2,4,"other_plant"
2020,2,6,5,2,5,"other_litter"
2020,2,6,5,3,1,"other_plant"
2020,2,6,5,3,2,"other_litter"
2020,2,6,5,3,3,"other_plant"
2020,2,6,5,3,4,"other_plant"
2020,2,6,5,3,5,"other_litter"
2020,2,6,5,4,1,"other_plant"
2020,2,6,5,4,2,"other_litter"
2020,2,6,5,4,3,"other_litter"
2020,2,6,5,4,4,"other_litter"
2020,2,6,5,4,5,"other_litter"
2020,2,6,5,5,1,"other_litter"
2020,2,6,5,5,2,"other_litter"
2020,2,6,5,5,3,"other_litter"
2020,2,6,5,5,4,"other_litter"
2020,2,6,5,5,5,"other_plant"
2020,2,7,1,1,1,"other_litter"
2020,2,7,1,1,2,"other_plant"
2020,2,7,1,1,3,"other_litter"
2020,2,7,1,1,4,"other_plant"
2020,2,7,1,1,5,"other_plant"
2020,2,7,1,2,1,"other_litter"
2020,2,7,1,2,2,"other_litter"
2020,2,7,1,2,3,"other_litter"
2020,2,7,1,2,4,"other_plant"
2020,2,7,1,2,5,"other_plant"
2020,2,7,1,3,1,"other_litter"
2020,2,7,1,3,2,"other_litter"
2020,2,7,1,3,3,"other_litter"
2020,2,7,1,3,4,"other_plant"
2020,2,7,1,3,5,"other_plant"
2020,2,7,1,4,1,"other_litter"
2020,2,7,1,4,2,"other_litter"
2020,2,7,1,4,3,"other_plant"
2020,2,7,1,4,4,"other_plant"
2020,2,7,1,4,5,"other_plant"
2020,2,7,1,5,1,"other_litter"
2020,2,7,1,5,2,"other_litter"
2020,2,7,1,5,3,"other_litter"
2020,2,7,1,5,4,"other_litter"
2020,2,7,1,5,5,"other_litter"
2020,2,7,2,1,1,"other_plant"
2020,2,7,2,1,2,"other_plant"
2020,2,7,2,1,3,"other_litter"
2020,2,7,2,1,4,"other_plant"
2020,2,7,2,1,5,"other_litter"
2020,2,7,2,2,1,"other_plant"
2020,2,7,2,2,2,"other_litter"
2020,2,7,2,2,3,"other_plant"
2020,2,7,2,2,4,"other_plant"
2020,2,7,2,2,5,"other_litter"
2020,2,7,2,3,1,"other_plant"
2020,2,7,2,3,2,"other_litter"
2020,2,7,2,3,3,"other_litter"
2020,2,7,2,3,4,"other_plant"
2020,2,7,2,3,5,"other_plant"
2020,2,7,2,4,1,"other_plant"
2020,2,7,2,4,2,"other_litter"
2020,2,7,2,4,3,"other_litter"
2020,2,7,2,4,4,"other_plant"
2020,2,7,2,4,5,"other_litter"
2020,2,7,2,5,1,"other_litter"
2020,2,7,2,5,2,"other_litter"
2020,2,7,2,5,3,"other_litter"
2020,2,7,2,5,4,"other_plant"
2020,2,7,2,5,5,"other_plant"
2020,2,7,3,1,1,"other_litter"
2020,2,7,3,1,2,"other_litter"
2020,2,7,3,1,3,"other_plant"
2020,2,7,3,1,4,"other_plant"
2020,2,7,3,1,5,"other_plant"
2020,2,7,3,2,1,"other_litter"
2020,2,7,3,2,2,"other_plant"
2020,2,7,3,2,3,"other_plant"
2020,2,7,3,2,4,"other_litter"
2020,2,7,3,2,5,"other_plant"
2020,2,7,3,3,1,"other_plant"
2020,2,7,3,3,2,"other_plant"
2020,2,7,3,3,3,"other_plant"
2020,2,7,3,3,4,"other_litter"
2020,2,7,3,3,5,"other_plant"
2020,2,7,3,4,1,"other_plant"
2020,2,7,3,4,2,"other_litter"
2020,2,7,3,4,3,"other_litter"
2020,2,7,3,4,4,"other_litter"
2020,2,7,3,4,5,"other_plant"
2020,2,7,3,5,1,"other_plant"
2020,2,7,3,5,2,"other_litter"
2020,2,7,3,5,3,"other_plant"
2020,2,7,3,5,4,"other_plant"
2020,2,7,3,5,5,"other_plant"
2020,2,7,4,1,1,"other_plant"
2020,2,7,4,1,2,"other_plant"
2020,2,7,4,1,3,"other_plant"
2020,2,7,4,1,4,"other_plant"
2020,2,7,4,1,5,"other_litter"
2020,2,7,4,2,1,"other_litter"
2020,2,7,4,2,2,"other_plant"
2020,2,7,4,2,3,"other_litter"
2020,2,7,4,2,4,"other_litter"
2020,2,7,4,2,5,"other_plant"
2020,2,7,4,3,1,"other_plant"
2020,2,7,4,3,2,"other_plant"
2020,2,7,4,3,3,"other_plant"
2020,2,7,4,3,4,"other_plant"
2020,2,7,4,3,5,"other_plant"
2020,2,7,4,4,1,"other_litter"
2020,2,7,4,4,2,"other_litter"
2020,2,7,4,4,3,"other_litter"
2020,2,7,4,4,4,"other_plant"
2020,2,7,4,4,5,"other_litter"
2020,2,7,4,5,1,"other_litter"
2020,2,7,4,5,2,"other_plant"
2020,2,7,4,5,3,"other_litter"
2020,2,7,4,5,4,"other_litter"
2020,2,7,4,5,5,"other_plant"
2020,2,7,5,1,1,"bare_ground"
2020,2,7,5,1,2,"other_litter"
2020,2,7,5,1,3,"bare_ground"
2020,2,7,5,1,4,"other_litter"
2020,2,7,5,1,5,"bare_ground"
2020,2,7,5,2,1,"other_litter"
2020,2,7,5,2,2,"other_plant"
2020,2,7,5,2,3,"other_litter"
2020,2,7,5,2,4,"other_litter"
2020,2,7,5,2,5,"other_plant"
2020,2,7,5,3,1,"other_plant"
2020,2,7,5,3,2,"other_plant"
2020,2,7,5,3,3,"other_litter"
2020,2,7,5,3,4,"other_plant"
2020,2,7,5,3,5,"other_litter"
2020,2,7,5,4,1,"bare_ground"
2020,2,7,5,4,2,"other_plant"
2020,2,7,5,4,3,"other_litter"
2020,2,7,5,4,4,"other_plant"
2020,2,7,5,4,5,"bare_ground"
2020,2,7,5,5,1,"other_plant"
2020,2,7,5,5,2,"bare_ground"
2020,2,7,5,5,3,"other_litter"
2020,2,7,5,5,4,"other_plant"
2020,2,7,5,5,5,"other_plant"
2020,2,8,1,1,1,"other_plant"
2020,2,8,1,1,2,"other_plant"
2020,2,8,1,1,3,"other_plant"
2020,2,8,1,1,4,"other_plant"
2020,2,8,1,1,5,"other_plant"
2020,2,8,1,2,1,"other_plant"
2020,2,8,1,2,2,"other_plant"
2020,2,8,1,2,3,"other_plant"
2020,2,8,1,2,4,"other_plant"
2020,2,8,1,2,5,"other_plant"
2020,2,8,1,3,1,"other_plant"
2020,2,8,1,3,2,"other_plant"
2020,2,8,1,3,3,"other_plant"
2020,2,8,1,3,4,"other_plant"
2020,2,8,1,3,5,"other_plant"
2020,2,8,1,4,1,"other_plant"
2020,2,8,1,4,2,"other_plant"
2020,2,8,1,4,3,"other_plant"
2020,2,8,1,4,4,"other_plant"
2020,2,8,1,4,5,"other_plant"
2020,2,8,1,5,1,"other_plant"
2020,2,8,1,5,2,"other_plant"
2020,2,8,1,5,3,"other_plant"
2020,2,8,1,5,4,"other_plant"
2020,2,8,1,5,5,"other_plant"
2020,2,8,2,1,1,"other_litter"
2020,2,8,2,1,2,"other_litter"
2020,2,8,2,1,3,"other_litter"
2020,2,8,2,1,4,"other_plant"
2020,2,8,2,1,5,"other_litter"
2020,2,8,2,2,1,"other_litter"
2020,2,8,2,2,2,"other_litter"
2020,2,8,2,2,3,"other_litter"
2020,2,8,2,2,4,"other_plant"
2020,2,8,2,2,5,"other_litter"
2020,2,8,2,3,1,"cheatgrass_plant"
2020,2,8,2,3,2,"other_litter"
2020,2,8,2,3,3,"other_plant"
2020,2,8,2,3,4,"other_litter"
2020,2,8,2,3,5,"other_litter"
2020,2,8,2,4,1,"other_litter"
2020,2,8,2,4,2,"other_litter"
2020,2,8,2,4,3,"other_litter"
2020,2,8,2,4,4,"other_plant"
2020,2,8,2,4,5,"other_plant"
2020,2,8,2,5,1,"other_litter"
2020,2,8,2,5,2,"other_litter"
2020,2,8,2,5,3,"other_plant"
2020,2,8,2,5,4,"other_plant"
2020,2,8,2,5,5,"other_plant"
2020,2,8,3,1,1,"other_plant"
2020,2,8,3,1,2,"other_plant"
2020,2,8,3,1,3,"other_plant"
2020,2,8,3,1,4,"other_plant"
2020,2,8,3,1,5,"other_plant"
2020,2,8,3,2,1,"other_plant"
2020,2,8,3,2,2,"other_plant"
2020,2,8,3,2,3,"other_plant"
2020,2,8,3,2,4,"other_plant"
2020,2,8,3,2,5,"other_litter"
2020,2,8,3,3,1,"other_litter"
2020,2,8,3,3,2,"other_plant"
2020,2,8,3,3,3,"other_plant"
2020,2,8,3,3,4,"other_plant"
2020,2,8,3,3,5,"other_plant"
2020,2,8,3,4,1,"other_plant"
2020,2,8,3,4,2,"other_litter"
2020,2,8,3,4,3,"other_plant"
2020,2,8,3,4,4,"other_litter"
2020,2,8,3,4,5,"other_plant"
2020,2,8,3,5,1,"other_litter"
2020,2,8,3,5,2,"other_plant"
2020,2,8,3,5,3,"other_litter"
2020,2,8,3,5,4,"other_plant"
2020,2,8,3,5,5,"other_plant"
2020,2,8,4,1,1,"other_plant"
2020,2,8,4,1,2,"other_plant"
2020,2,8,4,1,3,"other_litter"
2020,2,8,4,1,4,"other_litter"
2020,2,8,4,1,5,"other_litter"
2020,2,8,4,2,1,"other_litter"
2020,2,8,4,2,2,"other_litter"
2020,2,8,4,2,3,"other_litter"
2020,2,8,4,2,4,"other_litter"
2020,2,8,4,2,5,"other_litter"
2020,2,8,4,3,1,"other_plant"
2020,2,8,4,3,2,"other_plant"
2020,2,8,4,3,3,"other_litter"
2020,2,8,4,3,4,"other_plant"
2020,2,8,4,3,5,"other_plant"
2020,2,8,4,4,1,"other_plant"
2020,2,8,4,4,2,"other_plant"
2020,2,8,4,4,3,"other_litter"
2020,2,8,4,4,4,"other_plant"
2020,2,8,4,4,5,"other_plant"
2020,2,8,4,5,1,"other_plant"
2020,2,8,4,5,2,"other_litter"
2020,2,8,4,5,3,"other_plant"
2020,2,8,4,5,4,"other_plant"
2020,2,8,4,5,5,"other_plant"
2020,2,8,5,1,1,"other_plant"
2020,2,8,5,1,2,"other_litter"
2020,2,8,5,1,3,"other_litter"
2020,2,8,5,1,4,"other_litter"
2020,2,8,5,1,5,"other_litter"
2020,2,8,5,2,1,"other_plant"
2020,2,8,5,2,2,"other_litter"
2020,2,8,5,2,3,"other_litter"
2020,2,8,5,2,4,"other_litter"
2020,2,8,5,2,5,"other_litter"
2020,2,8,5,3,1,"other_plant"
2020,2,8,5,3,2,"other_litter"
2020,2,8,5,3,3,"other_plant"
2020,2,8,5,3,4,"other_litter"
2020,2,8,5,3,5,"other_plant"
2020,2,8,5,4,1,"bare_ground"
2020,2,8,5,4,2,"other_plant"
2020,2,8,5,4,3,"other_plant"
2020,2,8,5,4,4,"other_litter"
2020,2,8,5,4,5,"other_litter"
2020,2,8,5,5,1,"other_plant"
2020,2,8,5,5,2,"other_plant"
2020,2,8,5,5,3,"other_litter"
2020,2,8,5,5,4,"other_litter"
2020,2,8,5,5,5,"other_plant"
2020,3,1,1,1,1,"other_litter"
2020,3,1,1,1,2,"other_litter"
2020,3,1,1,1,3,"other_plant"
2020,3,1,1,1,4,"other_plant"
2020,3,1,1,1,5,"other_plant"
2020,3,1,1,2,1,"other_litter"
2020,3,1,1,2,2,"other_plant"
2020,3,1,1,2,3,"other_plant"
2020,3,1,1,2,4,"other_litter"
2020,3,1,1,2,5,"other_litter"
2020,3,1,1,3,1,"other_plant"
2020,3,1,1,3,2,"other_litter"
2020,3,1,1,3,3,"other_plant"
2020,3,1,1,3,4,"other_plant"
2020,3,1,1,3,5,"other_plant"
2020,3,1,1,4,1,"other_plant"
2020,3,1,1,4,2,"other_litter"
2020,3,1,1,4,3,"other_plant"
2020,3,1,1,4,4,"other_plant"
2020,3,1,1,4,5,"other_litter"
2020,3,1,1,5,1,"other_plant"
2020,3,1,1,5,2,"other_litter"
2020,3,1,1,5,3,"other_plant"
2020,3,1,1,5,4,"other_plant"
2020,3,1,1,5,5,"other_plant"
2020,3,1,2,1,1,"other_litter"
2020,3,1,2,1,2,"other_litter"
2020,3,1,2,1,3,"other_litter"
2020,3,1,2,1,4,"other_plant"
2020,3,1,2,1,5,"other_plant"
2020,3,1,2,2,1,"other_plant"
2020,3,1,2,2,2,"other_plant"
2020,3,1,2,2,3,"other_litter"
2020,3,1,2,2,4,"other_litter"
2020,3,1,2,2,5,"other_plant"
2020,3,1,2,3,1,"other_plant"
2020,3,1,2,3,2,"other_plant"
2020,3,1,2,3,3,"other_plant"
2020,3,1,2,3,4,"other_litter"
2020,3,1,2,3,5,"other_litter"
2020,3,1,2,4,1,"other_plant"
2020,3,1,2,4,2,"other_litter"
2020,3,1,2,4,3,"other_plant"
2020,3,1,2,4,4,"other_litter"
2020,3,1,2,4,5,"other_litter"
2020,3,1,2,5,1,"other_litter"
2020,3,1,2,5,2,"other_litter"
2020,3,1,2,5,3,"other_litter"
2020,3,1,2,5,4,"other_litter"
2020,3,1,2,5,5,"bare_ground"
2020,3,1,3,1,1,"other_plant"
2020,3,1,3,1,2,"other_plant"
2020,3,1,3,1,3,"other_plant"
2020,3,1,3,1,4,"other_plant"
2020,3,1,3,1,5,"other_plant"
2020,3,1,3,2,1,"other_plant"
2020,3,1,3,2,2,"other_plant"
2020,3,1,3,2,3,"other_plant"
2020,3,1,3,2,4,"other_plant"
2020,3,1,3,2,5,"other_plant"
2020,3,1,3,3,1,"other_litter"
2020,3,1,3,3,2,"other_litter"
2020,3,1,3,3,3,"other_plant"
2020,3,1,3,3,4,"other_plant"
2020,3,1,3,3,5,"other_plant"
2020,3,1,3,4,1,"other_litter"
2020,3,1,3,4,2,"bare_ground"
2020,3,1,3,4,3,"other_plant"
2020,3,1,3,4,4,"other_plant"
2020,3,1,3,4,5,"other_plant"
2020,3,1,3,5,1,"other_litter"
2020,3,1,3,5,2,"other_plant"
2020,3,1,3,5,3,"other_plant"
2020,3,1,3,5,4,"other_plant"
2020,3,1,3,5,5,"other_plant"
2020,3,1,4,1,1,"other_litter"
2020,3,1,4,1,2,"other_plant"
2020,3,1,4,1,3,"bare_ground"
2020,3,1,4,1,4,"bare_ground"
2020,3,1,4,1,5,"bare_ground"
2020,3,1,4,2,1,"other_litter"
2020,3,1,4,2,2,"other_plant"
2020,3,1,4,2,3,"other_plant"
2020,3,1,4,2,4,"bare_ground"
2020,3,1,4,2,5,"bare_ground"
2020,3,1,4,3,1,"other_plant"
2020,3,1,4,3,2,"other_litter"
2020,3,1,4,3,3,"other_plant"
2020,3,1,4,3,4,"other_plant"
2020,3,1,4,3,5,"other_litter"
2020,3,1,4,4,1,"other_litter"
2020,3,1,4,4,2,"other_plant"
2020,3,1,4,4,3,"other_litter"
2020,3,1,4,4,4,"other_plant"
2020,3,1,4,4,5,"other_plant"
2020,3,1,4,5,1,"other_plant"
2020,3,1,4,5,2,"other_plant"
2020,3,1,4,5,3,"other_plant"
2020,3,1,4,5,4,"other_litter"
2020,3,1,4,5,5,"other_plant"
2020,3,1,5,1,1,"cheatgrass_plant"
2020,3,1,5,1,2,"other_plant"
2020,3,1,5,1,3,"bare_ground"
2020,3,1,5,1,4,"bare_ground"
2020,3,1,5,1,5,"bare_ground"
2020,3,1,5,2,1,"bare_ground"
2020,3,1,5,2,2,"other_plant"
2020,3,1,5,2,3,"other_litter"
2020,3,1,5,2,4,"other_litter"
2020,3,1,5,2,5,"other_plant"
2020,3,1,5,3,1,"other_litter"
2020,3,1,5,3,2,"other_litter"
2020,3,1,5,3,3,"other_plant"
2020,3,1,5,3,4,"other_litter"
2020,3,1,5,3,5,"other_litter"
2020,3,1,5,4,1,"other_litter"
2020,3,1,5,4,2,"other_plant"
2020,3,1,5,4,3,"other_plant"
2020,3,1,5,4,4,"other_litter"
2020,3,1,5,4,5,"other_litter"
2020,3,1,5,5,1,"other_plant"
2020,3,1,5,5,2,"other_litter"
2020,3,1,5,5,3,"other_litter"
2020,3,1,5,5,4,"other_litter"
2020,3,1,5,5,5,"other_plant"
2020,3,2,1,1,1,"other_plant"
2020,3,2,1,1,2,"other_plant"
2020,3,2,1,1,3,"other_plant"
2020,3,2,1,1,4,"other_plant"
2020,3,2,1,1,5,"other_plant"
2020,3,2,1,2,1,"other_litter"
2020,3,2,1,2,2,"other_plant"
2020,3,2,1,2,3,"other_plant"
2020,3,2,1,2,4,"other_plant"
2020,3,2,1,2,5,"other_litter"
2020,3,2,1,3,1,"other_plant"
2020,3,2,1,3,2,"other_litter"
2020,3,2,1,3,3,"other_litter"
2020,3,2,1,3,4,"other_litter"
2020,3,2,1,3,5,"other_litter"
2020,3,2,1,4,1,"other_plant"
2020,3,2,1,4,2,"other_plant"
2020,3,2,1,4,3,"other_litter"
2020,3,2,1,4,4,"other_plant"
2020,3,2,1,4,5,"other_plant"
2020,3,2,1,5,1,"other_litter"
2020,3,2,1,5,2,"other_litter"
2020,3,2,1,5,3,"other_plant"
2020,3,2,1,5,4,"other_litter"
2020,3,2,1,5,5,"other_litter"
2020,3,2,2,1,1,"other_litter"
2020,3,2,2,1,2,"other_plant"
2020,3,2,2,1,3,"other_plant"
2020,3,2,2,1,4,"other_plant"
2020,3,2,2,1,5,"other_litter"
2020,3,2,2,2,1,"other_plant"
2020,3,2,2,2,2,"other_litter"
2020,3,2,2,2,3,"other_plant"
2020,3,2,2,2,4,"other_litter"
2020,3,2,2,2,5,"other_litter"
2020,3,2,2,3,1,"other_litter"
2020,3,2,2,3,2,"other_litter"
2020,3,2,2,3,3,"other_plant"
2020,3,2,2,3,4,"other_litter"
2020,3,2,2,3,5,"other_litter"
2020,3,2,2,4,1,"other_litter"
2020,3,2,2,4,2,"other_plant"
2020,3,2,2,4,3,"other_plant"
2020,3,2,2,4,4,"other_litter"
2020,3,2,2,4,5,"other_litter"
2020,3,2,2,5,1,"other_plant"
2020,3,2,2,5,2,"other_plant"
2020,3,2,2,5,3,"other_plant"
2020,3,2,2,5,4,"other_plant"
2020,3,2,2,5,5,"other_plant"
2020,3,2,3,1,1,"other_plant"
2020,3,2,3,1,2,"other_plant"
2020,3,2,3,1,3,"other_litter"
2020,3,2,3,1,4,"other_plant"
2020,3,2,3,1,5,"other_litter"
2020,3,2,3,2,1,"other_litter"
2020,3,2,3,2,2,"other_litter"
2020,3,2,3,2,3,"other_plant"
2020,3,2,3,2,4,"other_litter"
2020,3,2,3,2,5,"other_litter"
2020,3,2,3,3,1,"other_litter"
2020,3,2,3,3,2,"other_litter"
2020,3,2,3,3,3,"other_plant"
2020,3,2,3,3,4,"other_plant"
2020,3,2,3,3,5,"other_litter"
2020,3,2,3,4,1,"other_litter"
2020,3,2,3,4,2,"other_plant"
2020,3,2,3,4,3,"other_plant"
2020,3,2,3,4,4,"other_litter"
2020,3,2,3,4,5,"other_litter"
2020,3,2,3,5,1,"other_litter"
2020,3,2,3,5,2,"other_plant"
2020,3,2,3,5,3,"other_plant"
2020,3,2,3,5,4,"other_plant"
2020,3,2,3,5,5,"other_plant"
2020,3,2,4,1,1,"other_plant"
2020,3,2,4,1,2,"other_litter"
2020,3,2,4,1,3,"other_plant"
2020,3,2,4,1,4,"other_litter"
2020,3,2,4,1,5,"other_plant"
2020,3,2,4,2,1,"other_plant"
2020,3,2,4,2,2,"other_litter"
2020,3,2,4,2,3,"other_litter"
2020,3,2,4,2,4,"other_litter"
2020,3,2,4,2,5,"other_plant"
2020,3,2,4,3,1,"other_litter"
2020,3,2,4,3,2,"other_plant"
2020,3,2,4,3,3,"other_plant"
2020,3,2,4,3,4,"other_plant"
2020,3,2,4,3,5,"other_plant"
2020,3,2,4,4,1,"other_plant"
2020,3,2,4,4,2,"other_litter"
2020,3,2,4,4,3,"other_litter"
2020,3,2,4,4,4,"other_plant"
2020,3,2,4,4,5,"other_plant"
2020,3,2,4,5,1,"other_plant"
2020,3,2,4,5,2,"other_litter"
2020,3,2,4,5,3,"other_litter"
2020,3,2,4,5,4,"other_litter"
2020,3,2,4,5,5,"other_litter"
2020,3,2,5,1,1,"other_litter"
2020,3,2,5,1,2,"other_plant"
2020,3,2,5,1,3,"other_litter"
2020,3,2,5,1,4,"other_litter"
2020,3,2,5,1,5,"other_plant"
2020,3,2,5,2,1,"other_plant"
2020,3,2,5,2,2,"other_litter"
2020,3,2,5,2,3,"other_plant"
2020,3,2,5,2,4,"other_plant"
2020,3,2,5,2,5,"other_litter"
2020,3,2,5,3,1,"other_plant"
2020,3,2,5,3,2,"other_plant"
2020,3,2,5,3,3,"other_litter"
2020,3,2,5,3,4,"other_litter"
2020,3,2,5,3,5,"other_litter"
2020,3,2,5,4,1,"other_litter"
2020,3,2,5,4,2,"other_plant"
2020,3,2,5,4,3,"other_plant"
2020,3,2,5,4,4,"other_plant"
2020,3,2,5,4,5,"other_plant"
2020,3,2,5,5,1,"other_litter"
2020,3,2,5,5,2,"other_litter"
2020,3,2,5,5,3,"other_litter"
2020,3,2,5,5,4,"other_litter"
2020,3,2,5,5,5,"other_plant"
2020,3,3,1,1,1,"other_litter"
2020,3,3,1,1,2,"other_litter"
2020,3,3,1,1,3,"other_litter"
2020,3,3,1,1,4,"other_plant"
2020,3,3,1,1,5,"other_litter"
2020,3,3,1,2,1,"other_plant"
2020,3,3,1,2,2,"other_plant"
2020,3,3,1,2,3,"other_litter"
2020,3,3,1,2,4,"other_litter"
2020,3,3,1,2,5,"other_plant"
2020,3,3,1,3,1,"other_litter"
2020,3,3,1,3,2,"other_plant"
2020,3,3,1,3,3,"other_plant"
2020,3,3,1,3,4,"other_plant"
2020,3,3,1,3,5,"other_litter"
2020,3,3,1,4,1,"other_plant"
2020,3,3,1,4,2,"other_plant"
2020,3,3,1,4,3,"other_litter"
2020,3,3,1,4,4,"other_plant"
2020,3,3,1,4,5,"other_plant"
2020,3,3,1,5,1,"other_litter"
2020,3,3,1,5,2,"other_litter"
2020,3,3,1,5,3,"other_plant"
2020,3,3,1,5,4,"other_plant"
2020,3,3,1,5,5,"other_plant"
2020,3,3,2,1,1,"other_litter"
2020,3,3,2,1,2,"other_litter"
2020,3,3,2,1,3,"other_plant"
2020,3,3,2,1,4,"other_litter"
2020,3,3,2,1,5,"other_litter"
2020,3,3,2,2,1,"bare_ground"
2020,3,3,2,2,2,"other_litter"
2020,3,3,2,2,3,"other_plant"
2020,3,3,2,2,4,"other_plant"
2020,3,3,2,2,5,"other_litter"
2020,3,3,2,3,1,"other_plant"
2020,3,3,2,3,2,"other_litter"
2020,3,3,2,3,3,"other_litter"
2020,3,3,2,3,4,"other_litter"
2020,3,3,2,3,5,"other_litter"
2020,3,3,2,4,1,"other_plant"
2020,3,3,2,4,2,"other_plant"
2020,3,3,2,4,3,"other_litter"
2020,3,3,2,4,4,"other_plant"
2020,3,3,2,4,5,"other_plant"
2020,3,3,2,5,1,"other_plant"
2020,3,3,2,5,2,"other_litter"
2020,3,3,2,5,3,"other_plant"
2020,3,3,2,5,4,"other_plant"
2020,3,3,2,5,5,"other_plant"
2020,3,3,3,1,1,"other_litter"
2020,3,3,3,1,2,"other_litter"
2020,3,3,3,1,3,"other_plant"
2020,3,3,3,1,4,"other_litter"
2020,3,3,3,1,5,"other_litter"
2020,3,3,3,2,1,"bare_ground"
2020,3,3,3,2,2,"other_litter"
2020,3,3,3,2,3,"other_litter"
2020,3,3,3,2,4,"other_litter"
2020,3,3,3,2,5,"other_litter"
2020,3,3,3,3,1,"bare_ground"
2020,3,3,3,3,2,"other_plant"
2020,3,3,3,3,3,"other_plant"
2020,3,3,3,3,4,"other_plant"
2020,3,3,3,3,5,"other_litter"
2020,3,3,3,4,1,"other_litter"
2020,3,3,3,4,2,"other_plant"
2020,3,3,3,4,3,"other_plant"
2020,3,3,3,4,4,"other_plant"
2020,3,3,3,4,5,"other_litter"
2020,3,3,3,5,1,"other_litter"
2020,3,3,3,5,2,"other_plant"
2020,3,3,3,5,3,"other_plant"
2020,3,3,3,5,4,"other_plant"
2020,3,3,3,5,5,"other_litter"
2020,3,3,4,1,1,"other_plant"
2020,3,3,4,1,2,"other_litter"
2020,3,3,4,1,3,"other_plant"
2020,3,3,4,1,4,"other_plant"
2020,3,3,4,1,5,"other_litter"
2020,3,3,4,2,1,"other_litter"
2020,3,3,4,2,2,"other_litter"
2020,3,3,4,2,3,"other_litter"
2020,3,3,4,2,4,"other_litter"
2020,3,3,4,2,5,"other_litter"
2020,3,3,4,3,1,"other_plant"
2020,3,3,4,3,2,"other_litter"
2020,3,3,4,3,3,"other_plant"
2020,3,3,4,3,4,"other_litter"
2020,3,3,4,3,5,"other_plant"
2020,3,3,4,4,1,"other_litter"
2020,3,3,4,4,2,"other_litter"
2020,3,3,4,4,3,"other_litter"
2020,3,3,4,4,4,"other_plant"
2020,3,3,4,4,5,"other_plant"
2020,3,3,4,5,1,"other_litter"
2020,3,3,4,5,2,"other_litter"
2020,3,3,4,5,3,"other_plant"
2020,3,3,4,5,4,"other_plant"
2020,3,3,4,5,5,"other_litter"
2020,3,3,5,1,1,"bare_ground"
2020,3,3,5,1,2,"other_plant"
2020,3,3,5,1,3,"other_plant"
2020,3,3,5,1,4,"other_plant"
2020,3,3,5,1,5,"other_plant"
2020,3,3,5,2,1,"other_plant"
2020,3,3,5,2,2,"other_plant"
2020,3,3,5,2,3,"other_plant"
2020,3,3,5,2,4,"other_plant"
2020,3,3,5,2,5,"other_plant"
2020,3,3,5,3,1,"other_litter"
2020,3,3,5,3,2,"other_litter"
2020,3,3,5,3,3,"other_plant"
2020,3,3,5,3,4,"other_plant"
2020,3,3,5,3,5,"other_plant"
2020,3,3,5,4,1,"other_plant"
2020,3,3,5,4,2,"other_plant"
2020,3,3,5,4,3,"other_litter"
2020,3,3,5,4,4,"other_plant"
2020,3,3,5,4,5,"other_plant"
2020,3,3,5,5,1,"other_plant"
2020,3,3,5,5,2,"other_litter"
2020,3,3,5,5,3,"other_plant"
2020,3,3,5,5,4,"other_litter"
2020,3,3,5,5,5,"other_litter"
2020,3,4,1,1,1,"other_plant"
2020,3,4,1,1,2,"other_litter"
2020,3,4,1,1,3,"other_litter"
2020,3,4,1,1,4,"other_plant"
2020,3,4,1,1,5,"other_litter"
2020,3,4,1,2,1,"other_plant"
2020,3,4,1,2,2,"other_litter"
2020,3,4,1,2,3,"other_plant"
2020,3,4,1,2,4,"other_plant"
2020,3,4,1,2,5,"other_litter"
2020,3,4,1,3,1,"other_litter"
2020,3,4,1,3,2,"other_plant"
2020,3,4,1,3,3,"other_plant"
2020,3,4,1,3,4,"other_plant"
2020,3,4,1,3,5,"other_litter"
2020,3,4,1,4,1,"other_plant"
2020,3,4,1,4,2,"other_plant"
2020,3,4,1,4,3,"other_litter"
2020,3,4,1,4,4,"other_plant"
2020,3,4,1,4,5,"other_litter"
2020,3,4,1,5,1,"other_plant"
2020,3,4,1,5,2,"other_litter"
2020,3,4,1,5,3,"other_litter"
2020,3,4,1,5,4,"other_litter"
2020,3,4,1,5,5,"other_plant"
2020,3,4,2,1,1,"other_litter"
2020,3,4,2,1,2,"other_plant"
2020,3,4,2,1,3,"other_plant"
2020,3,4,2,1,4,"other_plant"
2020,3,4,2,1,5,"other_plant"
2020,3,4,2,2,1,"other_litter"
2020,3,4,2,2,2,"other_plant"
2020,3,4,2,2,3,"other_plant"
2020,3,4,2,2,4,"other_litter"
2020,3,4,2,2,5,"other_plant"
2020,3,4,2,3,1,"other_plant"
2020,3,4,2,3,2,"other_plant"
2020,3,4,2,3,3,"other_plant"
2020,3,4,2,3,4,"other_litter"
2020,3,4,2,3,5,"other_litter"
2020,3,4,2,4,1,"other_litter"
2020,3,4,2,4,2,"other_plant"
2020,3,4,2,4,3,"other_plant"
2020,3,4,2,4,4,"other_plant"
2020,3,4,2,4,5,"other_litter"
2020,3,4,2,5,1,"other_litter"
2020,3,4,2,5,2,"other_plant"
2020,3,4,2,5,3,"other_plant"
2020,3,4,2,5,4,"other_plant"
2020,3,4,2,5,5,"other_plant"
2020,3,4,3,1,1,"other_plant"
2020,3,4,3,1,2,"other_plant"
2020,3,4,3,1,3,"other_litter"
2020,3,4,3,1,4,"other_plant"
2020,3,4,3,1,5,"other_plant"
2020,3,4,3,2,1,"other_litter"
2020,3,4,3,2,2,"other_plant"
2020,3,4,3,2,3,"other_litter"
2020,3,4,3,2,4,"other_plant"
2020,3,4,3,2,5,"other_plant"
2020,3,4,3,3,1,"other_litter"
2020,3,4,3,3,2,"other_plant"
2020,3,4,3,3,3,"other_litter"
2020,3,4,3,3,4,"other_plant"
2020,3,4,3,3,5,"other_plant"
2020,3,4,3,4,1,"other_plant"
2020,3,4,3,4,2,"other_plant"
2020,3,4,3,4,3,"other_litter"
2020,3,4,3,4,4,"other_litter"
2020,3,4,3,4,5,"other_plant"
2020,3,4,3,5,1,"other_plant"
2020,3,4,3,5,2,"other_plant"
2020,3,4,3,5,3,"other_litter"
2020,3,4,3,5,4,"other_litter"
2020,3,4,3,5,5,"other_plant"
2020,3,4,4,1,1,"other_litter"
2020,3,4,4,1,2,"other_plant"
2020,3,4,4,1,3,"other_plant"
2020,3,4,4,1,4,"other_plant"
2020,3,4,4,1,5,"other_plant"
2020,3,4,4,2,1,"other_plant"
2020,3,4,4,2,2,"other_plant"
2020,3,4,4,2,3,"other_plant"
2020,3,4,4,2,4,"other_plant"
2020,3,4,4,2,5,"other_plant"
2020,3,4,4,3,1,"other_plant"
2020,3,4,4,3,2,"other_plant"
2020,3,4,4,3,3,"other_plant"
2020,3,4,4,3,4,"other_plant"
2020,3,4,4,3,5,"other_plant"
2020,3,4,4,4,1,"other_plant"
2020,3,4,4,4,2,"other_litter"
2020,3,4,4,4,3,"other_plant"
2020,3,4,4,4,4,"other_plant"
2020,3,4,4,4,5,"other_litter"
2020,3,4,4,5,1,"other_plant"
2020,3,4,4,5,2,"other_plant"
2020,3,4,4,5,3,"other_plant"
2020,3,4,4,5,4,"other_plant"
2020,3,4,4,5,5,"other_plant"
2020,3,4,5,1,1,"other_plant"
2020,3,4,5,1,2,"other_litter"
2020,3,4,5,1,3,"other_plant"
2020,3,4,5,1,4,"other_plant"
2020,3,4,5,1,5,"other_plant"
2020,3,4,5,2,1,"other_litter"
2020,3,4,5,2,2,"other_litter"
2020,3,4,5,2,3,"other_litter"
2020,3,4,5,2,4,"other_plant"
2020,3,4,5,2,5,"other_plant"
2020,3,4,5,3,1,"other_litter"
2020,3,4,5,3,2,"other_plant"
2020,3,4,5,3,3,"other_plant"
2020,3,4,5,3,4,"other_plant"
2020,3,4,5,3,5,"other_plant"
2020,3,4,5,4,1,"other_plant"
2020,3,4,5,4,2,"other_litter"
2020,3,4,5,4,3,"other_plant"
2020,3,4,5,4,4,"other_plant"
2020,3,4,5,4,5,"other_litter"
2020,3,4,5,5,1,"other_plant"
2020,3,4,5,5,2,"other_litter"
2020,3,4,5,5,3,"other_litter"
2020,3,4,5,5,4,"other_litter"
2020,3,4,5,5,5,"other_litter"
2020,3,5,1,1,1,"other_litter"
2020,3,5,1,1,2,"other_litter"
2020,3,5,1,1,3,"other_litter"
2020,3,5,1,1,4,"other_litter"
2020,3,5,1,1,5,"other_plant"
2020,3,5,1,2,1,"other_plant"
2020,3,5,1,2,2,"other_plant"
2020,3,5,1,2,3,"other_litter"
2020,3,5,1,2,4,"other_litter"
2020,3,5,1,2,5,"other_plant"
2020,3,5,1,3,1,"other_plant"
2020,3,5,1,3,2,"other_plant"
2020,3,5,1,3,3,"other_plant"
2020,3,5,1,3,4,"other_plant"
2020,3,5,1,3,5,"other_plant"
2020,3,5,1,4,1,"other_plant"
2020,3,5,1,4,2,"other_plant"
2020,3,5,1,4,3,"other_plant"
2020,3,5,1,4,4,"other_plant"
2020,3,5,1,4,5,"other_litter"
2020,3,5,1,5,1,"other_plant"
2020,3,5,1,5,2,"other_plant"
2020,3,5,1,5,3,"other_plant"
2020,3,5,1,5,4,"other_plant"
2020,3,5,1,5,5,"other_litter"
2020,3,5,2,1,1,"other_plant"
2020,3,5,2,1,2,"other_plant"
2020,3,5,2,1,3,"other_plant"
2020,3,5,2,1,4,"other_plant"
2020,3,5,2,1,5,"other_litter"
2020,3,5,2,2,1,"other_plant"
2020,3,5,2,2,2,"other_litter"
2020,3,5,2,2,3,"other_plant"
2020,3,5,2,2,4,"other_plant"
2020,3,5,2,2,5,"other_plant"
2020,3,5,2,3,1,"other_plant"
2020,3,5,2,3,2,"other_litter"
2020,3,5,2,3,3,"other_litter"
2020,3,5,2,3,4,"other_litter"
2020,3,5,2,3,5,"other_plant"
2020,3,5,2,4,1,"other_plant"
2020,3,5,2,4,2,"other_plant"
2020,3,5,2,4,3,"other_litter"
2020,3,5,2,4,4,"other_plant"
2020,3,5,2,4,5,"bare_ground"
2020,3,5,2,5,1,"other_plant"
2020,3,5,2,5,2,"other_plant"
2020,3,5,2,5,3,"other_plant"
2020,3,5,2,5,4,"other_plant"
2020,3,5,2,5,5,"other_plant"
2020,3,5,3,1,1,"other_plant"
2020,3,5,3,1,2,"other_plant"
2020,3,5,3,1,3,"other_plant"
2020,3,5,3,1,4,"other_litter"
2020,3,5,3,1,5,"other_plant"
2020,3,5,3,2,1,"other_plant"
2020,3,5,3,2,2,"other_plant"
2020,3,5,3,2,3,"other_plant"
2020,3,5,3,2,4,"other_litter"
2020,3,5,3,2,5,"other_litter"
2020,3,5,3,3,1,"other_plant"
2020,3,5,3,3,2,"other_plant"
2020,3,5,3,3,3,"other_plant"
2020,3,5,3,3,4,"other_litter"
2020,3,5,3,3,5,"other_litter"
2020,3,5,3,4,1,"other_plant"
2020,3,5,3,4,2,"other_plant"
2020,3,5,3,4,3,"other_plant"
2020,3,5,3,4,4,"other_plant"
2020,3,5,3,4,5,"other_plant"
2020,3,5,3,5,1,"other_litter"
2020,3,5,3,5,2,"other_plant"
2020,3,5,3,5,3,"other_litter"
2020,3,5,3,5,4,"other_plant"
2020,3,5,3,5,5,"other_litter"
2020,3,5,4,1,1,"other_litter"
2020,3,5,4,1,2,"other_litter"
2020,3,5,4,1,3,"other_litter"
2020,3,5,4,1,4,"other_plant"
2020,3,5,4,1,5,"bare_ground"
2020,3,5,4,2,1,"other_litter"
2020,3,5,4,2,2,"other_litter"
2020,3,5,4,2,3,"other_litter"
2020,3,5,4,2,4,"bare_ground"
2020,3,5,4,2,5,"bare_ground"
2020,3,5,4,3,1,"other_litter"
2020,3,5,4,3,2,"other_litter"
2020,3,5,4,3,3,"other_litter"
2020,3,5,4,3,4,"other_litter"
2020,3,5,4,3,5,"other_litter"
2020,3,5,4,4,1,"bare_ground"
2020,3,5,4,4,2,"other_plant"
2020,3,5,4,4,3,"other_plant"
2020,3,5,4,4,4,"other_litter"
2020,3,5,4,4,5,"other_litter"
2020,3,5,4,5,1,"bare_ground"
2020,3,5,4,5,2,"bare_ground"
2020,3,5,4,5,3,"other_litter"
2020,3,5,4,5,4,"other_litter"
2020,3,5,4,5,5,"other_plant"
2020,3,5,5,1,1,"other_litter"
2020,3,5,5,1,2,"other_litter"
2020,3,5,5,1,3,"other_litter"
2020,3,5,5,1,4,"other_litter"
2020,3,5,5,1,5,"other_litter"
2020,3,5,5,2,1,"other_litter"
2020,3,5,5,2,2,"other_plant"
2020,3,5,5,2,3,"other_plant"
2020,3,5,5,2,4,"other_plant"
2020,3,5,5,2,5,"other_litter"
2020,3,5,5,3,1,"other_litter"
2020,3,5,5,3,2,"other_litter"
2020,3,5,5,3,3,"other_plant"
2020,3,5,5,3,4,"other_litter"
2020,3,5,5,3,5,"other_litter"
2020,3,5,5,4,1,"other_litter"
2020,3,5,5,4,2,"other_litter"
2020,3,5,5,4,3,"other_litter"
2020,3,5,5,4,4,"other_litter"
2020,3,5,5,4,5,"other_litter"
2020,3,5,5,5,1,"other_litter"
2020,3,5,5,5,2,"other_litter"
2020,3,5,5,5,3,"other_litter"
2020,3,5,5,5,4,"other_litter"
2020,3,5,5,5,5,"other_litter"
2020,3,6,1,1,1,"other_plant"
2020,3,6,1,1,2,"other_litter"
2020,3,6,1,1,3,"other_plant"
2020,3,6,1,1,4,"bare_ground"
2020,3,6,1,1,5,"other_plant"
2020,3,6,1,2,1,"bare_ground"
2020,3,6,1,2,2,"bare_ground"
2020,3,6,1,2,3,"other_plant"
2020,3,6,1,2,4,"bare_ground"
2020,3,6,1,2,5,"other_plant"
2020,3,6,1,3,1,"bare_ground"
2020,3,6,1,3,2,"bare_ground"
2020,3,6,1,3,3,"other_plant"
2020,3,6,1,3,4,"other_plant"
2020,3,6,1,3,5,"other_plant"
2020,3,6,1,4,1,"other_plant"
2020,3,6,1,4,2,"other_plant"
2020,3,6,1,4,3,"bare_ground"
2020,3,6,1,4,4,"bare_ground"
2020,3,6,1,4,5,"other_litter"
2020,3,6,1,5,1,"other_plant"
2020,3,6,1,5,2,"other_plant"
2020,3,6,1,5,3,"other_litter"
2020,3,6,1,5,4,"other_litter"
2020,3,6,1,5,5,"other_plant"
2020,3,6,2,1,1,"cheatgrass_plant"
2020,3,6,2,1,2,"cheatgrass_plant"
2020,3,6,2,1,3,"cheatgrass_plant"
2020,3,6,2,1,4,"cheatgrass_litter"
2020,3,6,2,1,5,"cheatgrass_plant"
2020,3,6,2,2,1,"cheatgrass_plant"
2020,3,6,2,2,2,"cheatgrass_plant"
2020,3,6,2,2,3,"cheatgrass_plant"
2020,3,6,2,2,4,"cheatgrass_plant"
2020,3,6,2,2,5,"cheatgrass_plant"
2020,3,6,2,3,1,"cheatgrass_plant"
2020,3,6,2,3,2,"cheatgrass_plant"
2020,3,6,2,3,3,"cheatgrass_litter"
2020,3,6,2,3,4,"other_plant"
2020,3,6,2,3,5,"other_plant"
2020,3,6,2,4,1,"cheatgrass_plant"
2020,3,6,2,4,2,"cheatgrass_plant"
2020,3,6,2,4,3,"other_plant"
2020,3,6,2,4,4,"other_litter"
2020,3,6,2,4,5,"other_plant"
2020,3,6,2,5,1,"cheatgrass_plant"
2020,3,6,2,5,2,"cheatgrass_plant"
2020,3,6,2,5,3,"cheatgrass_litter"
2020,3,6,2,5,4,"cheatgrass_plant"
2020,3,6,2,5,5,"cheatgrass_plant"
2020,3,6,3,1,1,"bare_ground"
2020,3,6,3,1,2,"cheatgrass_plant"
2020,3,6,3,1,3,"bare_ground"
2020,3,6,3,1,4,"cheatgrass_litter"
2020,3,6,3,1,5,"other_plant"
2020,3,6,3,2,1,"cheatgrass_plant"
2020,3,6,3,2,2,"cheatgrass_litter"
2020,3,6,3,2,3,"cheatgrass_plant"
2020,3,6,3,2,4,"cheatgrass_litter"
2020,3,6,3,2,5,"cheatgrass_plant"
2020,3,6,3,3,1,"cheatgrass_plant"
2020,3,6,3,3,2,"other_plant"
2020,3,6,3,3,3,"cheatgrass_plant"
2020,3,6,3,3,4,"cheatgrass_plant"
2020,3,6,3,3,5,"cheatgrass_plant"
2020,3,6,3,4,1,"bare_ground"
2020,3,6,3,4,2,"bare_ground"
2020,3,6,3,4,3,"cheatgrass_plant"
2020,3,6,3,4,4,"cheatgrass_plant"
2020,3,6,3,4,5,"cheatgrass_plant"
2020,3,6,3,5,1,"bare_ground"
2020,3,6,3,5,2,"bare_ground"
2020,3,6,3,5,3,"cheatgrass_plant"
2020,3,6,3,5,4,"cheatgrass_plant"
2020,3,6,3,5,5,"cheatgrass_plant"
2020,3,6,4,1,1,"other_litter"
2020,3,6,4,1,2,"other_litter"
2020,3,6,4,1,3,"other_litter"
2020,3,6,4,1,4,"other_litter"
2020,3,6,4,1,5,"other_litter"
2020,3,6,4,2,1,"other_litter"
2020,3,6,4,2,2,"other_plant"
2020,3,6,4,2,3,"other_litter"
2020,3,6,4,2,4,"cheatgrass_plant"
2020,3,6,4,2,5,"other_litter"
2020,3,6,4,3,1,"other_plant"
2020,3,6,4,3,2,"other_plant"
2020,3,6,4,3,3,"other_plant"
2020,3,6,4,3,4,"cheatgrass_plant"
2020,3,6,4,3,5,"cheatgrass_plant"
2020,3,6,4,4,1,"other_plant"
2020,3,6,4,4,2,"other_plant"
2020,3,6,4,4,3,"other_litter"
2020,3,6,4,4,4,"other_litter"
2020,3,6,4,4,5,"other_plant"
2020,3,6,4,5,1,"other_plant"
2020,3,6,4,5,2,"cheatgrass_plant"
2020,3,6,4,5,3,"other_litter"
2020,3,6,4,5,4,"other_litter"
2020,3,6,4,5,5,"other_plant"
2020,3,6,5,1,1,"bare_ground"
2020,3,6,5,1,2,"bare_ground"
2020,3,6,5,1,3,"bare_ground"
2020,3,6,5,1,4,"bare_ground"
2020,3,6,5,1,5,"bare_ground"
2020,3,6,5,2,1,"bare_ground"
2020,3,6,5,2,2,"bare_ground"
2020,3,6,5,2,3,"bare_ground"
2020,3,6,5,2,4,"bare_ground"
2020,3,6,5,2,5,"bare_ground"
2020,3,6,5,3,1,"cheatgrass_plant"
2020,3,6,5,3,2,"cheatgrass_plant"
2020,3,6,5,3,3,"cheatgrass_plant"
2020,3,6,5,3,4,"bare_ground"
2020,3,6,5,3,5,"other_plant"
2020,3,6,5,4,1,"bare_ground"
2020,3,6,5,4,2,"bare_ground"
2020,3,6,5,4,3,"bare_ground"
2020,3,6,5,4,4,"cheatgrass_plant"
2020,3,6,5,4,5,"other_litter"
2020,3,6,5,5,1,"cheatgrass_litter"
2020,3,6,5,5,2,"cheatgrass_litter"
2020,3,6,5,5,3,"bare_ground"
2020,3,6,5,5,4,"cheatgrass_plant"
2020,3,6,5,5,5,"other_plant"
2020,3,7,1,1,1,"other_plant"
2020,3,7,1,1,2,"other_litter"
2020,3,7,1,1,3,"other_plant"
2020,3,7,1,1,4,"other_litter"
2020,3,7,1,1,5,"other_plant"
2020,3,7,1,2,1,"other_litter"
2020,3,7,1,2,2,"other_litter"
2020,3,7,1,2,3,"other_litter"
2020,3,7,1,2,4,"other_litter"
2020,3,7,1,2,5,"other_litter"
2020,3,7,1,3,1,"other_plant"
2020,3,7,1,3,2,"other_plant"
2020,3,7,1,3,3,"other_litter"
2020,3,7,1,3,4,"cheatgrass_plant"
2020,3,7,1,3,5,"cheatgrass_plant"
2020,3,7,1,4,1,"other_plant"
2020,3,7,1,4,2,"bare_ground"
2020,3,7,1,4,3,"other_litter"
2020,3,7,1,4,4,"other_litter"
2020,3,7,1,4,5,"cheatgrass_litter"
2020,3,7,1,5,1,"bare_ground"
2020,3,7,1,5,2,"other_plant"
2020,3,7,1,5,3,"other_plant"
2020,3,7,1,5,4,"cheatgrass_litter"
2020,3,7,1,5,5,"other_plant"
2020,3,7,2,1,1,"other_plant"
2020,3,7,2,1,2,"other_plant"
2020,3,7,2,1,3,"other_litter"
2020,3,7,2,1,4,"other_litter"
2020,3,7,2,1,5,"other_plant"
2020,3,7,2,2,1,"other_litter"
2020,3,7,2,2,2,"other_litter"
2020,3,7,2,2,3,"other_litter"
2020,3,7,2,2,4,"other_litter"
2020,3,7,2,2,5,"other_plant"
2020,3,7,2,3,1,"other_plant"
2020,3,7,2,3,2,"other_plant"
2020,3,7,2,3,3,"other_plant"
2020,3,7,2,3,4,"other_litter"
2020,3,7,2,3,5,"other_litter"
2020,3,7,2,4,1,"other_plant"
2020,3,7,2,4,2,"other_litter"
2020,3,7,2,4,3,"other_litter"
2020,3,7,2,4,4,"other_plant"
2020,3,7,2,4,5,"other_plant"
2020,3,7,2,5,1,"other_litter"
2020,3,7,2,5,2,"other_litter"
2020,3,7,2,5,3,"other_plant"
2020,3,7,2,5,4,"other_plant"
2020,3,7,2,5,5,"other_litter"
2020,3,7,3,1,1,"other_plant"
2020,3,7,3,1,2,"other_litter"
2020,3,7,3,1,3,"other_litter"
2020,3,7,3,1,4,"other_plant"
2020,3,7,3,1,5,"other_plant"
2020,3,7,3,2,1,"other_plant"
2020,3,7,3,2,2,"other_plant"
2020,3,7,3,2,3,"other_plant"
2020,3,7,3,2,4,"other_plant"
2020,3,7,3,2,5,"other_plant"
2020,3,7,3,3,1,"other_plant"
2020,3,7,3,3,2,"other_plant"
2020,3,7,3,3,3,"other_plant"
2020,3,7,3,3,4,"other_plant"
2020,3,7,3,3,5,"other_plant"
2020,3,7,3,4,1,"other_plant"
2020,3,7,3,4,2,"other_plant"
2020,3,7,3,4,3,"other_plant"
2020,3,7,3,4,4,"other_plant"
2020,3,7,3,4,5,"other_litter"
2020,3,7,3,5,1,"other_plant"
2020,3,7,3,5,2,"other_litter"
2020,3,7,3,5,3,"other_plant"
2020,3,7,3,5,4,"other_plant"
2020,3,7,3,5,5,"other_plant"
2020,3,7,4,1,1,"other_plant"
2020,3,7,4,1,2,"bare_ground"
2020,3,7,4,1,3,"other_litter"
2020,3,7,4,1,4,"other_litter"
2020,3,7,4,1,5,"other_litter"
2020,3,7,4,2,1,"other_litter"
2020,3,7,4,2,2,"other_litter"
2020,3,7,4,2,3,"other_plant"
2020,3,7,4,2,4,"other_litter"
2020,3,7,4,2,5,"other_litter"
2020,3,7,4,3,1,"other_litter"
2020,3,7,4,3,2,"other_litter"
2020,3,7,4,3,3,"other_litter"
2020,3,7,4,3,4,"bare_ground"
2020,3,7,4,3,5,"bare_ground"
2020,3,7,4,4,1,"bare_ground"
2020,3,7,4,4,2,"bare_ground"
2020,3,7,4,4,3,"other_litter"
2020,3,7,4,4,4,"other_litter"
2020,3,7,4,4,5,"bare_ground"
2020,3,7,4,5,1,"bare_ground"
2020,3,7,4,5,2,"bare_ground"
2020,3,7,4,5,3,"bare_ground"
2020,3,7,4,5,4,"other_litter"
2020,3,7,4,5,5,"other_plant"
2020,3,7,5,1,1,"other_plant"
2020,3,7,5,1,2,"cheatgrass_plant"
2020,3,7,5,1,3,"other_litter"
2020,3,7,5,1,4,"other_plant"
2020,3,7,5,1,5,"other_plant"
2020,3,7,5,2,1,"cheatgrass_litter"
2020,3,7,5,2,2,"other_litter"
2020,3,7,5,2,3,"other_plant"
2020,3,7,5,2,4,"bare_ground"
2020,3,7,5,2,5,"bare_ground"
2020,3,7,5,3,1,"cheatgrass_litter"
2020,3,7,5,3,2,"other_plant"
2020,3,7,5,3,3,"other_plant"
2020,3,7,5,3,4,"bare_ground"
2020,3,7,5,3,5,"bare_ground"
2020,3,7,5,4,1,"cheatgrass_litter"
2020,3,7,5,4,2,"cheatgrass_litter"
2020,3,7,5,4,3,"other_plant"
2020,3,7,5,4,4,"bare_ground"
2020,3,7,5,4,5,"bare_ground"
2020,3,7,5,5,1,"cheatgrass_litter"
2020,3,7,5,5,2,"cheatgrass_plant"
2020,3,7,5,5,3,"other_plant"
2020,3,7,5,5,4,"bare_ground"
2020,3,7,5,5,5,"bare_ground"
2020,3,8,1,1,1,"other_litter"
2020,3,8,1,1,2,"other_plant"
2020,3,8,1,1,3,"other_litter"
2020,3,8,1,1,4,"cheatgrass_plant"
2020,3,8,1,1,5,"other_plant"
2020,3,8,1,2,1,"other_plant"
2020,3,8,1,2,2,"other_litter"
2020,3,8,1,2,3,"other_litter"
2020,3,8,1,2,4,"other_plant"
2020,3,8,1,2,5,"other_litter"
2020,3,8,1,3,1,"bare_ground"
2020,3,8,1,3,2,"other_plant"
2020,3,8,1,3,3,"other_plant"
2020,3,8,1,3,4,"other_plant"
2020,3,8,1,3,5,"other_plant"
2020,3,8,1,4,1,"other_litter"
2020,3,8,1,4,2,"other_plant"
2020,3,8,1,4,3,"other_plant"
2020,3,8,1,4,4,"other_plant"
2020,3,8,1,4,5,"other_plant"
2020,3,8,1,5,1,"other_litter"
2020,3,8,1,5,2,"other_plant"
2020,3,8,1,5,3,"other_litter"
2020,3,8,1,5,4,"other_plant"
2020,3,8,1,5,5,"other_litter"
2020,3,8,2,1,1,"other_plant"
2020,3,8,2,1,2,"other_plant"
2020,3,8,2,1,3,"other_litter"
2020,3,8,2,1,4,"other_plant"
2020,3,8,2,1,5,"other_plant"
2020,3,8,2,2,1,"other_litter"
2020,3,8,2,2,2,"other_litter"
2020,3,8,2,2,3,"other_plant"
2020,3,8,2,2,4,"other_plant"
2020,3,8,2,2,5,"other_litter"
2020,3,8,2,3,1,"other_litter"
2020,3,8,2,3,2,"other_litter"
2020,3,8,2,3,3,"other_litter"
2020,3,8,2,3,4,"other_litter"
2020,3,8,2,3,5,"other_plant"
2020,3,8,2,4,1,"other_litter"
2020,3,8,2,4,2,"other_litter"
2020,3,8,2,4,3,"other_litter"
2020,3,8,2,4,4,"other_plant"
2020,3,8,2,4,5,"other_litter"
2020,3,8,2,5,1,"other_litter"
2020,3,8,2,5,2,"other_plant"
2020,3,8,2,5,3,"other_litter"
2020,3,8,2,5,4,"other_plant"
2020,3,8,2,5,5,"other_plant"
2020,3,8,3,1,1,"other_plant"
2020,3,8,3,1,2,"other_litter"
2020,3,8,3,1,3,"other_plant"
2020,3,8,3,1,4,"other_plant"
2020,3,8,3,1,5,"other_plant"
2020,3,8,3,2,1,"other_litter"
2020,3,8,3,2,2,"other_litter"
2020,3,8,3,2,3,"other_plant"
2020,3,8,3,2,4,"other_plant"
2020,3,8,3,2,5,"other_plant"
2020,3,8,3,3,1,"other_litter"
2020,3,8,3,3,2,"other_litter"
2020,3,8,3,3,3,"other_plant"
2020,3,8,3,3,4,"other_plant"
2020,3,8,3,3,5,"other_plant"
2020,3,8,3,4,1,"bare_ground"
2020,3,8,3,4,2,"other_litter"
2020,3,8,3,4,3,"other_plant"
2020,3,8,3,4,4,"other_litter"
2020,3,8,3,4,5,"other_litter"
2020,3,8,3,5,1,"other_plant"
2020,3,8,3,5,2,"other_litter"
2020,3,8,3,5,3,"other_plant"
2020,3,8,3,5,4,"other_plant"
2020,3,8,3,5,5,"other_plant"
2020,3,8,4,1,1,"bare_ground"
2020,3,8,4,1,2,"bare_ground"
2020,3,8,4,1,3,"bare_ground"
2020,3,8,4,1,4,"other_litter"
2020,3,8,4,1,5,"other_plant"
2020,3,8,4,2,1,"bare_ground"
2020,3,8,4,2,2,"bare_ground"
2020,3,8,4,2,3,"other_plant"
2020,3,8,4,2,4,"bare_ground"
2020,3,8,4,2,5,"bare_ground"
2020,3,8,4,3,1,"other_plant"
2020,3,8,4,3,2,"other_plant"
2020,3,8,4,3,3,"other_plant"
2020,3,8,4,3,4,"bare_ground"
2020,3,8,4,3,5,"other_plant"
2020,3,8,4,4,1,"other_plant"
2020,3,8,4,4,2,"other_plant"
2020,3,8,4,4,3,"other_plant"
2020,3,8,4,4,4,"other_litter"
2020,3,8,4,4,5,"other_plant"
2020,3,8,4,5,1,"other_litter"
2020,3,8,4,5,2,"other_litter"
2020,3,8,4,5,3,"other_plant"
2020,3,8,4,5,4,"other_plant"
2020,3,8,4,5,5,"other_litter"
2020,3,8,5,1,1,"other_plant"
2020,3,8,5,1,2,"other_plant"
2020,3,8,5,1,3,"other_plant"
2020,3,8,5,1,4,"other_plant"
2020,3,8,5,1,5,"other_plant"
2020,3,8,5,2,1,"other_plant"
2020,3,8,5,2,2,"other_plant"
2020,3,8,5,2,3,"other_plant"
2020,3,8,5,2,4,"other_plant"
2020,3,8,5,2,5,"other_plant"
2020,3,8,5,3,1,"other_litter"
2020,3,8,5,3,2,"other_litter"
2020,3,8,5,3,3,"other_plant"
2020,3,8,5,3,4,"other_plant"
2020,3,8,5,3,5,"other_plant"
2020,3,8,5,4,1,"other_plant"
2020,3,8,5,4,2,"other_plant"
2020,3,8,5,4,3,"other_litter"
2020,3,8,5,4,4,"other_plant"
2020,3,8,5,4,5,"other_plant"
2020,3,8,5,5,1,"other_plant"
2020,3,8,5,5,2,"other_litter"
2020,3,8,5,5,3,"other_plant"
2020,3,8,5,5,4,"other_plant"
2020,3,8,5,5,5,"other_plant"
2020,4,1,1,1,1,"cheatgrass_plant"
2020,4,1,1,1,2,"cheatgrass_plant"
2020,4,1,1,1,3,"cheatgrass_litter"
2020,4,1,1,1,4,"other_plant"
2020,4,1,1,1,5,"cheatgrass_litter"
2020,4,1,1,2,1,"cheatgrass_litter"
2020,4,1,1,2,2,"cheatgrass_plant"
2020,4,1,1,2,3,"cheatgrass_plant"
2020,4,1,1,2,4,"other_plant"
2020,4,1,1,2,5,"other_plant"
2020,4,1,1,3,1,"cheatgrass_plant"
2020,4,1,1,3,2,"cheatgrass_plant"
2020,4,1,1,3,3,"cheatgrass_plant"
2020,4,1,1,3,4,"cheatgrass_litter"
2020,4,1,1,3,5,"other_plant"
2020,4,1,1,4,1,"other_litter"
2020,4,1,1,4,2,"cheatgrass_plant"
2020,4,1,1,4,3,"bare_ground"
2020,4,1,1,4,4,"other_plant"
2020,4,1,1,4,5,"other_plant"
2020,4,1,1,5,1,"bare_ground"
2020,4,1,1,5,2,"cheatgrass_plant"
2020,4,1,1,5,3,"cheatgrass_litter"
2020,4,1,1,5,4,"cheatgrass_plant"
2020,4,1,1,5,5,"other_plant"
2020,4,1,2,1,1,"bare_ground"
2020,4,1,2,1,2,"other_plant"
2020,4,1,2,1,3,"other_plant"
2020,4,1,2,1,4,"other_litter"
2020,4,1,2,1,5,"other_plant"
2020,4,1,2,2,1,"bare_ground"
2020,4,1,2,2,2,"bare_ground"
2020,4,1,2,2,3,"other_plant"
2020,4,1,2,2,4,"other_plant"
2020,4,1,2,2,5,"other_plant"
2020,4,1,2,3,1,"other_litter"
2020,4,1,2,3,2,"other_plant"
2020,4,1,2,3,3,"other_plant"
2020,4,1,2,3,4,"other_plant"
2020,4,1,2,3,5,"other_plant"
2020,4,1,2,4,1,"other_litter"
2020,4,1,2,4,2,"other_litter"
2020,4,1,2,4,3,"other_plant"
2020,4,1,2,4,4,"other_plant"
2020,4,1,2,4,5,"other_plant"
2020,4,1,2,5,1,"cheatgrass_plant"
2020,4,1,2,5,2,"cheatgrass_plant"
2020,4,1,2,5,3,"cheatgrass_plant"
2020,4,1,2,5,4,"other_plant"
2020,4,1,2,5,5,"other_litter"
2020,4,1,3,1,1,"other_plant"
2020,4,1,3,1,2,"other_plant"
2020,4,1,3,1,3,"bare_ground"
2020,4,1,3,1,4,"other_plant"
2020,4,1,3,1,5,"cheatgrass_litter"
2020,4,1,3,2,1,"other_litter"
2020,4,1,3,2,2,"other_litter"
2020,4,1,3,2,3,"other_plant"
2020,4,1,3,2,4,"cheatgrass_litter"
2020,4,1,3,2,5,"other_plant"
2020,4,1,3,3,1,"other_plant"
2020,4,1,3,3,2,"other_plant"
2020,4,1,3,3,3,"other_plant"
2020,4,1,3,3,4,"other_litter"
2020,4,1,3,3,5,"other_litter"
2020,4,1,3,4,1,"other_litter"
2020,4,1,3,4,2,"other_litter"
2020,4,1,3,4,3,"other_plant"
2020,4,1,3,4,4,"other_plant"
2020,4,1,3,4,5,"other_litter"
2020,4,1,3,5,1,"other_plant"
2020,4,1,3,5,2,"other_litter"
2020,4,1,3,5,3,"other_plant"
2020,4,1,3,5,4,"other_litter"
2020,4,1,3,5,5,"other_plant"
2020,4,1,4,1,1,"bare_ground"
2020,4,1,4,1,2,"other_plant"
2020,4,1,4,1,3,"other_plant"
2020,4,1,4,1,4,"bare_ground"
2020,4,1,4,1,5,"bare_ground"
2020,4,1,4,2,1,"cheatgrass_plant"
2020,4,1,4,2,2,"other_plant"
2020,4,1,4,2,3,"bare_ground"
2020,4,1,4,2,4,"bare_ground"
2020,4,1,4,2,5,"bare_ground"
2020,4,1,4,3,1,"other_plant"
2020,4,1,4,3,2,"other_plant"
2020,4,1,4,3,3,"other_plant"
2020,4,1,4,3,4,"bare_ground"
2020,4,1,4,3,5,"bare_ground"
2020,4,1,4,4,1,"bare_ground"
2020,4,1,4,4,2,"bare_ground"
2020,4,1,4,4,3,"other_litter"
2020,4,1,4,4,4,"bare_ground"
2020,4,1,4,4,5,"bare_ground"
2020,4,1,4,5,1,"bare_ground"
2020,4,1,4,5,2,"other_plant"
2020,4,1,4,5,3,"other_plant"
2020,4,1,4,5,4,"other_litter"
2020,4,1,4,5,5,"bare_ground"
2020,4,1,5,1,1,"bare_ground"
2020,4,1,5,1,2,"bare_ground"
2020,4,1,5,1,3,"bare_ground"
2020,4,1,5,1,4,"other_plant"
2020,4,1,5,1,5,"other_litter"
2020,4,1,5,2,1,"bare_ground"
2020,4,1,5,2,2,"bare_ground"
2020,4,1,5,2,3,"bare_ground"
2020,4,1,5,2,4,"bare_ground"
2020,4,1,5,2,5,"other_plant"
2020,4,1,5,3,1,"other_plant"
2020,4,1,5,3,2,"bare_ground"
2020,4,1,5,3,3,"bare_ground"
2020,4,1,5,3,4,"other_plant"
2020,4,1,5,3,5,"other_plant"
2020,4,1,5,4,1,"bare_ground"
2020,4,1,5,4,2,"bare_ground"
2020,4,1,5,4,3,"bare_ground"
2020,4,1,5,4,4,"other_plant"
2020,4,1,5,4,5,"other_plant"
2020,4,1,5,5,1,"other_plant"
2020,4,1,5,5,2,"other_plant"
2020,4,1,5,5,3,"other_litter"
2020,4,1,5,5,4,"cheatgrass_plant"
2020,4,1,5,5,5,"other_plant"
2020,4,2,1,1,1,"other_plant"
2020,4,2,1,1,2,"other_litter"
2020,4,2,1,1,3,"other_plant"
2020,4,2,1,1,4,"cheatgrass_litter"
2020,4,2,1,1,5,"other_litter"
2020,4,2,1,2,1,"bare_ground"
2020,4,2,1,2,2,"cheatgrass_litter"
2020,4,2,1,2,3,"other_plant"
2020,4,2,1,2,4,"other_litter"
2020,4,2,1,2,5,"other_litter"
2020,4,2,1,3,1,"other_plant"
2020,4,2,1,3,2,"other_plant"
2020,4,2,1,3,3,"cheatgrass_litter"
2020,4,2,1,3,4,"bare_ground"
2020,4,2,1,3,5,"cheatgrass_litter"
2020,4,2,1,4,1,"other_plant"
2020,4,2,1,4,2,"other_plant"
2020,4,2,1,4,3,"other_plant"
2020,4,2,1,4,4,"cheatgrass_litter"
2020,4,2,1,4,5,"cheatgrass_plant"
2020,4,2,1,5,1,"other_plant"
2020,4,2,1,5,2,"other_plant"
2020,4,2,1,5,3,"other_plant"
2020,4,2,1,5,4,"cheatgrass_litter"
2020,4,2,1,5,5,"other_litter"
2020,4,2,2,1,1,"cheatgrass_plant"
2020,4,2,2,1,2,"other_plant"
2020,4,2,2,1,3,"other_plant"
2020,4,2,2,1,4,"cheatgrass_plant"
2020,4,2,2,1,5,"cheatgrass_plant"
2020,4,2,2,2,1,"other_plant"
2020,4,2,2,2,2,"cheatgrass_litter"
2020,4,2,2,2,3,"cheatgrass_litter"
2020,4,2,2,2,4,"other_plant"
2020,4,2,2,2,5,"other_plant"
2020,4,2,2,3,1,"cheatgrass_plant"
2020,4,2,2,3,2,"cheatgrass_plant"
2020,4,2,2,3,3,"other_plant"
2020,4,2,2,3,4,"cheatgrass_litter"
2020,4,2,2,3,5,"other_plant"
2020,4,2,2,4,1,"cheatgrass_plant"
2020,4,2,2,4,2,"other_plant"
2020,4,2,2,4,3,"cheatgrass_litter"
2020,4,2,2,4,4,"cheatgrass_litter"
2020,4,2,2,4,5,"cheatgrass_litter"
2020,4,2,2,5,1,"cheatgrass_plant"
2020,4,2,2,5,2,"other_litter"
2020,4,2,2,5,3,"cheatgrass_plant"
2020,4,2,2,5,4,"cheatgrass_plant"
2020,4,2,2,5,5,"other_plant"
2020,4,2,3,1,1,"cheatgrass_plant"
2020,4,2,3,1,2,"cheatgrass_plant"
2020,4,2,3,1,3,"cheatgrass_plant"
2020,4,2,3,1,4,"cheatgrass_litter"
2020,4,2,3,1,5,"cheatgrass_litter"
2020,4,2,3,2,1,"other_plant"
2020,4,2,3,2,2,"cheatgrass_plant"
2020,4,2,3,2,3,"cheatgrass_plant"
2020,4,2,3,2,4,"cheatgrass_plant"
2020,4,2,3,2,5,"cheatgrass_plant"
2020,4,2,3,3,1,"cheatgrass_plant"
2020,4,2,3,3,2,"cheatgrass_plant"
2020,4,2,3,3,3,"cheatgrass_plant"
2020,4,2,3,3,4,"cheatgrass_litter"
2020,4,2,3,3,5,"cheatgrass_litter"
2020,4,2,3,4,1,"cheatgrass_litter"
2020,4,2,3,4,2,"cheatgrass_plant"
2020,4,2,3,4,3,"cheatgrass_plant"
2020,4,2,3,4,4,"cheatgrass_plant"
2020,4,2,3,4,5,"cheatgrass_plant"
2020,4,2,3,5,1,"cheatgrass_plant"
2020,4,2,3,5,2,"other_plant"
2020,4,2,3,5,3,"cheatgrass_plant"
2020,4,2,3,5,4,"other_plant"
2020,4,2,3,5,5,"cheatgrass_plant"
2020,4,2,4,1,1,"other_litter"
2020,4,2,4,1,2,"other_litter"
2020,4,2,4,1,3,"other_plant"
2020,4,2,4,1,4,"other_plant"
2020,4,2,4,1,5,"other_litter"
2020,4,2,4,2,1,"other_plant"
2020,4,2,4,2,2,"cheatgrass_litter"
2020,4,2,4,2,3,"other_plant"
2020,4,2,4,2,4,"other_plant"
2020,4,2,4,2,5,"other_plant"
2020,4,2,4,3,1,"cheatgrass_plant"
2020,4,2,4,3,2,"other_plant"
2020,4,2,4,3,3,"bare_ground"
2020,4,2,4,3,4,"other_litter"
2020,4,2,4,3,5,"other_litter"
2020,4,2,4,4,1,"other_plant"
2020,4,2,4,4,2,"other_plant"
2020,4,2,4,4,3,"other_litter"
2020,4,2,4,4,4,"other_litter"
2020,4,2,4,4,5,"cheatgrass_plant"
2020,4,2,4,5,1,"other_plant"
2020,4,2,4,5,2,"cheatgrass_plant"
2020,4,2,4,5,3,"cheatgrass_litter"
2020,4,2,4,5,4,"other_plant"
2020,4,2,4,5,5,"other_plant"
2020,4,2,5,1,1,"cheatgrass_plant"
2020,4,2,5,1,2,"cheatgrass_plant"
2020,4,2,5,1,3,"cheatgrass_plant"
2020,4,2,5,1,4,"cheatgrass_plant"
2020,4,2,5,1,5,"cheatgrass_litter"
2020,4,2,5,2,1,"other_plant"
2020,4,2,5,2,2,"other_plant"
2020,4,2,5,2,3,"cheatgrass_litter"
2020,4,2,5,2,4,"cheatgrass_plant"
2020,4,2,5,2,5,"cheatgrass_plant"
2020,4,2,5,3,1,"cheatgrass_plant"
2020,4,2,5,3,2,"other_plant"
2020,4,2,5,3,3,"other_litter"
2020,4,2,5,3,4,"cheatgrass_litter"
2020,4,2,5,3,5,"other_plant"
2020,4,2,5,4,1,"cheatgrass_plant"
2020,4,2,5,4,2,"other_plant"
2020,4,2,5,4,3,"other_plant"
2020,4,2,5,4,4,"bare_ground"
2020,4,2,5,4,5,"bare_ground"
2020,4,2,5,5,1,"other_litter"
2020,4,2,5,5,2,"cheatgrass_litter"
2020,4,2,5,5,3,"cheatgrass_litter"
2020,4,2,5,5,4,"bare_ground"
2020,4,2,5,5,5,"other_plant"
2020,4,3,1,1,1,"cheatgrass_plant"
2020,4,3,1,1,2,"other_litter"
2020,4,3,1,1,3,"other_plant"
2020,4,3,1,1,4,"cheatgrass_plant"
2020,4,3,1,1,5,"other_plant"
2020,4,3,1,2,1,"other_plant"
2020,4,3,1,2,2,"other_plant"
2020,4,3,1,2,3,"cheatgrass_litter"
2020,4,3,1,2,4,"cheatgrass_litter"
2020,4,3,1,2,5,"other_plant"
2020,4,3,1,3,1,"other_plant"
2020,4,3,1,3,2,"cheatgrass_litter"
2020,4,3,1,3,3,"bare_ground"
2020,4,3,1,3,4,"cheatgrass_litter"
2020,4,3,1,3,5,"cheatgrass_plant"
2020,4,3,1,4,1,"cheatgrass_litter"
2020,4,3,1,4,2,"other_litter"
2020,4,3,1,4,3,"other_plant"
2020,4,3,1,4,4,"cheatgrass_plant"
2020,4,3,1,4,5,"cheatgrass_plant"
2020,4,3,1,5,1,"cheatgrass_plant"
2020,4,3,1,5,2,"cheatgrass_litter"
2020,4,3,1,5,3,"cheatgrass_plant"
2020,4,3,1,5,4,"other_plant"
2020,4,3,1,5,5,"cheatgrass_litter"
2020,4,3,2,1,1,"other_plant"
2020,4,3,2,1,2,"other_plant"
2020,4,3,2,1,3,"other_plant"
2020,4,3,2,1,4,"other_litter"
2020,4,3,2,1,5,"cheatgrass_plant"
2020,4,3,2,2,1,"other_plant"
2020,4,3,2,2,2,"other_plant"
2020,4,3,2,2,3,"other_plant"
2020,4,3,2,2,4,"other_plant"
2020,4,3,2,2,5,"other_plant"
2020,4,3,2,3,1,"other_plant"
2020,4,3,2,3,2,"other_plant"
2020,4,3,2,3,3,"other_plant"
2020,4,3,2,3,4,"other_plant"
2020,4,3,2,3,5,"bare_ground"
2020,4,3,2,4,1,"other_plant"
2020,4,3,2,4,2,"other_plant"
2020,4,3,2,4,3,"other_plant"
2020,4,3,2,4,4,"other_plant"
2020,4,3,2,4,5,"cheatgrass_plant"
2020,4,3,2,5,1,"other_litter"
2020,4,3,2,5,2,"other_plant"
2020,4,3,2,5,3,"other_plant"
2020,4,3,2,5,4,"other_litter"
2020,4,3,2,5,5,"other_litter"
2020,4,3,3,1,1,"bare_ground"
2020,4,3,3,1,2,"other_plant"
2020,4,3,3,1,3,"other_plant"
2020,4,3,3,1,4,"cheatgrass_litter"
2020,4,3,3,1,5,"cheatgrass_litter"
2020,4,3,3,2,1,"other_plant"
2020,4,3,3,2,2,"other_plant"
2020,4,3,3,2,3,"other_plant"
2020,4,3,3,2,4,"other_plant"
2020,4,3,3,2,5,"other_plant"
2020,4,3,3,3,1,"cheatgrass_plant"
2020,4,3,3,3,2,"cheatgrass_plant"
2020,4,3,3,3,3,"other_plant"
2020,4,3,3,3,4,"other_plant"
2020,4,3,3,3,5,"cheatgrass_plant"
2020,4,3,3,4,1,"other_plant"
2020,4,3,3,4,2,"other_plant"
2020,4,3,3,4,3,"other_plant"
2020,4,3,3,4,4,"bare_ground"
2020,4,3,3,4,5,"other_plant"
2020,4,3,3,5,1,"cheatgrass_plant"
2020,4,3,3,5,2,"other_litter"
2020,4,3,3,5,3,"other_plant"
2020,4,3,3,5,4,"other_plant"
2020,4,3,3,5,5,"other_plant"
2020,4,3,4,1,1,"other_plant"
2020,4,3,4,1,2,"other_plant"
2020,4,3,4,1,3,"cheatgrass_litter"
2020,4,3,4,1,4,"cheatgrass_litter"
2020,4,3,4,1,5,"cheatgrass_plant"
2020,4,3,4,2,1,"other_litter"
2020,4,3,4,2,2,"other_plant"
2020,4,3,4,2,3,"cheatgrass_litter"
2020,4,3,4,2,4,"bare_ground"
2020,4,3,4,2,5,"bare_ground"
2020,4,3,4,3,1,"other_plant"
2020,4,3,4,3,2,"other_plant"
2020,4,3,4,3,3,"other_litter"
2020,4,3,4,3,4,"other_litter"
2020,4,3,4,3,5,"cheatgrass_litter"
2020,4,3,4,4,1,"other_litter"
2020,4,3,4,4,2,"other_litter"
2020,4,3,4,4,3,"other_plant"
2020,4,3,4,4,4,"other_plant"
2020,4,3,4,4,5,"other_plant"
2020,4,3,4,5,1,"other_litter"
2020,4,3,4,5,2,"other_plant"
2020,4,3,4,5,3,"other_litter"
2020,4,3,4,5,4,"cheatgrass_litter"
2020,4,3,4,5,5,"other_plant"
2020,4,3,5,1,1,"other_litter"
2020,4,3,5,1,2,"other_plant"
2020,4,3,5,1,3,"bare_ground"
2020,4,3,5,1,4,"cheatgrass_plant"
2020,4,3,5,1,5,"cheatgrass_plant"
2020,4,3,5,2,1,"other_plant"
2020,4,3,5,2,2,"other_plant"
2020,4,3,5,2,3,"other_plant"
2020,4,3,5,2,4,"other_plant"
2020,4,3,5,2,5,"cheatgrass_litter"
2020,4,3,5,3,1,"cheatgrass_litter"
2020,4,3,5,3,2,"cheatgrass_plant"
2020,4,3,5,3,3,"cheatgrass_plant"
2020,4,3,5,3,4,"other_plant"
2020,4,3,5,3,5,"other_plant"
2020,4,3,5,4,1,"cheatgrass_plant"
2020,4,3,5,4,2,"other_plant"
2020,4,3,5,4,3,"other_plant"
2020,4,3,5,4,4,"other_plant"
2020,4,3,5,4,5,"cheatgrass_plant"
2020,4,3,5,5,1,"other_plant"
2020,4,3,5,5,2,"cheatgrass_litter"
2020,4,3,5,5,3,"other_plant"
2020,4,3,5,5,4,"cheatgrass_litter"
2020,4,3,5,5,5,"cheatgrass_litter"
2020,4,4,1,1,1,"bare_ground"
2020,4,4,1,1,2,"cheatgrass_litter"
2020,4,4,1,1,3,"other_litter"
2020,4,4,1,1,4,"other_plant"
2020,4,4,1,1,5,"other_plant"
2020,4,4,1,2,1,"other_plant"
2020,4,4,1,2,2,"other_plant"
2020,4,4,1,2,3,"other_plant"
2020,4,4,1,2,4,"cheatgrass_plant"
2020,4,4,1,2,5,"other_plant"
2020,4,4,1,3,1,"other_plant"
2020,4,4,1,3,2,"other_litter"
2020,4,4,1,3,3,"other_plant"
2020,4,4,1,3,4,"other_plant"
2020,4,4,1,3,5,"other_plant"
2020,4,4,1,4,1,"other_plant"
2020,4,4,1,4,2,"other_plant"
2020,4,4,1,4,3,"other_plant"
2020,4,4,1,4,4,"other_litter"
2020,4,4,1,4,5,"other_plant"
2020,4,4,1,5,1,"other_plant"
2020,4,4,1,5,2,"other_plant"
2020,4,4,1,5,3,"other_litter"
2020,4,4,1,5,4,"other_plant"
2020,4,4,1,5,5,"other_plant"
2020,4,4,2,1,1,"cheatgrass_plant"
2020,4,4,2,1,2,"other_plant"
2020,4,4,2,1,3,"other_plant"
2020,4,4,2,1,4,"cheatgrass_plant"
2020,4,4,2,1,5,"bare_ground"
2020,4,4,2,2,1,"other_plant"
2020,4,4,2,2,2,"other_plant"
2020,4,4,2,2,3,"bare_ground"
2020,4,4,2,2,4,"cheatgrass_litter"
2020,4,4,2,2,5,"other_plant"
2020,4,4,2,3,1,"other_plant"
2020,4,4,2,3,2,"bare_ground"
2020,4,4,2,3,3,"cheatgrass_litter"
2020,4,4,2,3,4,"bare_ground"
2020,4,4,2,3,5,"other_plant"
2020,4,4,2,4,1,"other_plant"
2020,4,4,2,4,2,"bare_ground"
2020,4,4,2,4,3,"cheatgrass_plant"
2020,4,4,2,4,4,"cheatgrass_litter"
2020,4,4,2,4,5,"cheatgrass_plant"
2020,4,4,2,5,1,"cheatgrass_plant"
2020,4,4,2,5,2,"other_litter"
2020,4,4,2,5,3,"other_plant"
2020,4,4,2,5,4,"cheatgrass_litter"
2020,4,4,2,5,5,"other_plant"
2020,4,4,3,1,1,"bare_ground"
2020,4,4,3,1,2,"other_plant"
2020,4,4,3,1,3,"other_plant"
2020,4,4,3,1,4,"other_plant"
2020,4,4,3,1,5,"other_plant"
2020,4,4,3,2,1,"other_plant"
2020,4,4,3,2,2,"other_plant"
2020,4,4,3,2,3,"other_plant"
2020,4,4,3,2,4,"other_plant"
2020,4,4,3,2,5,"other_plant"
2020,4,4,3,3,1,"other_plant"
2020,4,4,3,3,2,"other_plant"
2020,4,4,3,3,3,"other_plant"
2020,4,4,3,3,4,"other_plant"
2020,4,4,3,3,5,"other_plant"
2020,4,4,3,4,1,"other_plant"
2020,4,4,3,4,2,"other_plant"
2020,4,4,3,4,3,"other_plant"
2020,4,4,3,4,4,"other_plant"
2020,4,4,3,4,5,"other_plant"
2020,4,4,3,5,1,"other_plant"
2020,4,4,3,5,2,"other_plant"
2020,4,4,3,5,3,"other_plant"
2020,4,4,3,5,4,"other_plant"
2020,4,4,3,5,5,"other_plant"
2020,4,4,4,1,1,"other_plant"
2020,4,4,4,1,2,"cheatgrass_plant"
2020,4,4,4,1,3,"cheatgrass_litter"
2020,4,4,4,1,4,"cheatgrass_litter"
2020,4,4,4,1,5,"cheatgrass_plant"
2020,4,4,4,2,1,"cheatgrass_plant"
2020,4,4,4,2,2,"cheatgrass_litter"
2020,4,4,4,2,3,"cheatgrass_plant"
2020,4,4,4,2,4,"cheatgrass_plant"
2020,4,4,4,2,5,"other_litter"
2020,4,4,4,3,1,"other_plant"
2020,4,4,4,3,2,"cheatgrass_plant"
2020,4,4,4,3,3,"cheatgrass_plant"
2020,4,4,4,3,4,"cheatgrass_plant"
2020,4,4,4,3,5,"other_plant"
2020,4,4,4,4,1,"bare_ground"
2020,4,4,4,4,2,"cheatgrass_litter"
2020,4,4,4,4,3,"cheatgrass_litter"
2020,4,4,4,4,4,"cheatgrass_plant"
2020,4,4,4,4,5,"other_plant"
2020,4,4,4,5,1,"bare_ground"
2020,4,4,4,5,2,"cheatgrass_plant"
2020,4,4,4,5,3,"cheatgrass_plant"
2020,4,4,4,5,4,"cheatgrass_litter"
2020,4,4,4,5,5,"cheatgrass_litter"
2020,4,4,5,1,1,"other_litter"
2020,4,4,5,1,2,"other_litter"
2020,4,4,5,1,3,"other_litter"
2020,4,4,5,1,4,"other_litter"
2020,4,4,5,1,5,"other_plant"
2020,4,4,5,2,1,"other_litter"
2020,4,4,5,2,2,"other_plant"
2020,4,4,5,2,3,"other_litter"
2020,4,4,5,2,4,"other_litter"
2020,4,4,5,2,5,"other_litter"
2020,4,4,5,3,1,"other_plant"
2020,4,4,5,3,2,"other_litter"
2020,4,4,5,3,3,"other_litter"
2020,4,4,5,3,4,"other_litter"
2020,4,4,5,3,5,"other_plant"
2020,4,4,5,4,1,"bare_ground"
2020,4,4,5,4,2,"other_litter"
2020,4,4,5,4,3,"other_litter"
2020,4,4,5,4,4,"other_litter"
2020,4,4,5,4,5,"other_litter"
2020,4,4,5,5,1,"bare_ground"
2020,4,4,5,5,2,"other_litter"
2020,4,4,5,5,3,"other_litter"
2020,4,4,5,5,4,"other_litter"
2020,4,4,5,5,5,"other_plant"
2020,4,5,1,1,1,"other_plant"
2020,4,5,1,1,2,"other_plant"
2020,4,5,1,1,3,"cheatgrass_plant"
2020,4,5,1,1,4,"other_plant"
2020,4,5,1,1,5,"bare_ground"
2020,4,5,1,2,1,"cheatgrass_plant"
2020,4,5,1,2,2,"other_litter"
2020,4,5,1,2,3,"other_plant"
2020,4,5,1,2,4,"cheatgrass_litter"
2020,4,5,1,2,5,"cheatgrass_plant"
2020,4,5,1,3,1,"cheatgrass_plant"
2020,4,5,1,3,2,"other_plant"
2020,4,5,1,3,3,"other_plant"
2020,4,5,1,3,4,"other_plant"
2020,4,5,1,3,5,"cheatgrass_plant"
2020,4,5,1,4,1,"cheatgrass_plant"
2020,4,5,1,4,2,"cheatgrass_plant"
2020,4,5,1,4,3,"cheatgrass_plant"
2020,4,5,1,4,4,"cheatgrass_plant"
2020,4,5,1,4,5,"other_plant"
2020,4,5,1,5,1,"bare_ground"
2020,4,5,1,5,2,"other_plant"
2020,4,5,1,5,3,"other_litter"
2020,4,5,1,5,4,"cheatgrass_litter"
2020,4,5,1,5,5,"cheatgrass_plant"
2020,4,5,2,1,1,"cheatgrass_plant"
2020,4,5,2,1,2,"cheatgrass_plant"
2020,4,5,2,1,3,"cheatgrass_plant"
2020,4,5,2,1,4,"cheatgrass_plant"
2020,4,5,2,1,5,"cheatgrass_litter"
2020,4,5,2,2,1,"bare_ground"
2020,4,5,2,2,2,"other_plant"
2020,4,5,2,2,3,"cheatgrass_plant"
2020,4,5,2,2,4,"cheatgrass_litter"
2020,4,5,2,2,5,"cheatgrass_plant"
2020,4,5,2,3,1,"bare_ground"
2020,4,5,2,3,2,"cheatgrass_plant"
2020,4,5,2,3,3,"other_plant"
2020,4,5,2,3,4,"other_plant"
2020,4,5,2,3,5,"cheatgrass_plant"
2020,4,5,2,4,1,"cheatgrass_plant"
2020,4,5,2,4,2,"cheatgrass_plant"
2020,4,5,2,4,3,"cheatgrass_plant"
2020,4,5,2,4,4,"other_plant"
2020,4,5,2,4,5,"other_litter"
2020,4,5,2,5,1,"cheatgrass_plant"
2020,4,5,2,5,2,"other_plant"
2020,4,5,2,5,3,"other_plant"
2020,4,5,2,5,4,"other_litter"
2020,4,5,2,5,5,"bare_ground"
2020,4,5,3,1,1,"other_plant"
2020,4,5,3,1,2,"other_plant"
2020,4,5,3,1,3,"other_plant"
2020,4,5,3,1,4,"bare_ground"
2020,4,5,3,1,5,"bare_ground"
2020,4,5,3,2,1,"bare_ground"
2020,4,5,3,2,2,"bare_ground"
2020,4,5,3,2,3,"bare_ground"
2020,4,5,3,2,4,"bare_ground"
2020,4,5,3,2,5,"bare_ground"
2020,4,5,3,3,1,"bare_ground"
2020,4,5,3,3,2,"bare_ground"
2020,4,5,3,3,3,"bare_ground"
2020,4,5,3,3,4,"bare_ground"
2020,4,5,3,3,5,"bare_ground"
2020,4,5,3,4,1,"bare_ground"
2020,4,5,3,4,2,"bare_ground"
2020,4,5,3,4,3,"bare_ground"
2020,4,5,3,4,4,"bare_ground"
2020,4,5,3,4,5,"bare_ground"
2020,4,5,3,5,1,"bare_ground"
2020,4,5,3,5,2,"bare_ground"
2020,4,5,3,5,3,"bare_ground"
2020,4,5,3,5,4,"bare_ground"
2020,4,5,3,5,5,"bare_ground"
2020,4,5,4,1,1,"other_plant"
2020,4,5,4,1,2,"other_litter"
2020,4,5,4,1,3,"bare_ground"
2020,4,5,4,1,4,"bare_ground"
2020,4,5,4,1,5,"cheatgrass_plant"
2020,4,5,4,2,1,"other_litter"
2020,4,5,4,2,2,"other_litter"
2020,4,5,4,2,3,"cheatgrass_plant"
2020,4,5,4,2,4,"bare_ground"
2020,4,5,4,2,5,"cheatgrass_litter"
2020,4,5,4,3,1,"other_plant"
2020,4,5,4,3,2,"bare_ground"
2020,4,5,4,3,3,"other_plant"
2020,4,5,4,3,4,"cheatgrass_litter"
2020,4,5,4,3,5,"other_plant"
2020,4,5,4,4,1,"bare_ground"
2020,4,5,4,4,2,"bare_ground"
2020,4,5,4,4,3,"other_plant"
2020,4,5,4,4,4,"other_plant"
2020,4,5,4,4,5,"other_plant"
2020,4,5,4,5,1,"bare_ground"
2020,4,5,4,5,2,"bare_ground"
2020,4,5,4,5,3,"other_plant"
2020,4,5,4,5,4,"cheatgrass_plant"
2020,4,5,4,5,5,"cheatgrass_plant"
2020,4,5,5,1,1,"cheatgrass_plant"
2020,4,5,5,1,2,"bare_ground"
2020,4,5,5,1,3,"other_plant"
2020,4,5,5,1,4,"cheatgrass_plant"
2020,4,5,5,1,5,"cheatgrass_plant"
2020,4,5,5,2,1,"other_plant"
2020,4,5,5,2,2,"cheatgrass_litter"
2020,4,5,5,2,3,"other_plant"
2020,4,5,5,2,4,"bare_ground"
2020,4,5,5,2,5,"cheatgrass_plant"
2020,4,5,5,3,1,"other_plant"
2020,4,5,5,3,2,"bare_ground"
2020,4,5,5,3,3,"other_plant"
2020,4,5,5,3,4,"other_plant"
2020,4,5,5,3,5,"cheatgrass_litter"
2020,4,5,5,4,1,"cheatgrass_plant"
2020,4,5,5,4,2,"cheatgrass_plant"
2020,4,5,5,4,3,"cheatgrass_litter"
2020,4,5,5,4,4,"bare_ground"
2020,4,5,5,4,5,"cheatgrass_litter"
2020,4,5,5,5,1,"cheatgrass_plant"
2020,4,5,5,5,2,"cheatgrass_plant"
2020,4,5,5,5,3,"cheatgrass_plant"
2020,4,5,5,5,4,"cheatgrass_plant"
2020,4,5,5,5,5,"cheatgrass_litter"
2020,4,6,1,1,1,"other_plant"
2020,4,6,1,1,2,"other_plant"
2020,4,6,1,1,3,"other_plant"
2020,4,6,1,1,4,"bare_ground"
2020,4,6,1,1,5,"cheatgrass_plant"
2020,4,6,1,2,1,"cheatgrass_plant"
2020,4,6,1,2,2,"other_plant"
2020,4,6,1,2,3,"cheatgrass_litter"
2020,4,6,1,2,4,"bare_ground"
2020,4,6,1,2,5,"bare_ground"
2020,4,6,1,3,1,"other_plant"
2020,4,6,1,3,2,"other_plant"
2020,4,6,1,3,3,"cheatgrass_plant"
2020,4,6,1,3,4,"bare_ground"
2020,4,6,1,3,5,"cheatgrass_plant"
2020,4,6,1,4,1,"other_plant"
2020,4,6,1,4,2,"other_plant"
2020,4,6,1,4,3,"other_plant"
2020,4,6,1,4,4,"bare_ground"
2020,4,6,1,4,5,"bare_ground"
2020,4,6,1,5,1,"other_plant"
2020,4,6,1,5,2,"bare_ground"
2020,4,6,1,5,3,"other_litter"
2020,4,6,1,5,4,"other_plant"
2020,4,6,1,5,5,"bare_ground"
2020,4,6,2,1,1,"other_plant"
2020,4,6,2,1,2,"cheatgrass_plant"
2020,4,6,2,1,3,"cheatgrass_plant"
2020,4,6,2,1,4,"other_litter"
2020,4,6,2,1,5,"other_plant"
2020,4,6,2,2,1,"other_plant"
2020,4,6,2,2,2,"other_plant"
2020,4,6,2,2,3,"other_plant"
2020,4,6,2,2,4,"cheatgrass_plant"
2020,4,6,2,2,5,"other_litter"
2020,4,6,2,3,1,"other_plant"
2020,4,6,2,3,2,"other_plant"
2020,4,6,2,3,3,"other_plant"
2020,4,6,2,3,4,"other_plant"
2020,4,6,2,3,5,"other_plant"
2020,4,6,2,4,1,"cheatgrass_plant"
2020,4,6,2,4,2,"other_litter"
2020,4,6,2,4,3,"cheatgrass_plant"
2020,4,6,2,4,4,"other_plant"
2020,4,6,2,4,5,"other_plant"
2020,4,6,2,5,1,"cheatgrass_plant"
2020,4,6,2,5,2,"cheatgrass_plant"
2020,4,6,2,5,3,"cheatgrass_litter"
2020,4,6,2,5,4,"cheatgrass_plant"
2020,4,6,2,5,5,"other_plant"
2020,4,6,3,1,1,"other_plant"
2020,4,6,3,1,2,"other_plant"
2020,4,6,3,1,3,"other_litter"
2020,4,6,3,1,4,"other_plant"
2020,4,6,3,1,5,"other_plant"
2020,4,6,3,2,1,"other_plant"
2020,4,6,3,2,2,"bare_ground"
2020,4,6,3,2,3,"other_plant"
2020,4,6,3,2,4,"other_plant"
2020,4,6,3,2,5,"other_litter"
2020,4,6,3,3,1,"other_plant"
2020,4,6,3,3,2,"other_litter"
2020,4,6,3,3,3,"cheatgrass_plant"
2020,4,6,3,3,4,"cheatgrass_litter"
2020,4,6,3,3,5,"other_plant"
2020,4,6,3,4,1,"other_plant"
2020,4,6,3,4,2,"other_plant"
2020,4,6,3,4,3,"other_litter"
2020,4,6,3,4,4,"other_litter"
2020,4,6,3,4,5,"cheatgrass_plant"
2020,4,6,3,5,1,"other_plant"
2020,4,6,3,5,2,"other_litter"
2020,4,6,3,5,3,"other_plant"
2020,4,6,3,5,4,"other_plant"
2020,4,6,3,5,5,"bare_ground"
2020,4,6,4,1,1,"bare_ground"
2020,4,6,4,1,2,"cheatgrass_plant"
2020,4,6,4,1,3,"other_plant"
2020,4,6,4,1,4,"cheatgrass_plant"
2020,4,6,4,1,5,"cheatgrass_litter"
2020,4,6,4,2,1,"bare_ground"
2020,4,6,4,2,2,"cheatgrass_plant"
2020,4,6,4,2,3,"cheatgrass_litter"
2020,4,6,4,2,4,"other_plant"
2020,4,6,4,2,5,"other_plant"
2020,4,6,4,3,1,"cheatgrass_plant"
2020,4,6,4,3,2,"cheatgrass_plant"
2020,4,6,4,3,3,"cheatgrass_plant"
2020,4,6,4,3,4,"other_litter"
2020,4,6,4,3,5,"other_plant"
2020,4,6,4,4,1,"other_plant"
2020,4,6,4,4,2,"bare_ground"
2020,4,6,4,4,3,"other_plant"
2020,4,6,4,4,4,"other_plant"
2020,4,6,4,4,5,"other_plant"
2020,4,6,4,5,1,"other_litter"
2020,4,6,4,5,2,"bare_ground"
2020,4,6,4,5,3,"bare_ground"
2020,4,6,4,5,4,"other_plant"
2020,4,6,4,5,5,"cheatgrass_plant"
2020,4,6,5,1,1,"other_plant"
2020,4,6,5,1,2,"other_plant"
2020,4,6,5,1,3,"other_plant"
2020,4,6,5,1,4,"other_plant"
2020,4,6,5,1,5,"other_plant"
2020,4,6,5,2,1,"other_plant"
2020,4,6,5,2,2,"other_plant"
2020,4,6,5,2,3,"other_plant"
2020,4,6,5,2,4,"other_plant"
2020,4,6,5,2,5,"other_plant"
2020,4,6,5,3,1,"other_plant"
2020,4,6,5,3,2,"other_plant"
2020,4,6,5,3,3,"other_plant"
2020,4,6,5,3,4,"other_plant"
2020,4,6,5,3,5,"other_plant"
2020,4,6,5,4,1,"other_plant"
2020,4,6,5,4,2,"other_plant"
2020,4,6,5,4,3,"other_plant"
2020,4,6,5,4,4,"other_plant"
2020,4,6,5,4,5,"other_plant"
2020,4,6,5,5,1,"other_plant"
2020,4,6,5,5,2,"other_plant"
2020,4,6,5,5,3,"other_plant"
2020,4,6,5,5,4,"other_plant"
2020,4,6,5,5,5,"other_plant"
2020,4,7,1,1,1,"other_litter"
2020,4,7,1,1,2,"other_litter"
2020,4,7,1,1,3,"bare_ground"
2020,4,7,1,1,4,"cheatgrass_litter"
2020,4,7,1,1,5,"cheatgrass_plant"
2020,4,7,1,2,1,"other_litter"
2020,4,7,1,2,2,"other_litter"
2020,4,7,1,2,3,"other_plant"
2020,4,7,1,2,4,"cheatgrass_plant"
2020,4,7,1,2,5,"cheatgrass_plant"
2020,4,7,1,3,1,"other_plant"
2020,4,7,1,3,2,"cheatgrass_plant"
2020,4,7,1,3,3,"other_plant"
2020,4,7,1,3,4,"other_plant"
2020,4,7,1,3,5,"cheatgrass_plant"
2020,4,7,1,4,1,"cheatgrass_plant"
2020,4,7,1,4,2,"other_plant"
2020,4,7,1,4,3,"bare_ground"
2020,4,7,1,4,4,"cheatgrass_litter"
2020,4,7,1,4,5,"cheatgrass_plant"
2020,4,7,1,5,1,"other_plant"
2020,4,7,1,5,2,"cheatgrass_litter"
2020,4,7,1,5,3,"cheatgrass_litter"
2020,4,7,1,5,4,"bare_ground"
2020,4,7,1,5,5,"other_plant"
2020,4,7,2,1,1,"other_plant"
2020,4,7,2,1,2,"other_plant"
2020,4,7,2,1,3,"other_plant"
2020,4,7,2,1,4,"other_plant"
2020,4,7,2,1,5,"other_plant"
2020,4,7,2,2,1,"other_plant"
2020,4,7,2,2,2,"other_plant"
2020,4,7,2,2,3,"other_plant"
2020,4,7,2,2,4,"other_plant"
2020,4,7,2,2,5,"other_plant"
2020,4,7,2,3,1,"other_plant"
2020,4,7,2,3,2,"other_plant"
2020,4,7,2,3,3,"other_plant"
2020,4,7,2,3,4,"other_plant"
2020,4,7,2,3,5,"other_plant"
2020,4,7,2,4,1,"other_plant"
2020,4,7,2,4,2,"other_plant"
2020,4,7,2,4,3,"other_plant"
2020,4,7,2,4,4,"other_plant"
2020,4,7,2,4,5,"other_plant"
2020,4,7,2,5,1,"other_plant"
2020,4,7,2,5,2,"other_plant"
2020,4,7,2,5,3,"other_plant"
2020,4,7,2,5,4,"other_plant"
2020,4,7,2,5,5,"other_plant"
2020,4,7,3,1,1,"cheatgrass_plant"
2020,4,7,3,1,2,"other_plant"
2020,4,7,3,1,3,"other_plant"
2020,4,7,3,1,4,"other_plant"
2020,4,7,3,1,5,"cheatgrass_plant"
2020,4,7,3,2,1,"cheatgrass_litter"
2020,4,7,3,2,2,"bare_ground"
2020,4,7,3,2,3,"other_plant"
2020,4,7,3,2,4,"bare_ground"
2020,4,7,3,2,5,"bare_ground"
2020,4,7,3,3,1,"other_plant"
2020,4,7,3,3,2,"other_plant"
2020,4,7,3,3,3,"cheatgrass_plant"
2020,4,7,3,3,4,"cheatgrass_plant"
2020,4,7,3,3,5,"cheatgrass_plant"
2020,4,7,3,4,1,"other_plant"
2020,4,7,3,4,2,"other_plant"
2020,4,7,3,4,3,"cheatgrass_litter"
2020,4,7,3,4,4,"other_plant"
2020,4,7,3,4,5,"bare_ground"
2020,4,7,3,5,1,"other_plant"
2020,4,7,3,5,2,"other_plant"
2020,4,7,3,5,3,"other_litter"
2020,4,7,3,5,4,"other_plant"
2020,4,7,3,5,5,"bare_ground"
2020,4,7,4,1,1,"other_plant"
2020,4,7,4,1,2,"other_plant"
2020,4,7,4,1,3,"other_plant"
2020,4,7,4,1,4,"other_plant"
2020,4,7,4,1,5,"other_plant"
2020,4,7,4,2,1,"other_plant"
2020,4,7,4,2,2,"other_plant"
2020,4,7,4,2,3,"other_plant"
2020,4,7,4,2,4,"other_plant"
2020,4,7,4,2,5,"other_plant"
2020,4,7,4,3,1,"other_plant"
2020,4,7,4,3,2,"other_plant"
2020,4,7,4,3,3,"other_plant"
2020,4,7,4,3,4,"other_plant"
2020,4,7,4,3,5,"other_plant"
2020,4,7,4,4,1,"other_plant"
2020,4,7,4,4,2,"other_plant"
2020,4,7,4,4,3,"other_plant"
2020,4,7,4,4,4,"other_plant"
2020,4,7,4,4,5,"other_plant"
2020,4,7,4,5,1,"other_plant"
2020,4,7,4,5,2,"other_plant"
2020,4,7,4,5,3,"other_plant"
2020,4,7,4,5,4,"other_plant"
2020,4,7,4,5,5,"other_plant"
2020,4,7,5,1,1,"cheatgrass_litter"
2020,4,7,5,1,2,"bare_ground"
2020,4,7,5,1,3,"other_plant"
2020,4,7,5,1,4,"other_plant"
2020,4,7,5,1,5,"cheatgrass_plant"
2020,4,7,5,2,1,"other_plant"
2020,4,7,5,2,2,"other_plant"
2020,4,7,5,2,3,"cheatgrass_plant"
2020,4,7,5,2,4,"cheatgrass_plant"
2020,4,7,5,2,5,"other_plant"
2020,4,7,5,3,1,"other_plant"
2020,4,7,5,3,2,"other_plant"
2020,4,7,5,3,3,"cheatgrass_litter"
2020,4,7,5,3,4,"cheatgrass_plant"
2020,4,7,5,3,5,"other_plant"
2020,4,7,5,4,1,"cheatgrass_plant"
2020,4,7,5,4,2,"other_plant"
2020,4,7,5,4,3,"other_plant"
2020,4,7,5,4,4,"cheatgrass_litter"
2020,4,7,5,4,5,"bare_ground"
2020,4,7,5,5,1,"other_plant"
2020,4,7,5,5,2,"cheatgrass_litter"
2020,4,7,5,5,3,"other_plant"
2020,4,7,5,5,4,"cheatgrass_plant"
2020,4,7,5,5,5,"cheatgrass_litter"
2020,4,8,1,1,1,"cheatgrass_plant"
2020,4,8,1,1,2,"other_plant"
2020,4,8,1,1,3,"cheatgrass_plant"
2020,4,8,1,1,4,"cheatgrass_plant"
2020,4,8,1,1,5,"cheatgrass_plant"
2020,4,8,1,2,1,"cheatgrass_litter"
2020,4,8,1,2,2,"cheatgrass_litter"
2020,4,8,1,2,3,"other_plant"
2020,4,8,1,2,4,"cheatgrass_plant"
2020,4,8,1,2,5,"cheatgrass_plant"
2020,4,8,1,3,1,"cheatgrass_litter"
2020,4,8,1,3,2,"cheatgrass_litter"
2020,4,8,1,3,3,"cheatgrass_plant"
2020,4,8,1,3,4,"other_plant"
2020,4,8,1,3,5,"cheatgrass_litter"
2020,4,8,1,4,1,"other_litter"
2020,4,8,1,4,2,"other_plant"
2020,4,8,1,4,3,"cheatgrass_litter"
2020,4,8,1,4,4,"cheatgrass_plant"
2020,4,8,1,4,5,"cheatgrass_plant"
2020,4,8,1,5,1,"other_plant"
2020,4,8,1,5,2,"other_plant"
2020,4,8,1,5,3,"cheatgrass_litter"
2020,4,8,1,5,4,"cheatgrass_litter"
2020,4,8,1,5,5,"cheatgrass_litter"
2020,4,8,2,1,1,"cheatgrass_plant"
2020,4,8,2,1,2,"cheatgrass_plant"
2020,4,8,2,1,3,"bare_ground"
2020,4,8,2,1,4,"other_plant"
2020,4,8,2,1,5,"bare_ground"
2020,4,8,2,2,1,"cheatgrass_plant"
2020,4,8,2,2,2,"cheatgrass_litter"
2020,4,8,2,2,3,"bare_ground"
2020,4,8,2,2,4,"bare_ground"
2020,4,8,2,2,5,"other_plant"
2020,4,8,2,3,1,"cheatgrass_plant"
2020,4,8,2,3,2,"other_plant"
2020,4,8,2,3,3,"bare_ground"
2020,4,8,2,3,4,"bare_ground"
2020,4,8,2,3,5,"other_plant"
2020,4,8,2,4,1,"other_plant"
2020,4,8,2,4,2,"cheatgrass_litter"
2020,4,8,2,4,3,"bare_ground"
2020,4,8,2,4,4,"bare_ground"
2020,4,8,2,4,5,"other_plant"
2020,4,8,2,5,1,"cheatgrass_plant"
2020,4,8,2,5,2,"cheatgrass_plant"
2020,4,8,2,5,3,"cheatgrass_plant"
2020,4,8,2,5,4,"other_plant"
2020,4,8,2,5,5,"other_plant"
2020,4,8,3,1,1,"bare_ground"
2020,4,8,3,1,2,"bare_ground"
2020,4,8,3,1,3,"cheatgrass_litter"
2020,4,8,3,1,4,"other_plant"
2020,4,8,3,1,5,"cheatgrass_plant"
2020,4,8,3,2,1,"cheatgrass_litter"
2020,4,8,3,2,2,"cheatgrass_litter"
2020,4,8,3,2,3,"cheatgrass_litter"
2020,4,8,3,2,4,"cheatgrass_plant"
2020,4,8,3,2,5,"cheatgrass_litter"
2020,4,8,3,3,1,"other_plant"
2020,4,8,3,3,2,"cheatgrass_plant"
2020,4,8,3,3,3,"bare_ground"
2020,4,8,3,3,4,"cheatgrass_plant"
2020,4,8,3,3,5,"cheatgrass_litter"
2020,4,8,3,4,1,"cheatgrass_plant"
2020,4,8,3,4,2,"cheatgrass_plant"
2020,4,8,3,4,3,"cheatgrass_litter"
2020,4,8,3,4,4,"cheatgrass_litter"
2020,4,8,3,4,5,"cheatgrass_plant"
2020,4,8,3,5,1,"cheatgrass_plant"
2020,4,8,3,5,2,"cheatgrass_plant"
2020,4,8,3,5,3,"other_plant"
2020,4,8,3,5,4,"cheatgrass_plant"
2020,4,8,3,5,5,"cheatgrass_plant"
2020,4,8,4,1,1,"other_plant"
2020,4,8,4,1,2,"other_plant"
2020,4,8,4,1,3,"other_plant"
2020,4,8,4,1,4,"other_plant"
2020,4,8,4,1,5,"other_plant"
2020,4,8,4,2,1,"other_plant"
2020,4,8,4,2,2,"other_plant"
2020,4,8,4,2,3,"other_plant"
2020,4,8,4,2,4,"other_plant"
2020,4,8,4,2,5,"other_plant"
2020,4,8,4,3,1,"other_plant"
2020,4,8,4,3,2,"other_plant"
2020,4,8,4,3,3,"other_plant"
2020,4,8,4,3,4,"other_plant"
2020,4,8,4,3,5,"other_plant"
2020,4,8,4,4,1,"other_plant"
2020,4,8,4,4,2,"other_plant"
2020,4,8,4,4,3,"other_plant"
2020,4,8,4,4,4,"other_plant"
2020,4,8,4,4,5,"other_plant"
2020,4,8,4,5,1,"other_plant"
2020,4,8,4,5,2,"other_plant"
2020,4,8,4,5,3,"other_plant"
2020,4,8,4,5,4,"other_plant"
2020,4,8,4,5,5,"other_plant"
2020,4,8,5,1,1,"other_plant"
2020,4,8,5,1,2,"cheatgrass_litter"
2020,4,8,5,1,3,"bare_ground"
2020,4,8,5,1,4,"bare_ground"
2020,4,8,5,1,5,"other_litter"
2020,4,8,5,2,1,"cheatgrass_plant"
2020,4,8,5,2,2,"bare_ground"
2020,4,8,5,2,3,"bare_ground"
2020,4,8,5,2,4,"other_litter"
2020,4,8,5,2,5,"cheatgrass_litter"
2020,4,8,5,3,1,"cheatgrass_plant"
2020,4,8,5,3,2,"cheatgrass_plant"
2020,4,8,5,3,3,"cheatgrass_plant"
2020,4,8,5,3,4,"cheatgrass_plant"
2020,4,8,5,3,5,"other_plant"
2020,4,8,5,4,1,"other_litter"
2020,4,8,5,4,2,"other_litter"
2020,4,8,5,4,3,"other_plant"
2020,4,8,5,4,4,"cheatgrass_plant"
2020,4,8,5,4,5,"cheatgrass_plant"
2020,4,8,5,5,1,"other_plant"
2020,4,8,5,5,2,"cheatgrass_plant"
2020,4,8,5,5,3,"cheatgrass_plant"
2020,4,8,5,5,4,"bare_ground"
2020,4,8,5,5,5,"cheatgrass_litter"
2020,5,1,1,1,1,"other_plant"
2020,5,1,1,1,2,"other_litter"
2020,5,1,1,1,3,"other_litter"
2020,5,1,1,1,4,"other_litter"
2020,5,1,1,1,5,"other_plant"
2020,5,1,1,2,1,"other_plant"
2020,5,1,1,2,2,"other_litter"
2020,5,1,1,2,3,"other_litter"
2020,5,1,1,2,4,"other_plant"
2020,5,1,1,2,5,"other_plant"
2020,5,1,1,3,1,"other_litter"
2020,5,1,1,3,2,"other_litter"
2020,5,1,1,3,3,"other_plant"
2020,5,1,1,3,4,"other_litter"
2020,5,1,1,3,5,"other_litter"
2020,5,1,1,4,1,"other_plant"
2020,5,1,1,4,2,"other_plant"
2020,5,1,1,4,3,"other_litter"
2020,5,1,1,4,4,"other_litter"
2020,5,1,1,4,5,"other_litter"
2020,5,1,1,5,1,"other_litter"
2020,5,1,1,5,2,"other_plant"
2020,5,1,1,5,3,"other_litter"
2020,5,1,1,5,4,"other_litter"
2020,5,1,1,5,5,"other_plant"
2020,5,1,2,1,1,"other_plant"
2020,5,1,2,1,2,"other_litter"
2020,5,1,2,1,3,"other_plant"
2020,5,1,2,1,4,"other_plant"
2020,5,1,2,1,5,"other_plant"
2020,5,1,2,2,1,"other_plant"
2020,5,1,2,2,2,"other_litter"
2020,5,1,2,2,3,"other_plant"
2020,5,1,2,2,4,"other_litter"
2020,5,1,2,2,5,"other_plant"
2020,5,1,2,3,1,"other_plant"
2020,5,1,2,3,2,"other_plant"
2020,5,1,2,3,3,"other_litter"
2020,5,1,2,3,4,"other_litter"
2020,5,1,2,3,5,"other_plant"
2020,5,1,2,4,1,"other_plant"
2020,5,1,2,4,2,"other_plant"
2020,5,1,2,4,3,"other_plant"
2020,5,1,2,4,4,"other_plant"
2020,5,1,2,4,5,"other_plant"
2020,5,1,2,5,1,"other_plant"
2020,5,1,2,5,2,"other_litter"
2020,5,1,2,5,3,"other_litter"
2020,5,1,2,5,4,"other_plant"
2020,5,1,2,5,5,"other_plant"
2020,5,1,3,1,1,"other_litter"
2020,5,1,3,1,2,"other_litter"
2020,5,1,3,1,3,"other_litter"
2020,5,1,3,1,4,"other_plant"
2020,5,1,3,1,5,"other_plant"
2020,5,1,3,2,1,"other_plant"
2020,5,1,3,2,2,"other_plant"
2020,5,1,3,2,3,"other_litter"
2020,5,1,3,2,4,"other_plant"
2020,5,1,3,2,5,"other_litter"
2020,5,1,3,3,1,"other_plant"
2020,5,1,3,3,2,"other_plant"
2020,5,1,3,3,3,"other_plant"
2020,5,1,3,3,4,"other_litter"
2020,5,1,3,3,5,"other_litter"
2020,5,1,3,4,1,"other_plant"
2020,5,1,3,4,2,"other_plant"
2020,5,1,3,4,3,"other_litter"
2020,5,1,3,4,4,"other_litter"
2020,5,1,3,4,5,"other_plant"
2020,5,1,3,5,1,"other_plant"
2020,5,1,3,5,2,"other_plant"
2020,5,1,3,5,3,"other_litter"
2020,5,1,3,5,4,"other_plant"
2020,5,1,3,5,5,"other_plant"
2020,5,1,4,1,1,"bare_ground"
2020,5,1,4,1,2,"other_plant"
2020,5,1,4,1,3,"other_plant"
2020,5,1,4,1,4,"other_plant"
2020,5,1,4,1,5,"other_plant"
2020,5,1,4,2,1,"other_plant"
2020,5,1,4,2,2,"other_plant"
2020,5,1,4,2,3,"other_litter"
2020,5,1,4,2,4,"other_plant"
2020,5,1,4,2,5,"other_litter"
2020,5,1,4,3,1,"other_plant"
2020,5,1,4,3,2,"other_plant"
2020,5,1,4,3,3,"other_plant"
2020,5,1,4,3,4,"bare_ground"
2020,5,1,4,3,5,"other_plant"
2020,5,1,4,4,1,"other_plant"
2020,5,1,4,4,2,"other_plant"
2020,5,1,4,4,3,"other_plant"
2020,5,1,4,4,4,"other_plant"
2020,5,1,4,4,5,"bare_ground"
2020,5,1,4,5,1,"other_litter"
2020,5,1,4,5,2,"other_plant"
2020,5,1,4,5,3,"other_plant"
2020,5,1,4,5,4,"other_litter"
2020,5,1,4,5,5,"other_litter"
2020,5,1,5,1,1,"cheatgrass_plant"
2020,5,1,5,1,2,"cheatgrass_plant"
2020,5,1,5,1,3,"cheatgrass_plant"
2020,5,1,5,1,4,"cheatgrass_plant"
2020,5,1,5,1,5,"cheatgrass_plant"
2020,5,1,5,2,1,"cheatgrass_plant"
2020,5,1,5,2,2,"cheatgrass_plant"
2020,5,1,5,2,3,"cheatgrass_plant"
2020,5,1,5,2,4,"bare_ground"
2020,5,1,5,2,5,"other_litter"
2020,5,1,5,3,1,"bare_ground"
2020,5,1,5,3,2,"cheatgrass_plant"
2020,5,1,5,3,3,"cheatgrass_plant"
2020,5,1,5,3,4,"bare_ground"
2020,5,1,5,3,5,"other_plant"
2020,5,1,5,4,1,"bare_ground"
2020,5,1,5,4,2,"cheatgrass_plant"
2020,5,1,5,4,3,"other_litter"
2020,5,1,5,4,4,"other_litter"
2020,5,1,5,4,5,"cheatgrass_plant"
2020,5,1,5,5,1,"bare_ground"
2020,5,1,5,5,2,"bare_ground"
2020,5,1,5,5,3,"other_litter"
2020,5,1,5,5,4,"bare_ground"
2020,5,1,5,5,5,"other_litter"
2020,5,2,1,1,1,"other_plant"
2020,5,2,1,1,2,"other_litter"
2020,5,2,1,1,3,"other_plant"
2020,5,2,1,1,4,"other_plant"
2020,5,2,1,1,5,"other_litter"
2020,5,2,1,2,1,"other_plant"
2020,5,2,1,2,2,"other_plant"
2020,5,2,1,2,3,"other_plant"
2020,5,2,1,2,4,"other_litter"
2020,5,2,1,2,5,"other_plant"
2020,5,2,1,3,1,"other_plant"
2020,5,2,1,3,2,"other_plant"
2020,5,2,1,3,3,"other_plant"
2020,5,2,1,3,4,"other_plant"
2020,5,2,1,3,5,"other_plant"
2020,5,2,1,4,1,"other_plant"
2020,5,2,1,4,2,"other_plant"
2020,5,2,1,4,3,"other_plant"
2020,5,2,1,4,4,"other_plant"
2020,5,2,1,4,5,"other_plant"
2020,5,2,1,5,1,"other_plant"
2020,5,2,1,5,2,"other_plant"
2020,5,2,1,5,3,"other_plant"
2020,5,2,1,5,4,"other_plant"
2020,5,2,1,5,5,"other_litter"
2020,5,2,2,1,1,"other_litter"
2020,5,2,2,1,2,"other_plant"
2020,5,2,2,1,3,"other_litter"
2020,5,2,2,1,4,"other_plant"
2020,5,2,2,1,5,"other_plant"
2020,5,2,2,2,1,"other_litter"
2020,5,2,2,2,2,"other_plant"
2020,5,2,2,2,3,"other_plant"
2020,5,2,2,2,4,"other_plant"
2020,5,2,2,2,5,"other_plant"
2020,5,2,2,3,1,"other_plant"
2020,5,2,2,3,2,"other_plant"
2020,5,2,2,3,3,"other_plant"
2020,5,2,2,3,4,"other_plant"
2020,5,2,2,3,5,"other_plant"
2020,5,2,2,4,1,"other_plant"
2020,5,2,2,4,2,"other_plant"
2020,5,2,2,4,3,"other_litter"
2020,5,2,2,4,4,"other_plant"
2020,5,2,2,4,5,"other_plant"
2020,5,2,2,5,1,"other_plant"
2020,5,2,2,5,2,"other_plant"
2020,5,2,2,5,3,"other_plant"
2020,5,2,2,5,4,"other_litter"
2020,5,2,2,5,5,"other_litter"
2020,5,2,3,1,1,"other_litter"
2020,5,2,3,1,2,"other_plant"
2020,5,2,3,1,3,"other_plant"
2020,5,2,3,1,4,"other_plant"
2020,5,2,3,1,5,"other_plant"
2020,5,2,3,2,1,"other_plant"
2020,5,2,3,2,2,"other_plant"
2020,5,2,3,2,3,"other_plant"
2020,5,2,3,2,4,"other_plant"
2020,5,2,3,2,5,"other_plant"
2020,5,2,3,3,1,"other_plant"
2020,5,2,3,3,2,"other_plant"
2020,5,2,3,3,3,"other_plant"
2020,5,2,3,3,4,"other_plant"
2020,5,2,3,3,5,"other_litter"
2020,5,2,3,4,1,"other_plant"
2020,5,2,3,4,2,"other_litter"
2020,5,2,3,4,3,"other_litter"
2020,5,2,3,4,4,"other_plant"
2020,5,2,3,4,5,"other_plant"
2020,5,2,3,5,1,"other_plant"
2020,5,2,3,5,2,"other_litter"
2020,5,2,3,5,3,"other_litter"
2020,5,2,3,5,4,"other_plant"
2020,5,2,3,5,5,"other_plant"
2020,5,2,4,1,1,"other_litter"
2020,5,2,4,1,2,"other_litter"
2020,5,2,4,1,3,"other_litter"
2020,5,2,4,1,4,"bare_ground"
2020,5,2,4,1,5,"other_plant"
2020,5,2,4,2,1,"other_litter"
2020,5,2,4,2,2,"other_litter"
2020,5,2,4,2,3,"other_plant"
2020,5,2,4,2,4,"other_plant"
2020,5,2,4,2,5,"other_plant"
2020,5,2,4,3,1,"bare_ground"
2020,5,2,4,3,2,"bare_ground"
2020,5,2,4,3,3,"other_plant"
2020,5,2,4,3,4,"bare_ground"
2020,5,2,4,3,5,"bare_ground"
2020,5,2,4,4,1,"other_plant"
2020,5,2,4,4,2,"other_plant"
2020,5,2,4,4,3,"other_plant"
2020,5,2,4,4,4,"bare_ground"
2020,5,2,4,4,5,"bare_ground"
2020,5,2,4,5,1,"other_plant"
2020,5,2,4,5,2,"other_plant"
2020,5,2,4,5,3,"other_plant"
2020,5,2,4,5,4,"other_plant"
2020,5,2,4,5,5,"bare_ground"
2020,5,2,5,1,1,"other_plant"
2020,5,2,5,1,2,"other_litter"
2020,5,2,5,1,3,"other_plant"
2020,5,2,5,1,4,"other_plant"
2020,5,2,5,1,5,"other_plant"
2020,5,2,5,2,1,"other_plant"
2020,5,2,5,2,2,"other_plant"
2020,5,2,5,2,3,"other_plant"
2020,5,2,5,2,4,"other_plant"
2020,5,2,5,2,5,"other_litter"
2020,5,2,5,3,1,"other_plant"
2020,5,2,5,3,2,"cheatgrass_litter"
2020,5,2,5,3,3,"other_plant"
2020,5,2,5,3,4,"cheatgrass_litter"
2020,5,2,5,3,5,"other_plant"
2020,5,2,5,4,1,"other_litter"
2020,5,2,5,4,2,"other_litter"
2020,5,2,5,4,3,"cheatgrass_plant"
2020,5,2,5,4,4,"cheatgrass_plant"
2020,5,2,5,4,5,"cheatgrass_plant"
2020,5,2,5,5,1,"other_plant"
2020,5,2,5,5,2,"cheatgrass_plant"
2020,5,2,5,5,3,"other_plant"
2020,5,2,5,5,4,"other_litter"
2020,5,2,5,5,5,"cheatgrass_plant"
2020,5,3,1,1,1,"other_plant"
2020,5,3,1,1,2,"other_plant"
2020,5,3,1,1,3,"other_plant"
2020,5,3,1,1,4,"other_litter"
2020,5,3,1,1,5,"other_litter"
2020,5,3,1,2,1,"other_plant"
2020,5,3,1,2,2,"other_plant"
2020,5,3,1,2,3,"other_plant"
2020,5,3,1,2,4,"bare_ground"
2020,5,3,1,2,5,"other_plant"
2020,5,3,1,3,1,"other_litter"
2020,5,3,1,3,2,"other_litter"
2020,5,3,1,3,3,"other_plant"
2020,5,3,1,3,4,"other_plant"
2020,5,3,1,3,5,"bare_ground"
2020,5,3,1,4,1,"other_plant"
2020,5,3,1,4,2,"other_plant"
2020,5,3,1,4,3,"other_plant"
2020,5,3,1,4,4,"other_litter"
2020,5,3,1,4,5,"other_plant"
2020,5,3,1,5,1,"other_plant"
2020,5,3,1,5,2,"other_plant"
2020,5,3,1,5,3,"other_plant"
2020,5,3,1,5,4,"other_plant"
2020,5,3,1,5,5,"other_litter"
2020,5,3,2,1,1,"other_plant"
2020,5,3,2,1,2,"other_plant"
2020,5,3,2,1,3,"other_plant"
2020,5,3,2,1,4,"other_plant"
2020,5,3,2,1,5,"other_litter"
2020,5,3,2,2,1,"other_plant"
2020,5,3,2,2,2,"other_plant"
2020,5,3,2,2,3,"other_litter"
2020,5,3,2,2,4,"other_plant"
2020,5,3,2,2,5,"other_litter"
2020,5,3,2,3,1,"other_plant"
2020,5,3,2,3,2,"other_plant"
2020,5,3,2,3,3,"other_plant"
2020,5,3,2,3,4,"other_plant"
2020,5,3,2,3,5,"other_litter"
2020,5,3,2,4,1,"other_litter"
2020,5,3,2,4,2,"other_plant"
2020,5,3,2,4,3,"other_litter"
2020,5,3,2,4,4,"other_plant"
2020,5,3,2,4,5,"other_litter"
2020,5,3,2,5,1,"other_plant"
2020,5,3,2,5,2,"other_plant"
2020,5,3,2,5,3,"other_plant"
2020,5,3,2,5,4,"other_plant"
2020,5,3,2,5,5,"other_litter"
2020,5,3,3,1,1,"other_litter"
2020,5,3,3,1,2,"other_litter"
2020,5,3,3,1,3,"other_plant"
2020,5,3,3,1,4,"other_plant"
2020,5,3,3,1,5,"other_plant"
2020,5,3,3,2,1,"other_plant"
2020,5,3,3,2,2,"other_litter"
2020,5,3,3,2,3,"other_plant"
2020,5,3,3,2,4,"other_plant"
2020,5,3,3,2,5,"other_litter"
2020,5,3,3,3,1,"other_litter"
2020,5,3,3,3,2,"other_plant"
2020,5,3,3,3,3,"other_litter"
2020,5,3,3,3,4,"other_plant"
2020,5,3,3,3,5,"other_plant"
2020,5,3,3,4,1,"other_plant"
2020,5,3,3,4,2,"other_plant"
2020,5,3,3,4,3,"other_plant"
2020,5,3,3,4,4,"other_litter"
2020,5,3,3,4,5,"other_plant"
2020,5,3,3,5,1,"other_plant"
2020,5,3,3,5,2,"other_plant"
2020,5,3,3,5,3,"other_plant"
2020,5,3,3,5,4,"other_litter"
2020,5,3,3,5,5,"other_plant"
2020,5,3,4,1,1,"other_litter"
2020,5,3,4,1,2,"other_plant"
2020,5,3,4,1,3,"other_plant"
2020,5,3,4,1,4,"other_plant"
2020,5,3,4,1,5,"other_litter"
2020,5,3,4,2,1,"other_litter"
2020,5,3,4,2,2,"other_litter"
2020,5,3,4,2,3,"other_litter"
2020,5,3,4,2,4,"other_plant"
2020,5,3,4,2,5,"other_plant"
2020,5,3,4,3,1,"other_litter"
2020,5,3,4,3,2,"other_plant"
2020,5,3,4,3,3,"other_litter"
2020,5,3,4,3,4,"other_plant"
2020,5,3,4,3,5,"other_plant"
2020,5,3,4,4,1,"other_litter"
2020,5,3,4,4,2,"other_plant"
2020,5,3,4,4,3,"other_plant"
2020,5,3,4,4,4,"other_plant"
2020,5,3,4,4,5,"other_litter"
2020,5,3,4,5,1,"other_litter"
2020,5,3,4,5,2,"other_plant"
2020,5,3,4,5,3,"other_litter"
2020,5,3,4,5,4,"other_plant"
2020,5,3,4,5,5,"other_plant"
2020,5,3,5,1,1,"other_plant"
2020,5,3,5,1,2,"other_litter"
2020,5,3,5,1,3,"other_litter"
2020,5,3,5,1,4,"other_litter"
2020,5,3,5,1,5,"other_plant"
2020,5,3,5,2,1,"other_plant"
2020,5,3,5,2,2,"other_plant"
2020,5,3,5,2,3,"other_litter"
2020,5,3,5,2,4,"other_plant"
2020,5,3,5,2,5,"other_litter"
2020,5,3,5,3,1,"other_plant"
2020,5,3,5,3,2,"other_plant"
2020,5,3,5,3,3,"other_litter"
2020,5,3,5,3,4,"other_plant"
2020,5,3,5,3,5,"other_litter"
2020,5,3,5,4,1,"other_litter"
2020,5,3,5,4,2,"other_litter"
2020,5,3,5,4,3,"other_plant"
2020,5,3,5,4,4,"other_litter"
2020,5,3,5,4,5,"other_litter"
2020,5,3,5,5,1,"other_plant"
2020,5,3,5,5,2,"other_plant"
2020,5,3,5,5,3,"other_plant"
2020,5,3,5,5,4,"other_plant"
2020,5,3,5,5,5,"other_plant"
2020,5,4,1,1,1,"other_plant"
2020,5,4,1,1,2,"other_litter"
2020,5,4,1,1,3,"other_plant"
2020,5,4,1,1,4,"other_plant"
2020,5,4,1,1,5,"other_litter"
2020,5,4,1,2,1,"other_litter"
2020,5,4,1,2,2,"other_plant"
2020,5,4,1,2,3,"other_plant"
2020,5,4,1,2,4,"other_plant"
2020,5,4,1,2,5,"other_plant"
2020,5,4,1,3,1,"other_litter"
2020,5,4,1,3,2,"other_litter"
2020,5,4,1,3,3,"other_plant"
2020,5,4,1,3,4,"other_plant"
2020,5,4,1,3,5,"other_plant"
2020,5,4,1,4,1,"other_litter"
2020,5,4,1,4,2,"other_litter"
2020,5,4,1,4,3,"other_plant"
2020,5,4,1,4,4,"other_plant"
2020,5,4,1,4,5,"other_plant"
2020,5,4,1,5,1,"other_plant"
2020,5,4,1,5,2,"other_plant"
2020,5,4,1,5,3,"other_litter"
2020,5,4,1,5,4,"other_plant"
2020,5,4,1,5,5,"other_plant"
2020,5,4,2,1,1,"other_plant"
2020,5,4,2,1,2,"other_plant"
2020,5,4,2,1,3,"other_plant"
2020,5,4,2,1,4,"other_plant"
2020,5,4,2,1,5,"other_litter"
2020,5,4,2,2,1,"bare_ground"
2020,5,4,2,2,2,"other_plant"
2020,5,4,2,2,3,"other_plant"
2020,5,4,2,2,4,"cheatgrass_plant"
2020,5,4,2,2,5,"other_litter"
2020,5,4,2,3,1,"other_litter"
2020,5,4,2,3,2,"other_plant"
2020,5,4,2,3,3,"other_plant"
2020,5,4,2,3,4,"other_plant"
2020,5,4,2,3,5,"other_plant"
2020,5,4,2,4,1,"other_plant"
2020,5,4,2,4,2,"other_litter"
2020,5,4,2,4,3,"other_litter"
2020,5,4,2,4,4,"other_litter"
2020,5,4,2,4,5,"other_plant"
2020,5,4,2,5,1,"other_plant"
2020,5,4,2,5,2,"other_plant"
2020,5,4,2,5,3,"other_plant"
2020,5,4,2,5,4,"other_plant"
2020,5,4,2,5,5,"other_litter"
2020,5,4,3,1,1,"bare_ground"
2020,5,4,3,1,2,"other_litter"
2020,5,4,3,1,3,"bare_ground"
2020,5,4,3,1,4,"bare_ground"
2020,5,4,3,1,5,"other_litter"
2020,5,4,3,2,1,"other_litter"
2020,5,4,3,2,2,"other_plant"
2020,5,4,3,2,3,"other_plant"
2020,5,4,3,2,4,"other_plant"
2020,5,4,3,2,5,"other_plant"
2020,5,4,3,3,1,"other_plant"
2020,5,4,3,3,2,"other_plant"
2020,5,4,3,3,3,"other_plant"
2020,5,4,3,3,4,"other_plant"
2020,5,4,3,3,5,"other_litter"
2020,5,4,3,4,1,"other_plant"
2020,5,4,3,4,2,"other_plant"
2020,5,4,3,4,3,"other_plant"
2020,5,4,3,4,4,"other_plant"
2020,5,4,3,4,5,"other_plant"
2020,5,4,3,5,1,"other_litter"
2020,5,4,3,5,2,"other_plant"
2020,5,4,3,5,3,"other_plant"
2020,5,4,3,5,4,"other_litter"
2020,5,4,3,5,5,"other_plant"
2020,5,4,4,1,1,"other_plant"
2020,5,4,4,1,2,"other_litter"
2020,5,4,4,1,3,"other_plant"
2020,5,4,4,1,4,"other_plant"
2020,5,4,4,1,5,"other_plant"
2020,5,4,4,2,1,"other_litter"
2020,5,4,4,2,2,"other_plant"
2020,5,4,4,2,3,"other_plant"
2020,5,4,4,2,4,"other_plant"
2020,5,4,4,2,5,"other_plant"
2020,5,4,4,3,1,"other_litter"
2020,5,4,4,3,2,"other_litter"
2020,5,4,4,3,3,"other_plant"
2020,5,4,4,3,4,"other_plant"
2020,5,4,4,3,5,"other_litter"
2020,5,4,4,4,1,"other_litter"
2020,5,4,4,4,2,"other_litter"
2020,5,4,4,4,3,"other_litter"
2020,5,4,4,4,4,"other_plant"
2020,5,4,4,4,5,"other_litter"
2020,5,4,4,5,1,"other_litter"
2020,5,4,4,5,2,"other_litter"
2020,5,4,4,5,3,"other_plant"
2020,5,4,4,5,4,"other_litter"
2020,5,4,4,5,5,"other_litter"
2020,5,4,5,1,1,"bare_ground"
2020,5,4,5,1,2,"bare_ground"
2020,5,4,5,1,3,"bare_ground"
2020,5,4,5,1,4,"bare_ground"
2020,5,4,5,1,5,"bare_ground"
2020,5,4,5,2,1,"bare_ground"
2020,5,4,5,2,2,"bare_ground"
2020,5,4,5,2,3,"bare_ground"
2020,5,4,5,2,4,"bare_ground"
2020,5,4,5,2,5,"bare_ground"
2020,5,4,5,3,1,"bare_ground"
2020,5,4,5,3,2,"bare_ground"
2020,5,4,5,3,3,"other_litter"
2020,5,4,5,3,4,"bare_ground"
2020,5,4,5,3,5,"bare_ground"
2020,5,4,5,4,1,"bare_ground"
2020,5,4,5,4,2,"bare_ground"
2020,5,4,5,4,3,"bare_ground"
2020,5,4,5,4,4,"bare_ground"
2020,5,4,5,4,5,"bare_ground"
2020,5,4,5,5,1,"bare_ground"
2020,5,4,5,5,2,"bare_ground"
2020,5,4,5,5,3,"bare_ground"
2020,5,4,5,5,4,"bare_ground"
2020,5,4,5,5,5,"bare_ground"
2020,5,5,1,1,1,"other_litter"
2020,5,5,1,1,2,"other_litter"
2020,5,5,1,1,3,"other_litter"
2020,5,5,1,1,4,"other_litter"
2020,5,5,1,1,5,"other_litter"
2020,5,5,1,2,1,"other_plant"
2020,5,5,1,2,2,"other_plant"
2020,5,5,1,2,3,"other_plant"
2020,5,5,1,2,4,"other_litter"
2020,5,5,1,2,5,"other_litter"
2020,5,5,1,3,1,"other_plant"
2020,5,5,1,3,2,"other_plant"
2020,5,5,1,3,3,"other_plant"
2020,5,5,1,3,4,"other_plant"
2020,5,5,1,3,5,"other_plant"
2020,5,5,1,4,1,"other_litter"
2020,5,5,1,4,2,"other_litter"
2020,5,5,1,4,3,"other_plant"
2020,5,5,1,4,4,"bare_ground"
2020,5,5,1,4,5,"other_litter"
2020,5,5,1,5,1,"other_plant"
2020,5,5,1,5,2,"other_plant"
2020,5,5,1,5,3,"other_plant"
2020,5,5,1,5,4,"other_plant"
2020,5,5,1,5,5,"bare_ground"
2020,5,5,2,1,1,"bare_ground"
2020,5,5,2,1,2,"bare_ground"
2020,5,5,2,1,3,"cheatgrass_plant"
2020,5,5,2,1,4,"cheatgrass_plant"
2020,5,5,2,1,5,"cheatgrass_plant"
2020,5,5,2,2,1,"cheatgrass_plant"
2020,5,5,2,2,2,"cheatgrass_plant"
2020,5,5,2,2,3,"cheatgrass_plant"
2020,5,5,2,2,4,"cheatgrass_plant"
2020,5,5,2,2,5,"cheatgrass_litter"
2020,5,5,2,3,1,"cheatgrass_plant"
2020,5,5,2,3,2,"cheatgrass_plant"
2020,5,5,2,3,3,"cheatgrass_plant"
2020,5,5,2,3,4,"cheatgrass_litter"
2020,5,5,2,3,5,"other_plant"
2020,5,5,2,4,1,"other_plant"
2020,5,5,2,4,2,"cheatgrass_plant"
2020,5,5,2,4,3,"cheatgrass_plant"
2020,5,5,2,4,4,"cheatgrass_litter"
2020,5,5,2,4,5,"cheatgrass_plant"
2020,5,5,2,5,1,"cheatgrass_plant"
2020,5,5,2,5,2,"cheatgrass_plant"
2020,5,5,2,5,3,"cheatgrass_plant"
2020,5,5,2,5,4,"cheatgrass_litter"
2020,5,5,2,5,5,"cheatgrass_litter"
2020,5,5,3,1,1,"other_plant"
2020,5,5,3,1,2,"other_litter"
2020,5,5,3,1,3,"other_plant"
2020,5,5,3,1,4,"other_plant"
2020,5,5,3,1,5,"other_litter"
2020,5,5,3,2,1,"other_plant"
2020,5,5,3,2,2,"other_plant"
2020,5,5,3,2,3,"other_plant"
2020,5,5,3,2,4,"other_plant"
2020,5,5,3,2,5,"other_plant"
2020,5,5,3,3,1,"other_plant"
2020,5,5,3,3,2,"other_litter"
2020,5,5,3,3,3,"other_plant"
2020,5,5,3,3,4,"other_litter"
2020,5,5,3,3,5,"other_litter"
2020,5,5,3,4,1,"other_plant"
2020,5,5,3,4,2,"other_plant"
2020,5,5,3,4,3,"other_plant"
2020,5,5,3,4,4,"other_plant"
2020,5,5,3,4,5,"other_litter"
2020,5,5,3,5,1,"other_plant"
2020,5,5,3,5,2,"other_litter"
2020,5,5,3,5,3,"other_plant"
2020,5,5,3,5,4,"other_plant"
2020,5,5,3,5,5,"other_plant"
2020,5,5,4,1,1,"cheatgrass_plant"
2020,5,5,4,1,2,"cheatgrass_litter"
2020,5,5,4,1,3,"cheatgrass_plant"
2020,5,5,4,1,4,"other_plant"
2020,5,5,4,1,5,"cheatgrass_plant"
2020,5,5,4,2,1,"cheatgrass_plant"
2020,5,5,4,2,2,"other_plant"
2020,5,5,4,2,3,"other_plant"
2020,5,5,4,2,4,"other_plant"
2020,5,5,4,2,5,"other_plant"
2020,5,5,4,3,1,"other_plant"
2020,5,5,4,3,2,"other_litter"
2020,5,5,4,3,3,"other_litter"
2020,5,5,4,3,4,"other_plant"
2020,5,5,4,3,5,"other_plant"
2020,5,5,4,4,1,"cheatgrass_plant"
2020,5,5,4,4,2,"other_plant"
2020,5,5,4,4,3,"other_plant"
2020,5,5,4,4,4,"other_plant"
2020,5,5,4,4,5,"other_plant"
2020,5,5,4,5,1,"cheatgrass_plant"
2020,5,5,4,5,2,"other_plant"
2020,5,5,4,5,3,"other_litter"
2020,5,5,4,5,4,"cheatgrass_plant"
2020,5,5,4,5,5,"other_plant"
2020,5,5,5,1,1,"other_plant"
2020,5,5,5,1,2,"other_plant"
2020,5,5,5,1,3,"other_plant"
2020,5,5,5,1,4,"other_plant"
2020,5,5,5,1,5,"bare_ground"
2020,5,5,5,2,1,"other_litter"
2020,5,5,5,2,2,"other_litter"
2020,5,5,5,2,3,"other_plant"
2020,5,5,5,2,4,"other_plant"
2020,5,5,5,2,5,"other_plant"
2020,5,5,5,3,1,"other_litter"
2020,5,5,5,3,2,"other_plant"
2020,5,5,5,3,3,"other_plant"
2020,5,5,5,3,4,"other_plant"
2020,5,5,5,3,5,"other_litter"
2020,5,5,5,4,1,"other_plant"
2020,5,5,5,4,2,"other_plant"
2020,5,5,5,4,3,"other_plant"
2020,5,5,5,4,4,"other_litter"
2020,5,5,5,4,5,"other_litter"
2020,5,5,5,5,1,"other_plant"
2020,5,5,5,5,2,"other_plant"
2020,5,5,5,5,3,"other_plant"
2020,5,5,5,5,4,"other_plant"
2020,5,5,5,5,5,"other_plant"
2020,5,6,1,1,1,"other_litter"
2020,5,6,1,1,2,"other_litter"
2020,5,6,1,1,3,"other_plant"
2020,5,6,1,1,4,"other_litter"
2020,5,6,1,1,5,"other_litter"
2020,5,6,1,2,1,"other_plant"
2020,5,6,1,2,2,"other_litter"
2020,5,6,1,2,3,"other_plant"
2020,5,6,1,2,4,"other_litter"
2020,5,6,1,2,5,"other_plant"
2020,5,6,1,3,1,"other_litter"
2020,5,6,1,3,2,"other_litter"
2020,5,6,1,3,3,"other_plant"
2020,5,6,1,3,4,"other_litter"
2020,5,6,1,3,5,"other_plant"
2020,5,6,1,4,1,"other_plant"
2020,5,6,1,4,2,"other_litter"
2020,5,6,1,4,3,"other_litter"
2020,5,6,1,4,4,"other_litter"
2020,5,6,1,4,5,"other_plant"
2020,5,6,1,5,1,"other_plant"
2020,5,6,1,5,2,"other_plant"
2020,5,6,1,5,3,"other_litter"
2020,5,6,1,5,4,"other_litter"
2020,5,6,1,5,5,"other_litter"
2020,5,6,2,1,1,"other_plant"
2020,5,6,2,1,2,"other_plant"
2020,5,6,2,1,3,"other_plant"
2020,5,6,2,1,4,"other_litter"
2020,5,6,2,1,5,"other_plant"
2020,5,6,2,2,1,"other_plant"
2020,5,6,2,2,2,"other_plant"
2020,5,6,2,2,3,"other_litter"
2020,5,6,2,2,4,"other_litter"
2020,5,6,2,2,5,"other_plant"
2020,5,6,2,3,1,"other_plant"
2020,5,6,2,3,2,"other_plant"
2020,5,6,2,3,3,"other_plant"
2020,5,6,2,3,4,"other_plant"
2020,5,6,2,3,5,"other_plant"
2020,5,6,2,4,1,"other_litter"
2020,5,6,2,4,2,"other_plant"
2020,5,6,2,4,3,"other_plant"
2020,5,6,2,4,4,"other_plant"
2020,5,6,2,4,5,"other_plant"
2020,5,6,2,5,1,"other_litter"
2020,5,6,2,5,2,"other_plant"
2020,5,6,2,5,3,"other_plant"
2020,5,6,2,5,4,"other_litter"
2020,5,6,2,5,5,"other_litter"
2020,5,6,3,1,1,"cheatgrass_litter"
2020,5,6,3,1,2,"other_plant"
2020,5,6,3,1,3,"cheatgrass_plant"
2020,5,6,3,1,4,"other_plant"
2020,5,6,3,1,5,"cheatgrass_plant"
2020,5,6,3,2,1,"other_plant"
2020,5,6,3,2,2,"cheatgrass_plant"
2020,5,6,3,2,3,"cheatgrass_litter"
2020,5,6,3,2,4,"cheatgrass_plant"
2020,5,6,3,2,5,"cheatgrass_plant"
2020,5,6,3,3,1,"other_plant"
2020,5,6,3,3,2,"other_litter"
2020,5,6,3,3,3,"cheatgrass_litter"
2020,5,6,3,3,4,"cheatgrass_plant"
2020,5,6,3,3,5,"cheatgrass_plant"
2020,5,6,3,4,1,"other_plant"
2020,5,6,3,4,2,"cheatgrass_plant"
2020,5,6,3,4,3,"other_plant"
2020,5,6,3,4,4,"cheatgrass_litter"
2020,5,6,3,4,5,"cheatgrass_plant"
2020,5,6,3,5,1,"cheatgrass_plant"
2020,5,6,3,5,2,"cheatgrass_plant"
2020,5,6,3,5,3,"bare_ground"
2020,5,6,3,5,4,"cheatgrass_plant"
2020,5,6,3,5,5,"cheatgrass_plant"
2020,5,6,4,1,1,"other_litter"
2020,5,6,4,1,2,"other_plant"
2020,5,6,4,1,3,"other_plant"
2020,5,6,4,1,4,"other_litter"
2020,5,6,4,1,5,"other_plant"
2020,5,6,4,2,1,"other_litter"
2020,5,6,4,2,2,"other_litter"
2020,5,6,4,2,3,"other_plant"
2020,5,6,4,2,4,"bare_ground"
2020,5,6,4,2,5,"other_plant"
2020,5,6,4,3,1,"other_litter"
2020,5,6,4,3,2,"other_plant"
2020,5,6,4,3,3,"other_litter"
2020,5,6,4,3,4,"bare_ground"
2020,5,6,4,3,5,"other_litter"
2020,5,6,4,4,1,"other_plant"
2020,5,6,4,4,2,"other_litter"
2020,5,6,4,4,3,"other_plant"
2020,5,6,4,4,4,"other_plant"
2020,5,6,4,4,5,"other_litter"
2020,5,6,4,5,1,"other_plant"
2020,5,6,4,5,2,"other_litter"
2020,5,6,4,5,3,"other_litter"
2020,5,6,4,5,4,"other_plant"
2020,5,6,4,5,5,"other_plant"
2020,5,6,5,1,1,"cheatgrass_litter"
2020,5,6,5,1,2,"cheatgrass_litter"
2020,5,6,5,1,3,"cheatgrass_litter"
2020,5,6,5,1,4,"other_litter"
2020,5,6,5,1,5,"other_plant"
2020,5,6,5,2,1,"other_plant"
2020,5,6,5,2,2,"other_litter"
2020,5,6,5,2,3,"other_plant"
2020,5,6,5,2,4,"other_plant"
2020,5,6,5,2,5,"other_plant"
2020,5,6,5,3,1,"other_litter"
2020,5,6,5,3,2,"other_plant"
2020,5,6,5,3,3,"other_litter"
2020,5,6,5,3,4,"other_litter"
2020,5,6,5,3,5,"other_plant"
2020,5,6,5,4,1,"other_plant"
2020,5,6,5,4,2,"other_plant"
2020,5,6,5,4,3,"other_plant"
2020,5,6,5,4,4,"other_plant"
2020,5,6,5,4,5,"other_litter"
2020,5,6,5,5,1,"other_plant"
2020,5,6,5,5,2,"other_plant"
2020,5,6,5,5,3,"other_plant"
2020,5,6,5,5,4,"other_plant"
2020,5,6,5,5,5,"other_plant"
2020,5,7,1,1,1,"other_plant"
2020,5,7,1,1,2,"other_plant"
2020,5,7,1,1,3,"other_litter"
2020,5,7,1,1,4,"other_litter"
2020,5,7,1,1,5,"other_litter"
2020,5,7,1,2,1,"other_litter"
2020,5,7,1,2,2,"other_plant"
2020,5,7,1,2,3,"other_litter"
2020,5,7,1,2,4,"other_litter"
2020,5,7,1,2,5,"other_litter"
2020,5,7,1,3,1,"other_litter"
2020,5,7,1,3,2,"other_plant"
2020,5,7,1,3,3,"other_litter"
2020,5,7,1,3,4,"other_litter"
2020,5,7,1,3,5,"other_litter"
2020,5,7,1,4,1,"other_plant"
2020,5,7,1,4,2,"other_litter"
2020,5,7,1,4,3,"other_litter"
2020,5,7,1,4,4,"other_litter"
2020,5,7,1,4,5,"other_litter"
2020,5,7,1,5,1,"other_litter"
2020,5,7,1,5,2,"other_plant"
2020,5,7,1,5,3,"other_plant"
2020,5,7,1,5,4,"other_litter"
2020,5,7,1,5,5,"other_plant"
2020,5,7,2,1,1,"other_plant"
2020,5,7,2,1,2,"other_plant"
2020,5,7,2,1,3,"other_plant"
2020,5,7,2,1,4,"other_plant"
2020,5,7,2,1,5,"other_plant"
2020,5,7,2,2,1,"other_plant"
2020,5,7,2,2,2,"other_plant"
2020,5,7,2,2,3,"other_plant"
2020,5,7,2,2,4,"other_plant"
2020,5,7,2,2,5,"other_plant"
2020,5,7,2,3,1,"bare_ground"
2020,5,7,2,3,2,"other_plant"
2020,5,7,2,3,3,"bare_ground"
2020,5,7,2,3,4,"other_plant"
2020,5,7,2,3,5,"other_litter"
2020,5,7,2,4,1,"other_plant"
2020,5,7,2,4,2,"other_plant"
2020,5,7,2,4,3,"other_plant"
2020,5,7,2,4,4,"other_plant"
2020,5,7,2,4,5,"other_plant"
2020,5,7,2,5,1,"other_plant"
2020,5,7,2,5,2,"other_plant"
2020,5,7,2,5,3,"other_plant"
2020,5,7,2,5,4,"bare_ground"
2020,5,7,2,5,5,"other_plant"
2020,5,7,3,1,1,"other_plant"
2020,5,7,3,1,2,"other_litter"
2020,5,7,3,1,3,"other_plant"
2020,5,7,3,1,4,"other_plant"
2020,5,7,3,1,5,"other_plant"
2020,5,7,3,2,1,"other_litter"
2020,5,7,3,2,2,"other_litter"
2020,5,7,3,2,3,"other_litter"
2020,5,7,3,2,4,"other_litter"
2020,5,7,3,2,5,"other_plant"
2020,5,7,3,3,1,"other_litter"
2020,5,7,3,3,2,"other_plant"
2020,5,7,3,3,3,"other_litter"
2020,5,7,3,3,4,"other_plant"
2020,5,7,3,3,5,"other_litter"
2020,5,7,3,4,1,"other_litter"
2020,5,7,3,4,2,"other_plant"
2020,5,7,3,4,3,"other_plant"
2020,5,7,3,4,4,"other_litter"
2020,5,7,3,4,5,"other_litter"
2020,5,7,3,5,1,"other_litter"
2020,5,7,3,5,2,"other_plant"
2020,5,7,3,5,3,"other_litter"
2020,5,7,3,5,4,"other_plant"
2020,5,7,3,5,5,"other_plant"
2020,5,7,4,1,1,"other_plant"
2020,5,7,4,1,2,"other_litter"
2020,5,7,4,1,3,"other_plant"
2020,5,7,4,1,4,"other_plant"
2020,5,7,4,1,5,"other_plant"
2020,5,7,4,2,1,"other_litter"
2020,5,7,4,2,2,"other_plant"
2020,5,7,4,2,3,"other_plant"
2020,5,7,4,2,4,"other_litter"
2020,5,7,4,2,5,"other_plant"
2020,5,7,4,3,1,"other_plant"
2020,5,7,4,3,2,"other_plant"
2020,5,7,4,3,3,"other_plant"
2020,5,7,4,3,4,"other_litter"
2020,5,7,4,3,5,"other_litter"
2020,5,7,4,4,1,"other_plant"
2020,5,7,4,4,2,"other_plant"
2020,5,7,4,4,3,"other_plant"
2020,5,7,4,4,4,"other_plant"
2020,5,7,4,4,5,"other_litter"
2020,5,7,4,5,1,"other_plant"
2020,5,7,4,5,2,"other_litter"
2020,5,7,4,5,3,"other_plant"
2020,5,7,4,5,4,"other_plant"
2020,5,7,4,5,5,"other_plant"
2020,5,7,5,1,1,"other_plant"
2020,5,7,5,1,2,"other_plant"
2020,5,7,5,1,3,"other_plant"
2020,5,7,5,1,4,"other_plant"
2020,5,7,5,1,5,"other_litter"
2020,5,7,5,2,1,"other_plant"
2020,5,7,5,2,2,"other_litter"
2020,5,7,5,2,3,"other_plant"
2020,5,7,5,2,4,"other_plant"
2020,5,7,5,2,5,"other_plant"
2020,5,7,5,3,1,"other_litter"
2020,5,7,5,3,2,"other_litter"
2020,5,7,5,3,3,"other_litter"
2020,5,7,5,3,4,"other_litter"
2020,5,7,5,3,5,"other_litter"
2020,5,7,5,4,1,"other_litter"
2020,5,7,5,4,2,"other_plant"
2020,5,7,5,4,3,"other_litter"
2020,5,7,5,4,4,"other_litter"
2020,5,7,5,4,5,"other_plant"
2020,5,7,5,5,1,"other_plant"
2020,5,7,5,5,2,"other_plant"
2020,5,7,5,5,3,"other_plant"
2020,5,7,5,5,4,"other_litter"
2020,5,7,5,5,5,"other_plant"
2020,5,8,1,1,1,"other_plant"
2020,5,8,1,1,2,"other_litter"
2020,5,8,1,1,3,"other_litter"
2020,5,8,1,1,4,"other_plant"
2020,5,8,1,1,5,"other_litter"
2020,5,8,1,2,1,"other_plant"
2020,5,8,1,2,2,"other_litter"
2020,5,8,1,2,3,"other_plant"
2020,5,8,1,2,4,"other_plant"
2020,5,8,1,2,5,"other_plant"
2020,5,8,1,3,1,"other_litter"
2020,5,8,1,3,2,"other_plant"
2020,5,8,1,3,3,"other_litter"
2020,5,8,1,3,4,"other_plant"
2020,5,8,1,3,5,"other_litter"
2020,5,8,1,4,1,"other_plant"
2020,5,8,1,4,2,"other_litter"
2020,5,8,1,4,3,"other_plant"
2020,5,8,1,4,4,"other_plant"
2020,5,8,1,4,5,"other_plant"
2020,5,8,1,5,1,"other_litter"
2020,5,8,1,5,2,"other_plant"
2020,5,8,1,5,3,"other_litter"
2020,5,8,1,5,4,"other_litter"
2020,5,8,1,5,5,"other_plant"
2020,5,8,2,1,1,"other_litter"
2020,5,8,2,1,2,"other_plant"
2020,5,8,2,1,3,"other_plant"
2020,5,8,2,1,4,"other_litter"
2020,5,8,2,1,5,"other_plant"
2020,5,8,2,2,1,"other_plant"
2020,5,8,2,2,2,"other_plant"
2020,5,8,2,2,3,"other_litter"
2020,5,8,2,2,4,"other_plant"
2020,5,8,2,2,5,"other_plant"
2020,5,8,2,3,1,"other_plant"
2020,5,8,2,3,2,"other_litter"
2020,5,8,2,3,3,"other_litter"
2020,5,8,2,3,4,"other_plant"
2020,5,8,2,3,5,"other_plant"
2020,5,8,2,4,1,"other_plant"
2020,5,8,2,4,2,"other_plant"
2020,5,8,2,4,3,"other_litter"
2020,5,8,2,4,4,"other_plant"
2020,5,8,2,4,5,"other_plant"
2020,5,8,2,5,1,"other_plant"
2020,5,8,2,5,2,"other_plant"
2020,5,8,2,5,3,"other_litter"
2020,5,8,2,5,4,"other_litter"
2020,5,8,2,5,5,"other_plant"
2020,5,8,3,1,1,"bare_ground"
2020,5,8,3,1,2,"other_plant"
2020,5,8,3,1,3,"other_plant"
2020,5,8,3,1,4,"other_plant"
2020,5,8,3,1,5,"other_litter"
2020,5,8,3,2,1,"bare_ground"
2020,5,8,3,2,2,"other_plant"
2020,5,8,3,2,3,"other_litter"
2020,5,8,3,2,4,"other_litter"
2020,5,8,3,2,5,"other_litter"
2020,5,8,3,3,1,"other_plant"
2020,5,8,3,3,2,"other_plant"
2020,5,8,3,3,3,"other_litter"
2020,5,8,3,3,4,"other_litter"
2020,5,8,3,3,5,"bare_ground"
2020,5,8,3,4,1,"other_plant"
2020,5,8,3,4,2,"other_plant"
2020,5,8,3,4,3,"other_litter"
2020,5,8,3,4,4,"bare_ground"
2020,5,8,3,4,5,"bare_ground"
2020,5,8,3,5,1,"other_plant"
2020,5,8,3,5,2,"bare_ground"
2020,5,8,3,5,3,"other_litter"
2020,5,8,3,5,4,"other_litter"
2020,5,8,3,5,5,"other_litter"
2020,5,8,4,1,1,"bare_ground"
2020,5,8,4,1,2,"bare_ground"
2020,5,8,4,1,3,"other_plant"
2020,5,8,4,1,4,"other_plant"
2020,5,8,4,1,5,"other_plant"
2020,5,8,4,2,1,"other_plant"
2020,5,8,4,2,2,"bare_ground"
2020,5,8,4,2,3,"other_plant"
2020,5,8,4,2,4,"other_litter"
2020,5,8,4,2,5,"other_plant"
2020,5,8,4,3,1,"other_litter"
2020,5,8,4,3,2,"other_litter"
2020,5,8,4,3,3,"other_litter"
2020,5,8,4,3,4,"other_litter"
2020,5,8,4,3,5,"other_plant"
2020,5,8,4,4,1,"other_litter"
2020,5,8,4,4,2,"other_litter"
2020,5,8,4,4,3,"other_litter"
2020,5,8,4,4,4,"other_litter"
2020,5,8,4,4,5,"other_plant"
2020,5,8,4,5,1,"other_litter"
2020,5,8,4,5,2,"bare_ground"
2020,5,8,4,5,3,"other_litter"
2020,5,8,4,5,4,"other_litter"
2020,5,8,4,5,5,"bare_ground"
2020,5,8,5,1,1,"cheatgrass_plant"
2020,5,8,5,1,2,"cheatgrass_plant"
2020,5,8,5,1,3,"cheatgrass_plant"
2020,5,8,5,1,4,"other_litter"
2020,5,8,5,1,5,"other_plant"
2020,5,8,5,2,1,"cheatgrass_plant"
2020,5,8,5,2,2,"cheatgrass_plant"
2020,5,8,5,2,3,"cheatgrass_plant"
2020,5,8,5,2,4,"cheatgrass_plant"
2020,5,8,5,2,5,"other_plant"
2020,5,8,5,3,1,"cheatgrass_plant"
2020,5,8,5,3,2,"other_plant"
2020,5,8,5,3,3,"other_plant"
2020,5,8,5,3,4,"cheatgrass_plant"
2020,5,8,5,3,5,"cheatgrass_plant"
2020,5,8,5,4,1,"cheatgrass_plant"
2020,5,8,5,4,2,"cheatgrass_plant"
2020,5,8,5,4,3,"cheatgrass_plant"
2020,5,8,5,4,4,"cheatgrass_plant"
2020,5,8,5,4,5,"cheatgrass_plant"
2020,5,8,5,5,1,"other_litter"
2020,5,8,5,5,2,"cheatgrass_plant"
2020,5,8,5,5,3,"cheatgrass_plant"
2020,5,8,5,5,4,"cheatgrass_plant"
2020,5,8,5,5,5,"other_plant"
2020,6,1,1,1,1,"other_litter"
2020,6,1,1,1,2,"other_litter"
2020,6,1,1,1,3,"other_litter"
2020,6,1,1,1,4,"other_plant"
2020,6,1,1,1,5,"other_plant"
2020,6,1,1,2,1,"other_plant"
2020,6,1,1,2,2,"other_plant"
2020,6,1,1,2,3,"other_litter"
2020,6,1,1,2,4,"bare_ground"
2020,6,1,1,2,5,"other_litter"
2020,6,1,1,3,1,"other_litter"
2020,6,1,1,3,2,"other_plant"
2020,6,1,1,3,3,"bare_ground"
2020,6,1,1,3,4,"other_plant"
2020,6,1,1,3,5,"bare_ground"
2020,6,1,1,4,1,"other_plant"
2020,6,1,1,4,2,"other_litter"
2020,6,1,1,4,3,"other_litter"
2020,6,1,1,4,4,"bare_ground"
2020,6,1,1,4,5,"other_plant"
2020,6,1,1,5,1,"other_plant"
2020,6,1,1,5,2,"other_litter"
2020,6,1,1,5,3,"other_litter"
2020,6,1,1,5,4,"other_plant"
2020,6,1,1,5,5,"other_plant"
2020,6,1,2,1,1,"other_litter"
2020,6,1,2,1,2,"other_litter"
2020,6,1,2,1,3,"other_plant"
2020,6,1,2,1,4,"other_plant"
2020,6,1,2,1,5,"other_plant"
2020,6,1,2,2,1,"other_plant"
2020,6,1,2,2,2,"other_litter"
2020,6,1,2,2,3,"other_plant"
2020,6,1,2,2,4,"other_plant"
2020,6,1,2,2,5,"other_plant"
2020,6,1,2,3,1,"other_litter"
2020,6,1,2,3,2,"other_litter"
2020,6,1,2,3,3,"other_plant"
2020,6,1,2,3,4,"other_plant"
2020,6,1,2,3,5,"other_litter"
2020,6,1,2,4,1,"other_plant"
2020,6,1,2,4,2,"other_litter"
2020,6,1,2,4,3,"other_plant"
2020,6,1,2,4,4,"other_plant"
2020,6,1,2,4,5,"other_plant"
2020,6,1,2,5,1,"other_plant"
2020,6,1,2,5,2,"other_plant"
2020,6,1,2,5,3,"other_plant"
2020,6,1,2,5,4,"other_plant"
2020,6,1,2,5,5,"other_plant"
2020,6,1,3,1,1,"cheatgrass_plant"
2020,6,1,3,1,2,"cheatgrass_litter"
2020,6,1,3,1,3,"cheatgrass_plant"
2020,6,1,3,1,4,"cheatgrass_plant"
2020,6,1,3,1,5,"cheatgrass_plant"
2020,6,1,3,2,1,"cheatgrass_plant"
2020,6,1,3,2,2,"cheatgrass_plant"
2020,6,1,3,2,3,"cheatgrass_litter"
2020,6,1,3,2,4,"cheatgrass_plant"
2020,6,1,3,2,5,"cheatgrass_litter"
2020,6,1,3,3,1,"cheatgrass_plant"
2020,6,1,3,3,2,"cheatgrass_plant"
2020,6,1,3,3,3,"cheatgrass_litter"
2020,6,1,3,3,4,"cheatgrass_litter"
2020,6,1,3,3,5,"cheatgrass_litter"
2020,6,1,3,4,1,"cheatgrass_plant"
2020,6,1,3,4,2,"cheatgrass_litter"
2020,6,1,3,4,3,"cheatgrass_plant"
2020,6,1,3,4,4,"other_plant"
2020,6,1,3,4,5,"cheatgrass_plant"
2020,6,1,3,5,1,"other_plant"
2020,6,1,3,5,2,"cheatgrass_plant"
2020,6,1,3,5,3,"cheatgrass_plant"
2020,6,1,3,5,4,"cheatgrass_plant"
2020,6,1,3,5,5,"cheatgrass_plant"
2020,6,1,4,1,1,"cheatgrass_litter"
2020,6,1,4,1,2,"cheatgrass_plant"
2020,6,1,4,1,3,"other_plant"
2020,6,1,4,1,4,"other_plant"
2020,6,1,4,1,5,"cheatgrass_plant"
2020,6,1,4,2,1,"other_plant"
2020,6,1,4,2,2,"other_plant"
2020,6,1,4,2,3,"other_plant"
2020,6,1,4,2,4,"cheatgrass_plant"
2020,6,1,4,2,5,"other_plant"
2020,6,1,4,3,1,"cheatgrass_plant"
2020,6,1,4,3,2,"other_plant"
2020,6,1,4,3,3,"cheatgrass_litter"
2020,6,1,4,3,4,"cheatgrass_litter"
2020,6,1,4,3,5,"cheatgrass_litter"
2020,6,1,4,4,1,"cheatgrass_plant"
2020,6,1,4,4,2,"bare_ground"
2020,6,1,4,4,3,"cheatgrass_plant"
2020,6,1,4,4,4,"other_plant"
2020,6,1,4,4,5,"other_plant"
2020,6,1,4,5,1,"cheatgrass_plant"
2020,6,1,4,5,2,"other_plant"
2020,6,1,4,5,3,"other_plant"
2020,6,1,4,5,4,"other_plant"
2020,6,1,4,5,5,"cheatgrass_litter"
2020,6,1,5,1,1,"other_litter"
2020,6,1,5,1,2,"other_litter"
2020,6,1,5,1,3,"other_plant"
2020,6,1,5,1,4,"other_plant"
2020,6,1,5,1,5,"other_plant"
2020,6,1,5,2,1,"other_litter"
2020,6,1,5,2,2,"other_litter"
2020,6,1,5,2,3,"other_plant"
2020,6,1,5,2,4,"other_plant"
2020,6,1,5,2,5,"other_plant"
2020,6,1,5,3,1,"other_litter"
2020,6,1,5,3,2,"other_litter"
2020,6,1,5,3,3,"other_litter"
2020,6,1,5,3,4,"other_litter"
2020,6,1,5,3,5,"other_plant"
2020,6,1,5,4,1,"other_litter"
2020,6,1,5,4,2,"other_litter"
2020,6,1,5,4,3,"cheatgrass_plant"
2020,6,1,5,4,4,"other_litter"
2020,6,1,5,4,5,"other_plant"
2020,6,1,5,5,1,"other_litter"
2020,6,1,5,5,2,"other_litter"
2020,6,1,5,5,3,"cheatgrass_plant"
2020,6,1,5,5,4,"cheatgrass_plant"
2020,6,1,5,5,5,"other_litter"
2020,6,2,1,1,1,"other_plant"
2020,6,2,1,1,2,"other_plant"
2020,6,2,1,1,3,"other_plant"
2020,6,2,1,1,4,"other_plant"
2020,6,2,1,1,5,"other_litter"
2020,6,2,1,2,1,"other_litter"
2020,6,2,1,2,2,"other_litter"
2020,6,2,1,2,3,"other_plant"
2020,6,2,1,2,4,"other_plant"
2020,6,2,1,2,5,"other_litter"
2020,6,2,1,3,1,"other_plant"
2020,6,2,1,3,2,"other_plant"
2020,6,2,1,3,3,"other_litter"
2020,6,2,1,3,4,"other_plant"
2020,6,2,1,3,5,"other_litter"
2020,6,2,1,4,1,"other_plant"
2020,6,2,1,4,2,"other_plant"
2020,6,2,1,4,3,"other_plant"
2020,6,2,1,4,4,"other_plant"
2020,6,2,1,4,5,"other_plant"
2020,6,2,1,5,1,"other_plant"
2020,6,2,1,5,2,"other_plant"
2020,6,2,1,5,3,"other_litter"
2020,6,2,1,5,4,"other_litter"
2020,6,2,1,5,5,"other_litter"
2020,6,2,2,1,1,"other_litter"
2020,6,2,2,1,2,"other_plant"
2020,6,2,2,1,3,"bare_ground"
2020,6,2,2,1,4,"other_plant"
2020,6,2,2,1,5,"other_plant"
2020,6,2,2,2,1,"other_plant"
2020,6,2,2,2,2,"other_plant"
2020,6,2,2,2,3,"other_plant"
2020,6,2,2,2,4,"other_litter"
2020,6,2,2,2,5,"other_plant"
2020,6,2,2,3,1,"other_plant"
2020,6,2,2,3,2,"other_plant"
2020,6,2,2,3,3,"other_plant"
2020,6,2,2,3,4,"other_plant"
2020,6,2,2,3,5,"other_plant"
2020,6,2,2,4,1,"other_plant"
2020,6,2,2,4,2,"other_litter"
2020,6,2,2,4,3,"other_litter"
2020,6,2,2,4,4,"other_plant"
2020,6,2,2,4,5,"other_plant"
2020,6,2,2,5,1,"other_litter"
2020,6,2,2,5,2,"other_plant"
2020,6,2,2,5,3,"other_plant"
2020,6,2,2,5,4,"other_plant"
2020,6,2,2,5,5,"other_litter"
2020,6,2,3,1,1,"other_litter"
2020,6,2,3,1,2,"other_plant"
2020,6,2,3,1,3,"other_plant"
2020,6,2,3,1,4,"other_litter"
2020,6,2,3,1,5,"other_litter"
2020,6,2,3,2,1,"other_plant"
2020,6,2,3,2,2,"other_plant"
2020,6,2,3,2,3,"other_litter"
2020,6,2,3,2,4,"other_litter"
2020,6,2,3,2,5,"other_plant"
2020,6,2,3,3,1,"other_litter"
2020,6,2,3,3,2,"other_litter"
2020,6,2,3,3,3,"other_litter"
2020,6,2,3,3,4,"other_plant"
2020,6,2,3,3,5,"other_plant"
2020,6,2,3,4,1,"other_plant"
2020,6,2,3,4,2,"other_plant"
2020,6,2,3,4,3,"other_plant"
2020,6,2,3,4,4,"other_litter"
2020,6,2,3,4,5,"other_plant"
2020,6,2,3,5,1,"other_litter"
2020,6,2,3,5,2,"other_plant"
2020,6,2,3,5,3,"other_plant"
2020,6,2,3,5,4,"other_litter"
2020,6,2,3,5,5,"other_plant"
2020,6,2,4,1,1,"other_plant"
2020,6,2,4,1,2,"other_plant"
2020,6,2,4,1,3,"other_plant"
2020,6,2,4,1,4,"other_litter"
2020,6,2,4,1,5,"other_plant"
2020,6,2,4,2,1,"other_plant"
2020,6,2,4,2,2,"other_litter"
2020,6,2,4,2,3,"other_litter"
2020,6,2,4,2,4,"other_plant"
2020,6,2,4,2,5,"other_plant"
2020,6,2,4,3,1,"other_plant"
2020,6,2,4,3,2,"other_plant"
2020,6,2,4,3,3,"other_litter"
2020,6,2,4,3,4,"other_plant"
2020,6,2,4,3,5,"other_litter"
2020,6,2,4,4,1,"other_litter"
2020,6,2,4,4,2,"other_litter"
2020,6,2,4,4,3,"other_plant"
2020,6,2,4,4,4,"other_litter"
2020,6,2,4,4,5,"other_plant"
2020,6,2,4,5,1,"other_plant"
2020,6,2,4,5,2,"other_litter"
2020,6,2,4,5,3,"other_plant"
2020,6,2,4,5,4,"other_plant"
2020,6,2,4,5,5,"other_plant"
2020,6,2,5,1,1,"bare_ground"
2020,6,2,5,1,2,"other_litter"
2020,6,2,5,1,3,"bare_ground"
2020,6,2,5,1,4,"bare_ground"
2020,6,2,5,1,5,"cheatgrass_plant"
2020,6,2,5,2,1,"cheatgrass_litter"
2020,6,2,5,2,2,"bare_ground"
2020,6,2,5,2,3,"bare_ground"
2020,6,2,5,2,4,"cheatgrass_plant"
2020,6,2,5,2,5,"other_plant"
2020,6,2,5,3,1,"other_plant"
2020,6,2,5,3,2,"bare_ground"
2020,6,2,5,3,3,"bare_ground"
2020,6,2,5,3,4,"bare_ground"
2020,6,2,5,3,5,"other_plant"
2020,6,2,5,4,1,"other_plant"
2020,6,2,5,4,2,"bare_ground"
2020,6,2,5,4,3,"bare_ground"
2020,6,2,5,4,4,"bare_ground"
2020,6,2,5,4,5,"other_plant"
2020,6,2,5,5,1,"other_plant"
2020,6,2,5,5,2,"cheatgrass_litter"
2020,6,2,5,5,3,"bare_ground"
2020,6,2,5,5,4,"other_plant"
2020,6,2,5,5,5,"other_plant"
2020,6,3,1,1,1,"other_litter"
2020,6,3,1,1,2,"other_plant"
2020,6,3,1,1,3,"other_plant"
2020,6,3,1,1,4,"other_plant"
2020,6,3,1,1,5,"other_litter"
2020,6,3,1,2,1,"other_litter"
2020,6,3,1,2,2,"other_plant"
2020,6,3,1,2,3,"other_plant"
2020,6,3,1,2,4,"other_litter"
2020,6,3,1,2,5,"other_litter"
2020,6,3,1,3,1,"other_litter"
2020,6,3,1,3,2,"other_litter"
2020,6,3,1,3,3,"other_plant"
2020,6,3,1,3,4,"other_plant"
2020,6,3,1,3,5,"other_plant"
2020,6,3,1,4,1,"other_plant"
2020,6,3,1,4,2,"other_litter"
2020,6,3,1,4,3,"other_plant"
2020,6,3,1,4,4,"other_plant"
2020,6,3,1,4,5,"other_plant"
2020,6,3,1,5,1,"other_plant"
2020,6,3,1,5,2,"other_plant"
2020,6,3,1,5,3,"other_plant"
2020,6,3,1,5,4,"other_litter"
2020,6,3,1,5,5,"other_plant"
2020,6,3,2,1,1,"other_plant"
2020,6,3,2,1,2,"other_plant"
2020,6,3,2,1,3,"other_litter"
2020,6,3,2,1,4,"bare_ground"
2020,6,3,2,1,5,"other_litter"
2020,6,3,2,2,1,"other_litter"
2020,6,3,2,2,2,"other_plant"
2020,6,3,2,2,3,"other_plant"
2020,6,3,2,2,4,"bare_ground"
2020,6,3,2,2,5,"other_litter"
2020,6,3,2,3,1,"bare_ground"
2020,6,3,2,3,2,"other_litter"
2020,6,3,2,3,3,"other_plant"
2020,6,3,2,3,4,"other_plant"
2020,6,3,2,3,5,"other_litter"
2020,6,3,2,4,1,"other_litter"
2020,6,3,2,4,2,"bare_ground"
2020,6,3,2,4,3,"other_litter"
2020,6,3,2,4,4,"other_plant"
2020,6,3,2,4,5,"other_litter"
2020,6,3,2,5,1,"other_plant"
2020,6,3,2,5,2,"other_litter"
2020,6,3,2,5,3,"other_plant"
2020,6,3,2,5,4,"other_plant"
2020,6,3,2,5,5,"other_plant"
2020,6,3,3,1,1,"other_plant"
2020,6,3,3,1,2,"other_plant"
2020,6,3,3,1,3,"other_plant"
2020,6,3,3,1,4,"other_plant"
2020,6,3,3,1,5,"other_plant"
2020,6,3,3,2,1,"other_plant"
2020,6,3,3,2,2,"other_plant"
2020,6,3,3,2,3,"other_plant"
2020,6,3,3,2,4,"other_plant"
2020,6,3,3,2,5,"other_plant"
2020,6,3,3,3,1,"other_plant"
2020,6,3,3,3,2,"other_plant"
2020,6,3,3,3,3,"other_plant"
2020,6,3,3,3,4,"other_plant"
2020,6,3,3,3,5,"other_plant"
2020,6,3,3,4,1,"other_plant"
2020,6,3,3,4,2,"other_plant"
2020,6,3,3,4,3,"other_plant"
2020,6,3,3,4,4,"other_plant"
2020,6,3,3,4,5,"other_plant"
2020,6,3,3,5,1,"other_plant"
2020,6,3,3,5,2,"other_plant"
2020,6,3,3,5,3,"other_plant"
2020,6,3,3,5,4,"other_plant"
2020,6,3,3,5,5,"other_plant"
2020,6,3,4,1,1,"cheatgrass_plant"
2020,6,3,4,1,2,"other_plant"
2020,6,3,4,1,3,"other_plant"
2020,6,3,4,1,4,"cheatgrass_plant"
2020,6,3,4,1,5,"cheatgrass_plant"
2020,6,3,4,2,1,"cheatgrass_plant"
2020,6,3,4,2,2,"cheatgrass_plant"
2020,6,3,4,2,3,"cheatgrass_plant"
2020,6,3,4,2,4,"other_plant"
2020,6,3,4,2,5,"cheatgrass_plant"
2020,6,3,4,3,1,"cheatgrass_plant"
2020,6,3,4,3,2,"other_plant"
2020,6,3,4,3,3,"cheatgrass_plant"
2020,6,3,4,3,4,"cheatgrass_plant"
2020,6,3,4,3,5,"cheatgrass_plant"
2020,6,3,4,4,1,"cheatgrass_plant"
2020,6,3,4,4,2,"other_plant"
2020,6,3,4,4,3,"cheatgrass_plant"
2020,6,3,4,4,4,"other_plant"
2020,6,3,4,4,5,"cheatgrass_plant"
2020,6,3,4,5,1,"cheatgrass_plant"
2020,6,3,4,5,2,"cheatgrass_litter"
2020,6,3,4,5,3,"cheatgrass_plant"
2020,6,3,4,5,4,"other_plant"
2020,6,3,4,5,5,"cheatgrass_plant"
2020,6,3,5,1,1,"other_plant"
2020,6,3,5,1,2,"other_plant"
2020,6,3,5,1,3,"other_plant"
2020,6,3,5,1,4,"other_plant"
2020,6,3,5,1,5,"other_plant"
2020,6,3,5,2,1,"other_plant"
2020,6,3,5,2,2,"other_plant"
2020,6,3,5,2,3,"other_plant"
2020,6,3,5,2,4,"other_plant"
2020,6,3,5,2,5,"other_plant"
2020,6,3,5,3,1,"other_plant"
2020,6,3,5,3,2,"other_plant"
2020,6,3,5,3,3,"other_plant"
2020,6,3,5,3,4,"other_plant"
2020,6,3,5,3,5,"other_plant"
2020,6,3,5,4,1,"other_plant"
2020,6,3,5,4,2,"other_plant"
2020,6,3,5,4,3,"other_plant"
2020,6,3,5,4,4,"other_plant"
2020,6,3,5,4,5,"other_plant"
2020,6,3,5,5,1,"other_plant"
2020,6,3,5,5,2,"other_plant"
2020,6,3,5,5,3,"other_plant"
2020,6,3,5,5,4,"other_plant"
2020,6,3,5,5,5,"other_plant"
2020,6,4,1,1,1,"other_plant"
2020,6,4,1,1,2,"other_plant"
2020,6,4,1,1,3,"other_plant"
2020,6,4,1,1,4,"other_plant"
2020,6,4,1,1,5,"other_litter"
2020,6,4,1,2,1,"other_litter"
2020,6,4,1,2,2,"other_plant"
2020,6,4,1,2,3,"other_plant"
2020,6,4,1,2,4,"other_litter"
2020,6,4,1,2,5,"other_plant"
2020,6,4,1,3,1,"other_plant"
2020,6,4,1,3,2,"other_litter"
2020,6,4,1,3,3,"other_plant"
2020,6,4,1,3,4,"other_plant"
2020,6,4,1,3,5,"other_litter"
2020,6,4,1,4,1,"other_plant"
2020,6,4,1,4,2,"other_litter"
2020,6,4,1,4,3,"other_litter"
2020,6,4,1,4,4,"other_plant"
2020,6,4,1,4,5,"other_litter"
2020,6,4,1,5,1,"other_plant"
2020,6,4,1,5,2,"other_plant"
2020,6,4,1,5,3,"other_plant"
2020,6,4,1,5,4,"other_plant"
2020,6,4,1,5,5,"other_litter"
2020,6,4,2,1,1,"bare_ground"
2020,6,4,2,1,2,"other_litter"
2020,6,4,2,1,3,"other_plant"
2020,6,4,2,1,4,"other_litter"
2020,6,4,2,1,5,"other_litter"
2020,6,4,2,2,1,"other_plant"
2020,6,4,2,2,2,"bare_ground"
2020,6,4,2,2,3,"other_plant"
2020,6,4,2,2,4,"other_litter"
2020,6,4,2,2,5,"bare_ground"
2020,6,4,2,3,1,"other_plant"
2020,6,4,2,3,2,"other_litter"
2020,6,4,2,3,3,"other_plant"
2020,6,4,2,3,4,"other_plant"
2020,6,4,2,3,5,"other_plant"
2020,6,4,2,4,1,"bare_ground"
2020,6,4,2,4,2,"bare_ground"
2020,6,4,2,4,3,"bare_ground"
2020,6,4,2,4,4,"other_plant"
2020,6,4,2,4,5,"bare_ground"
2020,6,4,2,5,1,"other_litter"
2020,6,4,2,5,2,"other_litter"
2020,6,4,2,5,3,"bare_ground"
2020,6,4,2,5,4,"other_plant"
2020,6,4,2,5,5,"other_plant"
2020,6,4,3,1,1,"cheatgrass_plant"
2020,6,4,3,1,2,"cheatgrass_plant"
2020,6,4,3,1,3,"cheatgrass_plant"
2020,6,4,3,1,4,"cheatgrass_plant"
2020,6,4,3,1,5,"cheatgrass_plant"
2020,6,4,3,2,1,"other_plant"
2020,6,4,3,2,2,"other_plant"
2020,6,4,3,2,3,"cheatgrass_plant"
2020,6,4,3,2,4,"other_plant"
2020,6,4,3,2,5,"other_plant"
2020,6,4,3,3,1,"cheatgrass_litter"
2020,6,4,3,3,2,"other_plant"
2020,6,4,3,3,3,"cheatgrass_plant"
2020,6,4,3,3,4,"cheatgrass_litter"
2020,6,4,3,3,5,"other_plant"
2020,6,4,3,4,1,"other_plant"
2020,6,4,3,4,2,"bare_ground"
2020,6,4,3,4,3,"bare_ground"
2020,6,4,3,4,4,"bare_ground"
2020,6,4,3,4,5,"other_litter"
2020,6,4,3,5,1,"other_litter"
2020,6,4,3,5,2,"bare_ground"
2020,6,4,3,5,3,"cheatgrass_plant"
2020,6,4,3,5,4,"other_plant"
2020,6,4,3,5,5,"other_plant"
2020,6,4,4,1,1,"cheatgrass_plant"
2020,6,4,4,1,2,"cheatgrass_plant"
2020,6,4,4,1,3,"cheatgrass_plant"
2020,6,4,4,1,4,"cheatgrass_plant"
2020,6,4,4,1,5,"cheatgrass_plant"
2020,6,4,4,2,1,"other_plant"
2020,6,4,4,2,2,"other_plant"
2020,6,4,4,2,3,"other_plant"
2020,6,4,4,2,4,"other_plant"
2020,6,4,4,2,5,"cheatgrass_plant"
2020,6,4,4,3,1,"cheatgrass_plant"
2020,6,4,4,3,2,"other_plant"
2020,6,4,4,3,3,"cheatgrass_plant"
2020,6,4,4,3,4,"cheatgrass_plant"
2020,6,4,4,3,5,"cheatgrass_plant"
2020,6,4,4,4,1,"other_plant"
2020,6,4,4,4,2,"cheatgrass_plant"
2020,6,4,4,4,3,"other_plant"
2020,6,4,4,4,4,"other_plant"
2020,6,4,4,4,5,"other_plant"
2020,6,4,4,5,1,"other_plant"
2020,6,4,4,5,2,"other_litter"
2020,6,4,4,5,3,"cheatgrass_plant"
2020,6,4,4,5,4,"cheatgrass_plant"
2020,6,4,4,5,5,"cheatgrass_plant"
2020,6,4,5,1,1,"other_litter"
2020,6,4,5,1,2,"other_plant"
2020,6,4,5,1,3,"other_plant"
2020,6,4,5,1,4,"other_plant"
2020,6,4,5,1,5,"other_plant"
2020,6,4,5,2,1,"other_plant"
2020,6,4,5,2,2,"other_plant"
2020,6,4,5,2,3,"other_plant"
2020,6,4,5,2,4,"other_plant"
2020,6,4,5,2,5,"other_litter"
2020,6,4,5,3,1,"other_plant"
2020,6,4,5,3,2,"other_litter"
2020,6,4,5,3,3,"other_plant"
2020,6,4,5,3,4,"other_litter"
2020,6,4,5,3,5,"other_litter"
2020,6,4,5,4,1,"other_litter"
2020,6,4,5,4,2,"other_litter"
2020,6,4,5,4,3,"other_plant"
2020,6,4,5,4,4,"other_plant"
2020,6,4,5,4,5,"other_litter"
2020,6,4,5,5,1,"other_plant"
2020,6,4,5,5,2,"other_litter"
2020,6,4,5,5,3,"other_plant"
2020,6,4,5,5,4,"other_plant"
2020,6,4,5,5,5,"other_litter"
2020,6,5,1,1,1,"other_litter"
2020,6,5,1,1,2,"other_plant"
2020,6,5,1,1,3,"other_litter"
2020,6,5,1,1,4,"bare_ground"
2020,6,5,1,1,5,"bare_ground"
2020,6,5,1,2,1,"other_plant"
2020,6,5,1,2,2,"other_plant"
2020,6,5,1,2,3,"other_litter"
2020,6,5,1,2,4,"bare_ground"
2020,6,5,1,2,5,"bare_ground"
2020,6,5,1,3,1,"other_plant"
2020,6,5,1,3,2,"other_plant"
2020,6,5,1,3,3,"other_plant"
2020,6,5,1,3,4,"other_plant"
2020,6,5,1,3,5,"other_plant"
2020,6,5,1,4,1,"other_plant"
2020,6,5,1,4,2,"other_plant"
2020,6,5,1,4,3,"other_litter"
2020,6,5,1,4,4,"other_litter"
2020,6,5,1,4,5,"other_litter"
2020,6,5,1,5,1,"other_litter"
2020,6,5,1,5,2,"other_litter"
2020,6,5,1,5,3,"other_plant"
2020,6,5,1,5,4,"other_plant"
2020,6,5,1,5,5,"other_plant"
2020,6,5,2,1,1,"other_plant"
2020,6,5,2,1,2,"cheatgrass_plant"
2020,6,5,2,1,3,"other_litter"
2020,6,5,2,1,4,"cheatgrass_plant"
2020,6,5,2,1,5,"other_plant"
2020,6,5,2,2,1,"other_litter"
2020,6,5,2,2,2,"other_plant"
2020,6,5,2,2,3,"cheatgrass_plant"
2020,6,5,2,2,4,"cheatgrass_litter"
2020,6,5,2,2,5,"cheatgrass_plant"
2020,6,5,2,3,1,"other_plant"
2020,6,5,2,3,2,"other_plant"
2020,6,5,2,3,3,"cheatgrass_plant"
2020,6,5,2,3,4,"cheatgrass_litter"
2020,6,5,2,3,5,"cheatgrass_plant"
2020,6,5,2,4,1,"cheatgrass_plant"
2020,6,5,2,4,2,"other_plant"
2020,6,5,2,4,3,"cheatgrass_plant"
2020,6,5,2,4,4,"cheatgrass_plant"
2020,6,5,2,4,5,"cheatgrass_plant"
2020,6,5,2,5,1,"cheatgrass_plant"
2020,6,5,2,5,2,"cheatgrass_plant"
2020,6,5,2,5,3,"cheatgrass_plant"
2020,6,5,2,5,4,"cheatgrass_plant"
2020,6,5,2,5,5,"other_plant"
2020,6,5,3,1,1,"cheatgrass_plant"
2020,6,5,3,1,2,"other_plant"
2020,6,5,3,1,3,"other_plant"
2020,6,5,3,1,4,"other_litter"
2020,6,5,3,1,5,"other_plant"
2020,6,5,3,2,1,"other_litter"
2020,6,5,3,2,2,"other_litter"
2020,6,5,3,2,3,"bare_ground"
2020,6,5,3,2,4,"bare_ground"
2020,6,5,3,2,5,"bare_ground"
2020,6,5,3,3,1,"other_litter"
2020,6,5,3,3,2,"other_litter"
2020,6,5,3,3,3,"other_plant"
2020,6,5,3,3,4,"other_litter"
2020,6,5,3,3,5,"other_litter"
2020,6,5,3,4,1,"other_plant"
2020,6,5,3,4,2,"other_litter"
2020,6,5,3,4,3,"other_plant"
2020,6,5,3,4,4,"other_litter"
2020,6,5,3,4,5,"other_litter"
2020,6,5,3,5,1,"other_litter"
2020,6,5,3,5,2,"other_plant"
2020,6,5,3,5,3,"other_plant"
2020,6,5,3,5,4,"other_litter"
2020,6,5,3,5,5,"other_litter"
2020,6,5,4,1,1,"other_litter"
2020,6,5,4,1,2,"other_litter"
2020,6,5,4,1,3,"other_litter"
2020,6,5,4,1,4,"other_litter"
2020,6,5,4,1,5,"other_plant"
2020,6,5,4,2,1,"other_plant"
2020,6,5,4,2,2,"other_plant"
2020,6,5,4,2,3,"other_litter"
2020,6,5,4,2,4,"other_plant"
2020,6,5,4,2,5,"other_litter"
2020,6,5,4,3,1,"other_litter"
2020,6,5,4,3,2,"bare_ground"
2020,6,5,4,3,3,"other_plant"
2020,6,5,4,3,4,"bare_ground"
2020,6,5,4,3,5,"bare_ground"
2020,6,5,4,4,1,"other_plant"
2020,6,5,4,4,2,"other_litter"
2020,6,5,4,4,3,"other_litter"
2020,6,5,4,4,4,"bare_ground"
2020,6,5,4,4,5,"bare_ground"
2020,6,5,4,5,1,"other_plant"
2020,6,5,4,5,2,"other_plant"
2020,6,5,4,5,3,"other_litter"
2020,6,5,4,5,4,"bare_ground"
2020,6,5,4,5,5,"bare_ground"
2020,6,5,5,1,1,"other_litter"
2020,6,5,5,1,2,"other_plant"
2020,6,5,5,1,3,"other_plant"
2020,6,5,5,1,4,"other_plant"
2020,6,5,5,1,5,"other_plant"
2020,6,5,5,2,1,"other_plant"
2020,6,5,5,2,2,"other_litter"
2020,6,5,5,2,3,"other_plant"
2020,6,5,5,2,4,"other_plant"
2020,6,5,5,2,5,"other_plant"
2020,6,5,5,3,1,"other_litter"
2020,6,5,5,3,2,"other_litter"
2020,6,5,5,3,3,"other_plant"
2020,6,5,5,3,4,"other_plant"
2020,6,5,5,3,5,"other_plant"
2020,6,5,5,4,1,"other_litter"
2020,6,5,5,4,2,"other_plant"
2020,6,5,5,4,3,"other_plant"
2020,6,5,5,4,4,"other_plant"
2020,6,5,5,4,5,"other_plant"
2020,6,5,5,5,1,"other_plant"
2020,6,5,5,5,2,"other_plant"
2020,6,5,5,5,3,"other_plant"
2020,6,5,5,5,4,"other_plant"
2020,6,5,5,5,5,"other_plant"
2020,6,6,1,1,1,"other_plant"
2020,6,6,1,1,2,"bare_ground"
2020,6,6,1,1,3,"bare_ground"
2020,6,6,1,1,4,"other_plant"
2020,6,6,1,1,5,"other_litter"
2020,6,6,1,2,1,"other_plant"
2020,6,6,1,2,2,"other_litter"
2020,6,6,1,2,3,"other_litter"
2020,6,6,1,2,4,"other_litter"
2020,6,6,1,2,5,"other_plant"
2020,6,6,1,3,1,"other_plant"
2020,6,6,1,3,2,"bare_ground"
2020,6,6,1,3,3,"other_litter"
2020,6,6,1,3,4,"other_litter"
2020,6,6,1,3,5,"other_plant"
2020,6,6,1,4,1,"other_plant"
2020,6,6,1,4,2,"other_litter"
2020,6,6,1,4,3,"bare_ground"
2020,6,6,1,4,4,"other_litter"
2020,6,6,1,4,5,"other_plant"
2020,6,6,1,5,1,"other_plant"
2020,6,6,1,5,2,"other_litter"
2020,6,6,1,5,3,"other_litter"
2020,6,6,1,5,4,"other_litter"
2020,6,6,1,5,5,"other_plant"
2020,6,6,2,1,1,"other_plant"
2020,6,6,2,1,2,"other_litter"
2020,6,6,2,1,3,"other_litter"
2020,6,6,2,1,4,"bare_ground"
2020,6,6,2,1,5,"bare_ground"
2020,6,6,2,2,1,"other_plant"
2020,6,6,2,2,2,"other_plant"
2020,6,6,2,2,3,"bare_ground"
2020,6,6,2,2,4,"bare_ground"
2020,6,6,2,2,5,"bare_ground"
2020,6,6,2,3,1,"other_plant"
2020,6,6,2,3,2,"other_plant"
2020,6,6,2,3,3,"other_plant"
2020,6,6,2,3,4,"other_litter"
2020,6,6,2,3,5,"other_plant"
2020,6,6,2,4,1,"other_plant"
2020,6,6,2,4,2,"other_litter"
2020,6,6,2,4,3,"bare_ground"
2020,6,6,2,4,4,"other_plant"
2020,6,6,2,4,5,"other_plant"
2020,6,6,2,5,1,"bare_ground"
2020,6,6,2,5,2,"other_plant"
2020,6,6,2,5,3,"other_plant"
2020,6,6,2,5,4,"bare_ground"
2020,6,6,2,5,5,"bare_ground"
2020,6,6,3,1,1,"other_plant"
2020,6,6,3,1,2,"other_litter"
2020,6,6,3,1,3,"other_litter"
2020,6,6,3,1,4,"bare_ground"
2020,6,6,3,1,5,"other_plant"
2020,6,6,3,2,1,"bare_ground"
2020,6,6,3,2,2,"other_plant"
2020,6,6,3,2,3,"other_plant"
2020,6,6,3,2,4,"bare_ground"
2020,6,6,3,2,5,"other_litter"
2020,6,6,3,3,1,"bare_ground"
2020,6,6,3,3,2,"other_plant"
2020,6,6,3,3,3,"other_plant"
2020,6,6,3,3,4,"other_plant"
2020,6,6,3,3,5,"other_plant"
2020,6,6,3,4,1,"other_litter"
2020,6,6,3,4,2,"other_plant"
2020,6,6,3,4,3,"other_plant"
2020,6,6,3,4,4,"other_plant"
2020,6,6,3,4,5,"bare_ground"
2020,6,6,3,5,1,"other_plant"
2020,6,6,3,5,2,"other_plant"
2020,6,6,3,5,3,"other_litter"
2020,6,6,3,5,4,"other_plant"
2020,6,6,3,5,5,"other_litter"
2020,6,6,4,1,1,"other_plant"
2020,6,6,4,1,2,"other_plant"
2020,6,6,4,1,3,"other_plant"
2020,6,6,4,1,4,"bare_ground"
2020,6,6,4,1,5,"other_plant"
2020,6,6,4,2,1,"other_plant"
2020,6,6,4,2,2,"other_litter"
2020,6,6,4,2,3,"other_litter"
2020,6,6,4,2,4,"other_plant"
2020,6,6,4,2,5,"bare_ground"
2020,6,6,4,3,1,"bare_ground"
2020,6,6,4,3,2,"other_plant"
2020,6,6,4,3,3,"bare_ground"
2020,6,6,4,3,4,"other_plant"
2020,6,6,4,3,5,"other_litter"
2020,6,6,4,4,1,"other_plant"
2020,6,6,4,4,2,"other_plant"
2020,6,6,4,4,3,"other_plant"
2020,6,6,4,4,4,"other_plant"
2020,6,6,4,4,5,"other_litter"
2020,6,6,4,5,1,"other_litter"
2020,6,6,4,5,2,"bare_ground"
2020,6,6,4,5,3,"bare_ground"
2020,6,6,4,5,4,"other_litter"
2020,6,6,4,5,5,"other_litter"
2020,6,6,5,1,1,"cheatgrass_plant"
2020,6,6,5,1,2,"cheatgrass_plant"
2020,6,6,5,1,3,"cheatgrass_litter"
2020,6,6,5,1,4,"cheatgrass_plant"
2020,6,6,5,1,5,"cheatgrass_plant"
2020,6,6,5,2,1,"other_plant"
2020,6,6,5,2,2,"other_plant"
2020,6,6,5,2,3,"cheatgrass_plant"
2020,6,6,5,2,4,"cheatgrass_litter"
2020,6,6,5,2,5,"cheatgrass_plant"
2020,6,6,5,3,1,"other_plant"
2020,6,6,5,3,2,"cheatgrass_plant"
2020,6,6,5,3,3,"cheatgrass_plant"
2020,6,6,5,3,4,"cheatgrass_plant"
2020,6,6,5,3,5,"cheatgrass_litter"
2020,6,6,5,4,1,"other_plant"
2020,6,6,5,4,2,"cheatgrass_plant"
2020,6,6,5,4,3,"cheatgrass_plant"
2020,6,6,5,4,4,"cheatgrass_plant"
2020,6,6,5,4,5,"cheatgrass_plant"
2020,6,6,5,5,1,"cheatgrass_plant"
2020,6,6,5,5,2,"other_plant"
2020,6,6,5,5,3,"cheatgrass_plant"
2020,6,6,5,5,4,"cheatgrass_litter"
2020,6,6,5,5,5,"other_plant"
2020,6,7,1,1,1,"other_plant"
2020,6,7,1,1,2,"other_litter"
2020,6,7,1,1,3,"other_plant"
2020,6,7,1,1,4,"other_plant"
2020,6,7,1,1,5,"other_plant"
2020,6,7,1,2,1,"other_plant"
2020,6,7,1,2,2,"bare_ground"
2020,6,7,1,2,3,"other_litter"
2020,6,7,1,2,4,"other_plant"
2020,6,7,1,2,5,"other_plant"
2020,6,7,1,3,1,"other_plant"
2020,6,7,1,3,2,"bare_ground"
2020,6,7,1,3,3,"bare_ground"
2020,6,7,1,3,4,"other_litter"
2020,6,7,1,3,5,"other_litter"
2020,6,7,1,4,1,"other_plant"
2020,6,7,1,4,2,"bare_ground"
2020,6,7,1,4,3,"other_litter"
2020,6,7,1,4,4,"other_plant"
2020,6,7,1,4,5,"other_litter"
2020,6,7,1,5,1,"other_plant"
2020,6,7,1,5,2,"other_plant"
2020,6,7,1,5,3,"other_litter"
2020,6,7,1,5,4,"bare_ground"
2020,6,7,1,5,5,"bare_ground"
2020,6,7,2,1,1,"bare_ground"
2020,6,7,2,1,2,"bare_ground"
2020,6,7,2,1,3,"bare_ground"
2020,6,7,2,1,4,"other_litter"
2020,6,7,2,1,5,"other_litter"
2020,6,7,2,2,1,"bare_ground"
2020,6,7,2,2,2,"other_litter"
2020,6,7,2,2,3,"bare_ground"
2020,6,7,2,2,4,"other_litter"
2020,6,7,2,2,5,"other_litter"
2020,6,7,2,3,1,"bare_ground"
2020,6,7,2,3,2,"other_plant"
2020,6,7,2,3,3,"other_litter"
2020,6,7,2,3,4,"other_litter"
2020,6,7,2,3,5,"other_litter"
2020,6,7,2,4,1,"other_plant"
2020,6,7,2,4,2,"other_plant"
2020,6,7,2,4,3,"other_plant"
2020,6,7,2,4,4,"other_plant"
2020,6,7,2,4,5,"other_litter"
2020,6,7,2,5,1,"bare_ground"
2020,6,7,2,5,2,"other_plant"
2020,6,7,2,5,3,"other_plant"
2020,6,7,2,5,4,"other_plant"
2020,6,7,2,5,5,"other_litter"
2020,6,7,3,1,1,"bare_ground"
2020,6,7,3,1,2,"other_plant"
2020,6,7,3,1,3,"bare_ground"
2020,6,7,3,1,4,"bare_ground"
2020,6,7,3,1,5,"other_plant"
2020,6,7,3,2,1,"bare_ground"
2020,6,7,3,2,2,"bare_ground"
2020,6,7,3,2,3,"bare_ground"
2020,6,7,3,2,4,"other_litter"
2020,6,7,3,2,5,"other_plant"
2020,6,7,3,3,1,"bare_ground"
2020,6,7,3,3,2,"other_litter"
2020,6,7,3,3,3,"other_plant"
2020,6,7,3,3,4,"other_plant"
2020,6,7,3,3,5,"other_plant"
2020,6,7,3,4,1,"other_litter"
2020,6,7,3,4,2,"other_litter"
2020,6,7,3,4,3,"other_plant"
2020,6,7,3,4,4,"other_plant"
2020,6,7,3,4,5,"bare_ground"
2020,6,7,3,5,1,"other_litter"
2020,6,7,3,5,2,"other_plant"
2020,6,7,3,5,3,"bare_ground"
2020,6,7,3,5,4,"bare_ground"
2020,6,7,3,5,5,"bare_ground"
2020,6,7,4,1,1,"other_plant"
2020,6,7,4,1,2,"other_plant"
2020,6,7,4,1,3,"other_litter"
2020,6,7,4,1,4,"other_litter"
2020,6,7,4,1,5,"other_plant"
2020,6,7,4,2,1,"other_plant"
2020,6,7,4,2,2,"other_plant"
2020,6,7,4,2,3,"other_litter"
2020,6,7,4,2,4,"other_litter"
2020,6,7,4,2,5,"other_litter"
2020,6,7,4,3,1,"other_plant"
2020,6,7,4,3,2,"other_plant"
2020,6,7,4,3,3,"other_litter"
2020,6,7,4,3,4,"other_litter"
2020,6,7,4,3,5,"other_litter"
2020,6,7,4,4,1,"other_litter"
2020,6,7,4,4,2,"other_litter"
2020,6,7,4,4,3,"other_plant"
2020,6,7,4,4,4,"other_plant"
2020,6,7,4,4,5,"other_plant"
2020,6,7,4,5,1,"other_plant"
2020,6,7,4,5,2,"other_plant"
2020,6,7,4,5,3,"other_plant"
2020,6,7,4,5,4,"other_litter"
2020,6,7,4,5,5,"bare_ground"
2020,6,7,5,1,1,"other_plant"
2020,6,7,5,1,2,"other_litter"
2020,6,7,5,1,3,"other_litter"
2020,6,7,5,1,4,"other_plant"
2020,6,7,5,1,5,"other_litter"
2020,6,7,5,2,1,"other_litter"
2020,6,7,5,2,2,"other_plant"
2020,6,7,5,2,3,"other_litter"
2020,6,7,5,2,4,"other_plant"
2020,6,7,5,2,5,"bare_ground"
2020,6,7,5,3,1,"other_litter"
2020,6,7,5,3,2,"other_plant"
2020,6,7,5,3,3,"other_plant"
2020,6,7,5,3,4,"other_plant"
2020,6,7,5,3,5,"other_plant"
2020,6,7,5,4,1,"other_litter"
2020,6,7,5,4,2,"other_litter"
2020,6,7,5,4,3,"other_litter"
2020,6,7,5,4,4,"other_plant"
2020,6,7,5,4,5,"other_litter"
2020,6,7,5,5,1,"bare_ground"
2020,6,7,5,5,2,"other_litter"
2020,6,7,5,5,3,"bare_ground"
2020,6,7,5,5,4,"other_litter"
2020,6,7,5,5,5,"other_plant"
2020,6,8,1,1,1,"bare_ground"
2020,6,8,1,1,2,"other_litter"
2020,6,8,1,1,3,"other_litter"
2020,6,8,1,1,4,"bare_ground"
2020,6,8,1,1,5,"other_plant"
2020,6,8,1,2,1,"bare_ground"
2020,6,8,1,2,2,"bare_ground"
2020,6,8,1,2,3,"bare_ground"
2020,6,8,1,2,4,"bare_ground"
2020,6,8,1,2,5,"other_plant"
2020,6,8,1,3,1,"bare_ground"
2020,6,8,1,3,2,"bare_ground"
2020,6,8,1,3,3,"bare_ground"
2020,6,8,1,3,4,"bare_ground"
2020,6,8,1,3,5,"other_plant"
2020,6,8,1,4,1,"bare_ground"
2020,6,8,1,4,2,"bare_ground"
2020,6,8,1,4,3,"bare_ground"
2020,6,8,1,4,4,"bare_ground"
2020,6,8,1,4,5,"bare_ground"
2020,6,8,1,5,1,"other_litter"
2020,6,8,1,5,2,"bare_ground"
2020,6,8,1,5,3,"bare_ground"
2020,6,8,1,5,4,"bare_ground"
2020,6,8,1,5,5,"other_plant"
2020,6,8,2,1,1,"bare_ground"
2020,6,8,2,1,2,"bare_ground"
2020,6,8,2,1,3,"bare_ground"
2020,6,8,2,1,4,"other_plant"
2020,6,8,2,1,5,"other_litter"
2020,6,8,2,2,1,"other_litter"
2020,6,8,2,2,2,"other_litter"
2020,6,8,2,2,3,"other_litter"
2020,6,8,2,2,4,"bare_ground"
2020,6,8,2,2,5,"other_litter"
2020,6,8,2,3,1,"other_litter"
2020,6,8,2,3,2,"other_plant"
2020,6,8,2,3,3,"bare_ground"
2020,6,8,2,3,4,"other_plant"
2020,6,8,2,3,5,"other_litter"
2020,6,8,2,4,1,"other_litter"
2020,6,8,2,4,2,"bare_ground"
2020,6,8,2,4,3,"bare_ground"
2020,6,8,2,4,4,"other_litter"
2020,6,8,2,4,5,"other_plant"
2020,6,8,2,5,1,"other_litter"
2020,6,8,2,5,2,"other_litter"
2020,6,8,2,5,3,"bare_ground"
2020,6,8,2,5,4,"bare_ground"
2020,6,8,2,5,5,"other_plant"
2020,6,8,3,1,1,"other_plant"
2020,6,8,3,1,2,"cheatgrass_plant"
2020,6,8,3,1,3,"bare_ground"
2020,6,8,3,1,4,"other_litter"
2020,6,8,3,1,5,"bare_ground"
2020,6,8,3,2,1,"other_litter"
2020,6,8,3,2,2,"cheatgrass_plant"
2020,6,8,3,2,3,"cheatgrass_litter"
2020,6,8,3,2,4,"cheatgrass_plant"
2020,6,8,3,2,5,"bare_ground"
2020,6,8,3,3,1,"other_litter"
2020,6,8,3,3,2,"other_litter"
2020,6,8,3,3,3,"bare_ground"
2020,6,8,3,3,4,"bare_ground"
2020,6,8,3,3,5,"cheatgrass_plant"
2020,6,8,3,4,1,"bare_ground"
2020,6,8,3,4,2,"cheatgrass_litter"
2020,6,8,3,4,3,"other_litter"
2020,6,8,3,4,4,"cheatgrass_plant"
2020,6,8,3,4,5,"other_plant"
2020,6,8,3,5,1,"other_plant"
2020,6,8,3,5,2,"other_litter"
2020,6,8,3,5,3,"other_litter"
2020,6,8,3,5,4,"cheatgrass_plant"
2020,6,8,3,5,5,"cheatgrass_litter"
2020,6,8,4,1,1,"other_plant"
2020,6,8,4,1,2,"other_plant"
2020,6,8,4,1,3,"other_plant"
2020,6,8,4,1,4,"other_plant"
2020,6,8,4,1,5,"other_plant"
2020,6,8,4,2,1,"other_plant"
2020,6,8,4,2,2,"other_plant"
2020,6,8,4,2,3,"cheatgrass_plant"
2020,6,8,4,2,4,"other_plant"
2020,6,8,4,2,5,"other_plant"
2020,6,8,4,3,1,"cheatgrass_litter"
2020,6,8,4,3,2,"cheatgrass_litter"
2020,6,8,4,3,3,"cheatgrass_plant"
2020,6,8,4,3,4,"other_plant"
2020,6,8,4,3,5,"other_litter"
2020,6,8,4,4,1,"other_plant"
2020,6,8,4,4,2,"cheatgrass_litter"
2020,6,8,4,4,3,"cheatgrass_litter"
2020,6,8,4,4,4,"other_plant"
2020,6,8,4,4,5,"other_plant"
2020,6,8,4,5,1,"other_litter"
2020,6,8,4,5,2,"other_plant"
2020,6,8,4,5,3,"other_plant"
2020,6,8,4,5,4,"other_plant"
2020,6,8,4,5,5,"other_litter"
2020,6,8,5,1,1,"other_plant"
2020,6,8,5,1,2,"other_plant"
2020,6,8,5,1,3,"other_plant"
2020,6,8,5,1,4,"other_plant"
2020,6,8,5,1,5,"other_plant"
2020,6,8,5,2,1,"other_plant"
2020,6,8,5,2,2,"other_plant"
2020,6,8,5,2,3,"other_plant"
2020,6,8,5,2,4,"other_plant"
2020,6,8,5,2,5,"other_plant"
2020,6,8,5,3,1,"other_plant"
2020,6,8,5,3,2,"other_plant"
2020,6,8,5,3,3,"other_plant"
2020,6,8,5,3,4,"bare_ground"
2020,6,8,5,3,5,"bare_ground"
2020,6,8,5,4,1,"bare_ground"
2020,6,8,5,4,2,"bare_ground"
2020,6,8,5,4,3,"bare_ground"
2020,6,8,5,4,4,"bare_ground"
2020,6,8,5,4,5,"bare_ground"
2020,6,8,5,5,1,"bare_ground"
2020,6,8,5,5,2,"bare_ground"
2020,6,8,5,5,3,"bare_ground"
2020,6,8,5,5,4,"bare_ground"
2020,6,8,5,5,5,"bare_ground"
2020,7,1,1,1,1,"cheatgrass_litter"
2020,7,1,1,1,2,"cheatgrass_plant"
2020,7,1,1,1,3,"other_plant"
2020,7,1,1,1,4,"other_plant"
2020,7,1,1,1,5,"other_plant"
2020,7,1,1,2,1,"bare_ground"
2020,7,1,1,2,2,"bare_ground"
2020,7,1,1,2,3,"other_plant"
2020,7,1,1,2,4,"other_litter"
2020,7,1,1,2,5,"other_plant"
2020,7,1,1,3,1,"cheatgrass_plant"
2020,7,1,1,3,2,"cheatgrass_plant"
2020,7,1,1,3,3,"other_plant"
2020,7,1,1,3,4,"other_plant"
2020,7,1,1,3,5,"other_plant"
2020,7,1,1,4,1,"other_plant"
2020,7,1,1,4,2,"bare_ground"
2020,7,1,1,4,3,"cheatgrass_plant"
2020,7,1,1,4,4,"other_plant"
2020,7,1,1,4,5,"cheatgrass_plant"
2020,7,1,1,5,1,"bare_ground"
2020,7,1,1,5,2,"other_plant"
2020,7,1,1,5,3,"cheatgrass_plant"
2020,7,1,1,5,4,"other_litter"
2020,7,1,1,5,5,"other_plant"
2020,7,1,2,1,1,"cheatgrass_plant"
2020,7,1,2,1,2,"cheatgrass_litter"
2020,7,1,2,1,3,"cheatgrass_plant"
2020,7,1,2,1,4,"cheatgrass_litter"
2020,7,1,2,1,5,"cheatgrass_litter"
2020,7,1,2,2,1,"cheatgrass_plant"
2020,7,1,2,2,2,"other_litter"
2020,7,1,2,2,3,"cheatgrass_plant"
2020,7,1,2,2,4,"cheatgrass_plant"
2020,7,1,2,2,5,"other_plant"
2020,7,1,2,3,1,"cheatgrass_plant"
2020,7,1,2,3,2,"cheatgrass_litter"
2020,7,1,2,3,3,"cheatgrass_plant"
2020,7,1,2,3,4,"other_plant"
2020,7,1,2,3,5,"other_plant"
2020,7,1,2,4,1,"cheatgrass_plant"
2020,7,1,2,4,2,"cheatgrass_plant"
2020,7,1,2,4,3,"other_litter"
2020,7,1,2,4,4,"other_litter"
2020,7,1,2,4,5,"other_plant"
2020,7,1,2,5,1,"cheatgrass_plant"
2020,7,1,2,5,2,"cheatgrass_plant"
2020,7,1,2,5,3,"cheatgrass_plant"
2020,7,1,2,5,4,"cheatgrass_plant"
2020,7,1,2,5,5,"other_plant"
2020,7,1,3,1,1,"other_litter"
2020,7,1,3,1,2,"other_plant"
2020,7,1,3,1,3,"cheatgrass_litter"
2020,7,1,3,1,4,"other_plant"
2020,7,1,3,1,5,"other_plant"
2020,7,1,3,2,1,"other_plant"
2020,7,1,3,2,2,"other_plant"
2020,7,1,3,2,3,"other_plant"
2020,7,1,3,2,4,"bare_ground"
2020,7,1,3,2,5,"bare_ground"
2020,7,1,3,3,1,"other_plant"
2020,7,1,3,3,2,"other_plant"
2020,7,1,3,3,3,"other_plant"
2020,7,1,3,3,4,"bare_ground"
2020,7,1,3,3,5,"bare_ground"
2020,7,1,3,4,1,"other_plant"
2020,7,1,3,4,2,"other_plant"
2020,7,1,3,4,3,"other_plant"
2020,7,1,3,4,4,"bare_ground"
2020,7,1,3,4,5,"cheatgrass_litter"
2020,7,1,3,5,1,"other_plant"
2020,7,1,3,5,2,"other_plant"
2020,7,1,3,5,3,"cheatgrass_plant"
2020,7,1,3,5,4,"cheatgrass_litter"
2020,7,1,3,5,5,"cheatgrass_plant"
2020,7,1,4,1,1,"cheatgrass_plant"
2020,7,1,4,1,2,"other_plant"
2020,7,1,4,1,3,"cheatgrass_plant"
2020,7,1,4,1,4,"cheatgrass_plant"
2020,7,1,4,1,5,"cheatgrass_plant"
2020,7,1,4,2,1,"cheatgrass_plant"
2020,7,1,4,2,2,"cheatgrass_plant"
2020,7,1,4,2,3,"cheatgrass_plant"
2020,7,1,4,2,4,"cheatgrass_litter"
2020,7,1,4,2,5,"cheatgrass_litter"
2020,7,1,4,3,1,"cheatgrass_plant"
2020,7,1,4,3,2,"cheatgrass_plant"
2020,7,1,4,3,3,"cheatgrass_plant"
2020,7,1,4,3,4,"cheatgrass_plant"
2020,7,1,4,3,5,"other_plant"
2020,7,1,4,4,1,"cheatgrass_plant"
2020,7,1,4,4,2,"other_plant"
2020,7,1,4,4,3,"cheatgrass_plant"
2020,7,1,4,4,4,"cheatgrass_plant"
2020,7,1,4,4,5,"cheatgrass_plant"
2020,7,1,4,5,1,"cheatgrass_litter"
2020,7,1,4,5,2,"cheatgrass_plant"
2020,7,1,4,5,3,"bare_ground"
2020,7,1,4,5,4,"cheatgrass_litter"
2020,7,1,4,5,5,"cheatgrass_plant"
2020,7,1,5,1,1,"bare_ground"
2020,7,1,5,1,2,"cheatgrass_plant"
2020,7,1,5,1,3,"other_plant"
2020,7,1,5,1,4,"other_litter"
2020,7,1,5,1,5,"cheatgrass_plant"
2020,7,1,5,2,1,"bare_ground"
2020,7,1,5,2,2,"bare_ground"
2020,7,1,5,2,3,"other_plant"
2020,7,1,5,2,4,"other_plant"
2020,7,1,5,2,5,"cheatgrass_plant"
2020,7,1,5,3,1,"bare_ground"
2020,7,1,5,3,2,"bare_ground"
2020,7,1,5,3,3,"cheatgrass_plant"
2020,7,1,5,3,4,"cheatgrass_plant"
2020,7,1,5,3,5,"cheatgrass_plant"
2020,7,1,5,4,1,"bare_ground"
2020,7,1,5,4,2,"other_plant"
2020,7,1,5,4,3,"other_plant"
2020,7,1,5,4,4,"other_plant"
2020,7,1,5,4,5,"other_plant"
2020,7,1,5,5,1,"bare_ground"
2020,7,1,5,5,2,"other_plant"
2020,7,1,5,5,3,"cheatgrass_plant"
2020,7,1,5,5,4,"other_plant"
2020,7,1,5,5,5,"cheatgrass_plant"
2020,7,2,1,1,1,"other_plant"
2020,7,2,1,1,2,"other_litter"
2020,7,2,1,1,3,"other_litter"
2020,7,2,1,1,4,"other_plant"
2020,7,2,1,1,5,"other_plant"
2020,7,2,1,2,1,"other_plant"
2020,7,2,1,2,2,"cheatgrass_plant"
2020,7,2,1,2,3,"other_plant"
2020,7,2,1,2,4,"cheatgrass_plant"
2020,7,2,1,2,5,"other_plant"
2020,7,2,1,3,1,"bare_ground"
2020,7,2,1,3,2,"cheatgrass_plant"
2020,7,2,1,3,3,"cheatgrass_litter"
2020,7,2,1,3,4,"cheatgrass_plant"
2020,7,2,1,3,5,"cheatgrass_plant"
2020,7,2,1,4,1,"cheatgrass_litter"
2020,7,2,1,4,2,"cheatgrass_plant"
2020,7,2,1,4,3,"other_plant"
2020,7,2,1,4,4,"bare_ground"
2020,7,2,1,4,5,"cheatgrass_plant"
2020,7,2,1,5,1,"other_plant"
2020,7,2,1,5,2,"cheatgrass_plant"
2020,7,2,1,5,3,"other_plant"
2020,7,2,1,5,4,"other_litter"
2020,7,2,1,5,5,"other_plant"
2020,7,2,2,1,1,"other_litter"
2020,7,2,2,1,2,"other_plant"
2020,7,2,2,1,3,"bare_ground"
2020,7,2,2,1,4,"other_litter"
2020,7,2,2,1,5,"other_litter"
2020,7,2,2,2,1,"bare_ground"
2020,7,2,2,2,2,"cheatgrass_plant"
2020,7,2,2,2,3,"other_litter"
2020,7,2,2,2,4,"cheatgrass_litter"
2020,7,2,2,2,5,"other_plant"
2020,7,2,2,3,1,"other_plant"
2020,7,2,2,3,2,"other_plant"
2020,7,2,2,3,3,"bare_ground"
2020,7,2,2,3,4,"other_litter"
2020,7,2,2,3,5,"other_litter"
2020,7,2,2,4,1,"bare_ground"
2020,7,2,2,4,2,"other_litter"
2020,7,2,2,4,3,"cheatgrass_plant"
2020,7,2,2,4,4,"other_litter"
2020,7,2,2,4,5,"other_litter"
2020,7,2,2,5,1,"other_litter"
2020,7,2,2,5,2,"cheatgrass_plant"
2020,7,2,2,5,3,"bare_ground"
2020,7,2,2,5,4,"bare_ground"
2020,7,2,2,5,5,"other_plant"
2020,7,2,3,1,1,"cheatgrass_plant"
2020,7,2,3,1,2,"cheatgrass_litter"
2020,7,2,3,1,3,"other_plant"
2020,7,2,3,1,4,"other_plant"
2020,7,2,3,1,5,"other_litter"
2020,7,2,3,2,1,"bare_ground"
2020,7,2,3,2,2,"other_litter"
2020,7,2,3,2,3,"other_plant"
2020,7,2,3,2,4,"other_plant"
2020,7,2,3,2,5,"bare_ground"
2020,7,2,3,3,1,"cheatgrass_plant"
2020,7,2,3,3,2,"other_plant"
2020,7,2,3,3,3,"cheatgrass_plant"
2020,7,2,3,3,4,"other_plant"
2020,7,2,3,3,5,"cheatgrass_plant"
2020,7,2,3,4,1,"other_plant"
2020,7,2,3,4,2,"other_plant"
2020,7,2,3,4,3,"other_plant"
2020,7,2,3,4,4,"cheatgrass_plant"
2020,7,2,3,4,5,"other_plant"
2020,7,2,3,5,1,"other_plant"
2020,7,2,3,5,2,"other_plant"
2020,7,2,3,5,3,"other_plant"
2020,7,2,3,5,4,"cheatgrass_plant"
2020,7,2,3,5,5,"other_plant"
2020,7,2,4,1,1,"other_litter"
2020,7,2,4,1,2,"other_plant"
2020,7,2,4,1,3,"other_litter"
2020,7,2,4,1,4,"other_plant"
2020,7,2,4,1,5,"bare_ground"
2020,7,2,4,2,1,"other_litter"
2020,7,2,4,2,2,"other_plant"
2020,7,2,4,2,3,"other_plant"
2020,7,2,4,2,4,"other_litter"
2020,7,2,4,2,5,"bare_ground"
2020,7,2,4,3,1,"other_litter"
2020,7,2,4,3,2,"other_plant"
2020,7,2,4,3,3,"other_plant"
2020,7,2,4,3,4,"other_plant"
2020,7,2,4,3,5,"other_plant"
2020,7,2,4,4,1,"bare_ground"
2020,7,2,4,4,2,"bare_ground"
2020,7,2,4,4,3,"cheatgrass_plant"
2020,7,2,4,4,4,"other_litter"
2020,7,2,4,4,5,"cheatgrass_plant"
2020,7,2,4,5,1,"bare_ground"
2020,7,2,4,5,2,"other_plant"
2020,7,2,4,5,3,"other_plant"
2020,7,2,4,5,4,"other_plant"
2020,7,2,4,5,5,"other_litter"
2020,7,2,5,1,1,"other_plant"
2020,7,2,5,1,2,"cheatgrass_plant"
2020,7,2,5,1,3,"cheatgrass_plant"
2020,7,2,5,1,4,"cheatgrass_plant"
2020,7,2,5,1,5,"other_plant"
2020,7,2,5,2,1,"other_plant"
2020,7,2,5,2,2,"cheatgrass_plant"
2020,7,2,5,2,3,"other_plant"
2020,7,2,5,2,4,"other_plant"
2020,7,2,5,2,5,"cheatgrass_plant"
2020,7,2,5,3,1,"other_plant"
2020,7,2,5,3,2,"other_plant"
2020,7,2,5,3,3,"other_litter"
2020,7,2,5,3,4,"other_litter"
2020,7,2,5,3,5,"other_plant"
2020,7,2,5,4,1,"other_litter"
2020,7,2,5,4,2,"other_litter"
2020,7,2,5,4,3,"other_plant"
2020,7,2,5,4,4,"other_litter"
2020,7,2,5,4,5,"other_litter"
2020,7,2,5,5,1,"cheatgrass_plant"
2020,7,2,5,5,2,"cheatgrass_litter"
2020,7,2,5,5,3,"other_litter"
2020,7,2,5,5,4,"other_litter"
2020,7,2,5,5,5,"other_plant"
2020,7,3,1,1,1,"cheatgrass_plant"
2020,7,3,1,1,2,"bare_ground"
2020,7,3,1,1,3,"cheatgrass_litter"
2020,7,3,1,1,4,"cheatgrass_plant"
2020,7,3,1,1,5,"cheatgrass_plant"
2020,7,3,1,2,1,"cheatgrass_plant"
2020,7,3,1,2,2,"other_plant"
2020,7,3,1,2,3,"bare_ground"
2020,7,3,1,2,4,"bare_ground"
2020,7,3,1,2,5,"bare_ground"
2020,7,3,1,3,1,"other_plant"
2020,7,3,1,3,2,"other_plant"
2020,7,3,1,3,3,"cheatgrass_plant"
2020,7,3,1,3,4,"other_plant"
2020,7,3,1,3,5,"other_plant"
2020,7,3,1,4,1,"other_plant"
2020,7,3,1,4,2,"cheatgrass_plant"
2020,7,3,1,4,3,"cheatgrass_plant"
2020,7,3,1,4,4,"cheatgrass_plant"
2020,7,3,1,4,5,"cheatgrass_plant"
2020,7,3,1,5,1,"cheatgrass_plant"
2020,7,3,1,5,2,"cheatgrass_plant"
2020,7,3,1,5,3,"cheatgrass_litter"
2020,7,3,1,5,4,"cheatgrass_plant"
2020,7,3,1,5,5,"bare_ground"
2020,7,3,2,1,1,"cheatgrass_plant"
2020,7,3,2,1,2,"other_plant"
2020,7,3,2,1,3,"other_plant"
2020,7,3,2,1,4,"cheatgrass_plant"
2020,7,3,2,1,5,"other_plant"
2020,7,3,2,2,1,"other_plant"
2020,7,3,2,2,2,"other_plant"
2020,7,3,2,2,3,"cheatgrass_litter"
2020,7,3,2,2,4,"other_plant"
2020,7,3,2,2,5,"cheatgrass_plant"
2020,7,3,2,3,1,"cheatgrass_plant"
2020,7,3,2,3,2,"other_plant"
2020,7,3,2,3,3,"other_litter"
2020,7,3,2,3,4,"other_plant"
2020,7,3,2,3,5,"cheatgrass_plant"
2020,7,3,2,4,1,"bare_ground"
2020,7,3,2,4,2,"other_plant"
2020,7,3,2,4,3,"other_litter"
2020,7,3,2,4,4,"other_plant"
2020,7,3,2,4,5,"other_plant"
2020,7,3,2,5,1,"bare_ground"
2020,7,3,2,5,2,"other_plant"
2020,7,3,2,5,3,"bare_ground"
2020,7,3,2,5,4,"other_plant"
2020,7,3,2,5,5,"other_plant"
2020,7,3,3,1,1,"cheatgrass_litter"
2020,7,3,3,1,2,"cheatgrass_plant"
2020,7,3,3,1,3,"other_plant"
2020,7,3,3,1,4,"other_plant"
2020,7,3,3,1,5,"other_plant"
2020,7,3,3,2,1,"other_plant"
2020,7,3,3,2,2,"cheatgrass_plant"
2020,7,3,3,2,3,"cheatgrass_litter"
2020,7,3,3,2,4,"other_plant"
2020,7,3,3,2,5,"cheatgrass_litter"
2020,7,3,3,3,1,"other_litter"
2020,7,3,3,3,2,"cheatgrass_plant"
2020,7,3,3,3,3,"cheatgrass_plant"
2020,7,3,3,3,4,"cheatgrass_plant"
2020,7,3,3,3,5,"cheatgrass_plant"
2020,7,3,3,4,1,"cheatgrass_plant"
2020,7,3,3,4,2,"cheatgrass_plant"
2020,7,3,3,4,3,"cheatgrass_plant"
2020,7,3,3,4,4,"cheatgrass_plant"
2020,7,3,3,4,5,"cheatgrass_plant"
2020,7,3,3,5,1,"cheatgrass_plant"
2020,7,3,3,5,2,"cheatgrass_plant"
2020,7,3,3,5,3,"cheatgrass_plant"
2020,7,3,3,5,4,"cheatgrass_litter"
2020,7,3,3,5,5,"cheatgrass_plant"
2020,7,3,4,1,1,"other_plant"
2020,7,3,4,1,2,"cheatgrass_plant"
2020,7,3,4,1,3,"cheatgrass_plant"
2020,7,3,4,1,4,"cheatgrass_plant"
2020,7,3,4,1,5,"cheatgrass_litter"
2020,7,3,4,2,1,"cheatgrass_plant"
2020,7,3,4,2,2,"other_litter"
2020,7,3,4,2,3,"other_plant"
2020,7,3,4,2,4,"other_plant"
2020,7,3,4,2,5,"bare_ground"
2020,7,3,4,3,1,"cheatgrass_plant"
2020,7,3,4,3,2,"cheatgrass_plant"
2020,7,3,4,3,3,"cheatgrass_litter"
2020,7,3,4,3,4,"bare_ground"
2020,7,3,4,3,5,"bare_ground"
2020,7,3,4,4,1,"cheatgrass_plant"
2020,7,3,4,4,2,"cheatgrass_plant"
2020,7,3,4,4,3,"cheatgrass_plant"
2020,7,3,4,4,4,"bare_ground"
2020,7,3,4,4,5,"bare_ground"
2020,7,3,4,5,1,"other_plant"
2020,7,3,4,5,2,"cheatgrass_plant"
2020,7,3,4,5,3,"other_litter"
2020,7,3,4,5,4,"other_plant"
2020,7,3,4,5,5,"bare_ground"
2020,7,3,5,1,1,"cheatgrass_plant"
2020,7,3,5,1,2,"other_plant"
2020,7,3,5,1,3,"other_plant"
2020,7,3,5,1,4,"cheatgrass_plant"
2020,7,3,5,1,5,"other_plant"
2020,7,3,5,2,1,"cheatgrass_litter"
2020,7,3,5,2,2,"cheatgrass_plant"
2020,7,3,5,2,3,"cheatgrass_plant"
2020,7,3,5,2,4,"other_plant"
2020,7,3,5,2,5,"other_plant"
2020,7,3,5,3,1,"cheatgrass_plant"
2020,7,3,5,3,2,"other_plant"
2020,7,3,5,3,3,"bare_ground"
2020,7,3,5,3,4,"other_plant"
2020,7,3,5,3,5,"other_plant"
2020,7,3,5,4,1,"other_plant"
2020,7,3,5,4,2,"other_plant"
2020,7,3,5,4,3,"cheatgrass_plant"
2020,7,3,5,4,4,"other_plant"
2020,7,3,5,4,5,"other_plant"
2020,7,3,5,5,1,"cheatgrass_plant"
2020,7,3,5,5,2,"other_litter"
2020,7,3,5,5,3,"other_plant"
2020,7,3,5,5,4,"cheatgrass_litter"
2020,7,3,5,5,5,"other_plant"
2020,7,4,1,1,1,"other_litter"
2020,7,4,1,1,2,"bare_ground"
2020,7,4,1,1,3,"other_litter"
2020,7,4,1,1,4,"other_litter"
2020,7,4,1,1,5,"other_plant"
2020,7,4,1,2,1,"bare_ground"
2020,7,4,1,2,2,"cheatgrass_litter"
2020,7,4,1,2,3,"other_plant"
2020,7,4,1,2,4,"other_plant"
2020,7,4,1,2,5,"other_plant"
2020,7,4,1,3,1,"cheatgrass_plant"
2020,7,4,1,3,2,"other_plant"
2020,7,4,1,3,3,"cheatgrass_litter"
2020,7,4,1,3,4,"cheatgrass_litter"
2020,7,4,1,3,5,"cheatgrass_plant"
2020,7,4,1,4,1,"other_litter"
2020,7,4,1,4,2,"other_litter"
2020,7,4,1,4,3,"cheatgrass_litter"
2020,7,4,1,4,4,"bare_ground"
2020,7,4,1,4,5,"other_litter"
2020,7,4,1,5,1,"other_plant"
2020,7,4,1,5,2,"cheatgrass_plant"
2020,7,4,1,5,3,"other_plant"
2020,7,4,1,5,4,"other_plant"
2020,7,4,1,5,5,"bare_ground"
2020,7,4,2,1,1,"cheatgrass_litter"
2020,7,4,2,1,2,"other_litter"
2020,7,4,2,1,3,"bare_ground"
2020,7,4,2,1,4,"other_plant"
2020,7,4,2,1,5,"other_litter"
2020,7,4,2,2,1,"other_plant"
2020,7,4,2,2,2,"cheatgrass_plant"
2020,7,4,2,2,3,"cheatgrass_plant"
2020,7,4,2,2,4,"cheatgrass_plant"
2020,7,4,2,2,5,"cheatgrass_plant"
2020,7,4,2,3,1,"other_litter"
2020,7,4,2,3,2,"bare_ground"
2020,7,4,2,3,3,"bare_ground"
2020,7,4,2,3,4,"cheatgrass_plant"
2020,7,4,2,3,5,"cheatgrass_plant"
2020,7,4,2,4,1,"bare_ground"
2020,7,4,2,4,2,"bare_ground"
2020,7,4,2,4,3,"bare_ground"
2020,7,4,2,4,4,"cheatgrass_plant"
2020,7,4,2,4,5,"bare_ground"
2020,7,4,2,5,1,"other_plant"
2020,7,4,2,5,2,"cheatgrass_plant"
2020,7,4,2,5,3,"cheatgrass_plant"
2020,7,4,2,5,4,"other_plant"
2020,7,4,2,5,5,"bare_ground"
2020,7,4,3,1,1,"other_litter"
2020,7,4,3,1,2,"other_litter"
2020,7,4,3,1,3,"other_litter"
2020,7,4,3,1,4,"other_plant"
2020,7,4,3,1,5,"other_plant"
2020,7,4,3,2,1,"bare_ground"
2020,7,4,3,2,2,"bare_ground"
2020,7,4,3,2,3,"other_plant"
2020,7,4,3,2,4,"other_plant"
2020,7,4,3,2,5,"other_litter"
2020,7,4,3,3,1,"other_litter"
2020,7,4,3,3,2,"other_litter"
2020,7,4,3,3,3,"other_plant"
2020,7,4,3,3,4,"other_litter"
2020,7,4,3,3,5,"other_plant"
2020,7,4,3,4,1,"other_litter"
2020,7,4,3,4,2,"other_litter"
2020,7,4,3,4,3,"other_litter"
2020,7,4,3,4,4,"other_litter"
2020,7,4,3,4,5,"other_plant"
2020,7,4,3,5,1,"other_litter"
2020,7,4,3,5,2,"other_plant"
2020,7,4,3,5,3,"other_plant"
2020,7,4,3,5,4,"other_plant"
2020,7,4,3,5,5,"other_litter"
2020,7,4,4,1,1,"cheatgrass_plant"
2020,7,4,4,1,2,"cheatgrass_plant"
2020,7,4,4,1,3,"other_litter"
2020,7,4,4,1,4,"cheatgrass_plant"
2020,7,4,4,1,5,"cheatgrass_plant"
2020,7,4,4,2,1,"cheatgrass_plant"
2020,7,4,4,2,2,"cheatgrass_plant"
2020,7,4,4,2,3,"cheatgrass_plant"
2020,7,4,4,2,4,"other_litter"
2020,7,4,4,2,5,"cheatgrass_plant"
2020,7,4,4,3,1,"cheatgrass_plant"
2020,7,4,4,3,2,"other_litter"
2020,7,4,4,3,3,"bare_ground"
2020,7,4,4,3,4,"cheatgrass_plant"
2020,7,4,4,3,5,"other_litter"
2020,7,4,4,4,1,"cheatgrass_plant"
2020,7,4,4,4,2,"bare_ground"
2020,7,4,4,4,3,"cheatgrass_plant"
2020,7,4,4,4,4,"cheatgrass_plant"
2020,7,4,4,4,5,"cheatgrass_plant"
2020,7,4,4,5,1,"cheatgrass_plant"
2020,7,4,4,5,2,"cheatgrass_plant"
2020,7,4,4,5,3,"cheatgrass_plant"
2020,7,4,4,5,4,"other_litter"
2020,7,4,4,5,5,"other_litter"
2020,7,4,5,1,1,"cheatgrass_plant"
2020,7,4,5,1,2,"cheatgrass_plant"
2020,7,4,5,1,3,"other_litter"
2020,7,4,5,1,4,"cheatgrass_plant"
2020,7,4,5,1,5,"bare_ground"
2020,7,4,5,2,1,"cheatgrass_plant"
2020,7,4,5,2,2,"cheatgrass_plant"
2020,7,4,5,2,3,"cheatgrass_litter"
2020,7,4,5,2,4,"cheatgrass_plant"
2020,7,4,5,2,5,"cheatgrass_plant"
2020,7,4,5,3,1,"cheatgrass_plant"
2020,7,4,5,3,2,"cheatgrass_plant"
2020,7,4,5,3,3,"cheatgrass_plant"
2020,7,4,5,3,4,"cheatgrass_plant"
2020,7,4,5,3,5,"other_plant"
2020,7,4,5,4,1,"cheatgrass_plant"
2020,7,4,5,4,2,"cheatgrass_plant"
2020,7,4,5,4,3,"cheatgrass_plant"
2020,7,4,5,4,4,"cheatgrass_plant"
2020,7,4,5,4,5,"cheatgrass_plant"
2020,7,4,5,5,1,"cheatgrass_plant"
2020,7,4,5,5,2,"cheatgrass_plant"
2020,7,4,5,5,3,"cheatgrass_plant"
2020,7,4,5,5,4,"cheatgrass_plant"
2020,7,4,5,5,5,"other_plant"
2020,7,5,1,1,1,"cheatgrass_plant"
2020,7,5,1,1,2,"other_plant"
2020,7,5,1,1,3,"other_plant"
2020,7,5,1,1,4,"cheatgrass_litter"
2020,7,5,1,1,5,"cheatgrass_plant"
2020,7,5,1,2,1,"cheatgrass_plant"
2020,7,5,1,2,2,"other_plant"
2020,7,5,1,2,3,"other_plant"
2020,7,5,1,2,4,"other_plant"
2020,7,5,1,2,5,"cheatgrass_litter"
2020,7,5,1,3,1,"other_plant"
2020,7,5,1,3,2,"other_plant"
2020,7,5,1,3,3,"cheatgrass_plant"
2020,7,5,1,3,4,"cheatgrass_plant"
2020,7,5,1,3,5,"cheatgrass_litter"
2020,7,5,1,4,1,"cheatgrass_litter"
2020,7,5,1,4,2,"cheatgrass_litter"
2020,7,5,1,4,3,"cheatgrass_plant"
2020,7,5,1,4,4,"cheatgrass_plant"
2020,7,5,1,4,5,"cheatgrass_litter"
2020,7,5,1,5,1,"other_plant"
2020,7,5,1,5,2,"other_plant"
2020,7,5,1,5,3,"cheatgrass_plant"
2020,7,5,1,5,4,"other_plant"
2020,7,5,1,5,5,"cheatgrass_litter"
2020,7,5,2,1,1,"other_litter"
2020,7,5,2,1,2,"other_litter"
2020,7,5,2,1,3,"other_plant"
2020,7,5,2,1,4,"other_litter"
2020,7,5,2,1,5,"other_plant"
2020,7,5,2,2,1,"other_plant"
2020,7,5,2,2,2,"other_plant"
2020,7,5,2,2,3,"other_litter"
2020,7,5,2,2,4,"other_plant"
2020,7,5,2,2,5,"other_plant"
2020,7,5,2,3,1,"other_plant"
2020,7,5,2,3,2,"other_litter"
2020,7,5,2,3,3,"other_plant"
2020,7,5,2,3,4,"bare_ground"
2020,7,5,2,3,5,"other_litter"
2020,7,5,2,4,1,"other_plant"
2020,7,5,2,4,2,"other_plant"
2020,7,5,2,4,3,"other_plant"
2020,7,5,2,4,4,"other_litter"
2020,7,5,2,4,5,"other_litter"
2020,7,5,2,5,1,"other_plant"
2020,7,5,2,5,2,"other_plant"
2020,7,5,2,5,3,"other_litter"
2020,7,5,2,5,4,"other_plant"
2020,7,5,2,5,5,"other_plant"
2020,7,5,3,1,1,"other_litter"
2020,7,5,3,1,2,"other_litter"
2020,7,5,3,1,3,"other_plant"
2020,7,5,3,1,4,"other_plant"
2020,7,5,3,1,5,"other_plant"
2020,7,5,3,2,1,"other_litter"
2020,7,5,3,2,2,"other_plant"
2020,7,5,3,2,3,"other_plant"
2020,7,5,3,2,4,"other_plant"
2020,7,5,3,2,5,"other_plant"
2020,7,5,3,3,1,"other_plant"
2020,7,5,3,3,2,"other_litter"
2020,7,5,3,3,3,"other_plant"
2020,7,5,3,3,4,"cheatgrass_plant"
2020,7,5,3,3,5,"other_plant"
2020,7,5,3,4,1,"other_plant"
2020,7,5,3,4,2,"other_plant"
2020,7,5,3,4,3,"other_plant"
2020,7,5,3,4,4,"other_litter"
2020,7,5,3,4,5,"other_plant"
2020,7,5,3,5,1,"other_plant"
2020,7,5,3,5,2,"other_litter"
2020,7,5,3,5,3,"bare_ground"
2020,7,5,3,5,4,"other_plant"
2020,7,5,3,5,5,"other_litter"
2020,7,5,4,1,1,"other_plant"
2020,7,5,4,1,2,"other_litter"
2020,7,5,4,1,3,"other_litter"
2020,7,5,4,1,4,"bare_ground"
2020,7,5,4,1,5,"bare_ground"
2020,7,5,4,2,1,"cheatgrass_plant"
2020,7,5,4,2,2,"cheatgrass_plant"
2020,7,5,4,2,3,"other_litter"
2020,7,5,4,2,4,"other_plant"
2020,7,5,4,2,5,"bare_ground"
2020,7,5,4,3,1,"other_plant"
2020,7,5,4,3,2,"other_litter"
2020,7,5,4,3,3,"other_litter"
2020,7,5,4,3,4,"other_plant"
2020,7,5,4,3,5,"other_plant"
2020,7,5,4,4,1,"other_litter"
2020,7,5,4,4,2,"bare_ground"
2020,7,5,4,4,3,"other_plant"
2020,7,5,4,4,4,"other_plant"
2020,7,5,4,4,5,"other_litter"
2020,7,5,4,5,1,"other_plant"
2020,7,5,4,5,2,"bare_ground"
2020,7,5,4,5,3,"cheatgrass_plant"
2020,7,5,4,5,4,"cheatgrass_plant"
2020,7,5,4,5,5,"other_litter"
2020,7,5,5,1,1,"other_litter"
2020,7,5,5,1,2,"other_litter"
2020,7,5,5,1,3,"other_plant"
2020,7,5,5,1,4,"other_plant"
2020,7,5,5,1,5,"bare_ground"
2020,7,5,5,2,1,"other_plant"
2020,7,5,5,2,2,"other_plant"
2020,7,5,5,2,3,"other_plant"
2020,7,5,5,2,4,"other_plant"
2020,7,5,5,2,5,"bare_ground"
2020,7,5,5,3,1,"other_plant"
2020,7,5,5,3,2,"other_litter"
2020,7,5,5,3,3,"other_plant"
2020,7,5,5,3,4,"other_plant"
2020,7,5,5,3,5,"other_plant"
2020,7,5,5,4,1,"other_litter"
2020,7,5,5,4,2,"other_litter"
2020,7,5,5,4,3,"other_litter"
2020,7,5,5,4,4,"other_litter"
2020,7,5,5,4,5,"other_plant"
2020,7,5,5,5,1,"other_plant"
2020,7,5,5,5,2,"other_plant"
2020,7,5,5,5,3,"other_plant"
2020,7,5,5,5,4,"other_plant"
2020,7,5,5,5,5,"other_plant"
2020,7,6,1,1,1,"cheatgrass_plant"
2020,7,6,1,1,2,"cheatgrass_plant"
2020,7,6,1,1,3,"cheatgrass_plant"
2020,7,6,1,1,4,"cheatgrass_litter"
2020,7,6,1,1,5,"other_plant"
2020,7,6,1,2,1,"other_plant"
2020,7,6,1,2,2,"other_plant"
2020,7,6,1,2,3,"other_plant"
2020,7,6,1,2,4,"other_litter"
2020,7,6,1,2,5,"bare_ground"
2020,7,6,1,3,1,"cheatgrass_plant"
2020,7,6,1,3,2,"cheatgrass_plant"
2020,7,6,1,3,3,"cheatgrass_plant"
2020,7,6,1,3,4,"cheatgrass_plant"
2020,7,6,1,3,5,"cheatgrass_plant"
2020,7,6,1,4,1,"other_plant"
2020,7,6,1,4,2,"cheatgrass_litter"
2020,7,6,1,4,3,"cheatgrass_plant"
2020,7,6,1,4,4,"cheatgrass_plant"
2020,7,6,1,4,5,"cheatgrass_plant"
2020,7,6,1,5,1,"other_litter"
2020,7,6,1,5,2,"other_litter"
2020,7,6,1,5,3,"other_plant"
2020,7,6,1,5,4,"cheatgrass_litter"
2020,7,6,1,5,5,"other_litter"
2020,7,6,2,1,1,"other_plant"
2020,7,6,2,1,2,"other_plant"
2020,7,6,2,1,3,"other_plant"
2020,7,6,2,1,4,"other_plant"
2020,7,6,2,1,5,"other_plant"
2020,7,6,2,2,1,"cheatgrass_plant"
2020,7,6,2,2,2,"cheatgrass_plant"
2020,7,6,2,2,3,"cheatgrass_plant"
2020,7,6,2,2,4,"cheatgrass_litter"
2020,7,6,2,2,5,"cheatgrass_plant"
2020,7,6,2,3,1,"cheatgrass_litter"
2020,7,6,2,3,2,"cheatgrass_plant"
2020,7,6,2,3,3,"cheatgrass_litter"
2020,7,6,2,3,4,"other_plant"
2020,7,6,2,3,5,"other_plant"
2020,7,6,2,4,1,"other_plant"
2020,7,6,2,4,2,"cheatgrass_plant"
2020,7,6,2,4,3,"cheatgrass_litter"
2020,7,6,2,4,4,"cheatgrass_litter"
2020,7,6,2,4,5,"other_plant"
2020,7,6,2,5,1,"other_plant"
2020,7,6,2,5,2,"cheatgrass_plant"
2020,7,6,2,5,3,"cheatgrass_plant"
2020,7,6,2,5,4,"other_plant"
2020,7,6,2,5,5,"cheatgrass_litter"
2020,7,6,3,1,1,"other_plant"
2020,7,6,3,1,2,"other_plant"
2020,7,6,3,1,3,"other_plant"
2020,7,6,3,1,4,"other_plant"
2020,7,6,3,1,5,"other_plant"
2020,7,6,3,2,1,"other_plant"
2020,7,6,3,2,2,"other_plant"
2020,7,6,3,2,3,"other_plant"
2020,7,6,3,2,4,"other_plant"
2020,7,6,3,2,5,"other_plant"
2020,7,6,3,3,1,"other_plant"
2020,7,6,3,3,2,"other_plant"
2020,7,6,3,3,3,"other_plant"
2020,7,6,3,3,4,"other_plant"
2020,7,6,3,3,5,"other_plant"
2020,7,6,3,4,1,"other_plant"
2020,7,6,3,4,2,"other_plant"
2020,7,6,3,4,3,"other_plant"
2020,7,6,3,4,4,"other_plant"
2020,7,6,3,4,5,"other_plant"
2020,7,6,3,5,1,"other_plant"
2020,7,6,3,5,2,"other_plant"
2020,7,6,3,5,3,"other_plant"
2020,7,6,3,5,4,"other_plant"
2020,7,6,3,5,5,"other_plant"
2020,7,6,4,1,1,"other_plant"
2020,7,6,4,1,2,"other_plant"
2020,7,6,4,1,3,"bare_ground"
2020,7,6,4,1,4,"other_plant"
2020,7,6,4,1,5,"other_plant"
2020,7,6,4,2,1,"other_plant"
2020,7,6,4,2,2,"other_plant"
2020,7,6,4,2,3,"bare_ground"
2020,7,6,4,2,4,"bare_ground"
2020,7,6,4,2,5,"bare_ground"
2020,7,6,4,3,1,"other_plant"
2020,7,6,4,3,2,"other_plant"
2020,7,6,4,3,3,"other_plant"
2020,7,6,4,3,4,"other_plant"
2020,7,6,4,3,5,"bare_ground"
2020,7,6,4,4,1,"other_plant"
2020,7,6,4,4,2,"other_plant"
2020,7,6,4,4,3,"other_plant"
2020,7,6,4,4,4,"other_plant"
2020,7,6,4,4,5,"bare_ground"
2020,7,6,4,5,1,"other_plant"
2020,7,6,4,5,2,"other_plant"
2020,7,6,4,5,3,"other_plant"
2020,7,6,4,5,4,"other_plant"
2020,7,6,4,5,5,"other_litter"
2020,7,6,5,1,1,"other_plant"
2020,7,6,5,1,2,"other_plant"
2020,7,6,5,1,3,"other_plant"
2020,7,6,5,1,4,"other_litter"
2020,7,6,5,1,5,"other_plant"
2020,7,6,5,2,1,"other_litter"
2020,7,6,5,2,2,"other_plant"
2020,7,6,5,2,3,"other_litter"
2020,7,6,5,2,4,"other_plant"
2020,7,6,5,2,5,"other_plant"
2020,7,6,5,3,1,"other_plant"
2020,7,6,5,3,2,"other_plant"
2020,7,6,5,3,3,"other_litter"
2020,7,6,5,3,4,"other_plant"
2020,7,6,5,3,5,"other_plant"
2020,7,6,5,4,1,"other_plant"
2020,7,6,5,4,2,"other_plant"
2020,7,6,5,4,3,"bare_ground"
2020,7,6,5,4,4,"bare_ground"
2020,7,6,5,4,5,"bare_ground"
2020,7,6,5,5,1,"other_plant"
2020,7,6,5,5,2,"other_plant"
2020,7,6,5,5,3,"other_litter"
2020,7,6,5,5,4,"bare_ground"
2020,7,6,5,5,5,"bare_ground"
2020,7,7,1,1,1,"cheatgrass_plant"
2020,7,7,1,1,2,"other_litter"
2020,7,7,1,1,3,"cheatgrass_plant"
2020,7,7,1,1,4,"cheatgrass_litter"
2020,7,7,1,1,5,"cheatgrass_plant"
2020,7,7,1,2,1,"cheatgrass_litter"
2020,7,7,1,2,2,"other_plant"
2020,7,7,1,2,3,"cheatgrass_plant"
2020,7,7,1,2,4,"cheatgrass_plant"
2020,7,7,1,2,5,"cheatgrass_plant"
2020,7,7,1,3,1,"other_plant"
2020,7,7,1,3,2,"cheatgrass_plant"
2020,7,7,1,3,3,"cheatgrass_plant"
2020,7,7,1,3,4,"other_plant"
2020,7,7,1,3,5,"cheatgrass_litter"
2020,7,7,1,4,1,"other_plant"
2020,7,7,1,4,2,"other_plant"
2020,7,7,1,4,3,"other_plant"
2020,7,7,1,4,4,"cheatgrass_litter"
2020,7,7,1,4,5,"cheatgrass_plant"
2020,7,7,1,5,1,"cheatgrass_litter"
2020,7,7,1,5,2,"other_plant"
2020,7,7,1,5,3,"cheatgrass_plant"
2020,7,7,1,5,4,"cheatgrass_plant"
2020,7,7,1,5,5,"cheatgrass_plant"
2020,7,7,2,1,1,"other_plant"
2020,7,7,2,1,2,"bare_ground"
2020,7,7,2,1,3,"bare_ground"
2020,7,7,2,1,4,"cheatgrass_plant"
2020,7,7,2,1,5,"cheatgrass_plant"
2020,7,7,2,2,1,"cheatgrass_litter"
2020,7,7,2,2,2,"other_plant"
2020,7,7,2,2,3,"cheatgrass_plant"
2020,7,7,2,2,4,"cheatgrass_litter"
2020,7,7,2,2,5,"other_plant"
2020,7,7,2,3,1,"other_plant"
2020,7,7,2,3,2,"cheatgrass_plant"
2020,7,7,2,3,3,"other_litter"
2020,7,7,2,3,4,"cheatgrass_litter"
2020,7,7,2,3,5,"other_plant"
2020,7,7,2,4,1,"cheatgrass_plant"
2020,7,7,2,4,2,"other_plant"
2020,7,7,2,4,3,"other_plant"
2020,7,7,2,4,4,"cheatgrass_plant"
2020,7,7,2,4,5,"cheatgrass_litter"
2020,7,7,2,5,1,"bare_ground"
2020,7,7,2,5,2,"bare_ground"
2020,7,7,2,5,3,"other_plant"
2020,7,7,2,5,4,"other_plant"
2020,7,7,2,5,5,"other_plant"
2020,7,7,3,1,1,"other_litter"
2020,7,7,3,1,2,"cheatgrass_plant"
2020,7,7,3,1,3,"other_litter"
2020,7,7,3,1,4,"other_plant"
2020,7,7,3,1,5,"cheatgrass_plant"
2020,7,7,3,2,1,"cheatgrass_plant"
2020,7,7,3,2,2,"other_litter"
2020,7,7,3,2,3,"bare_ground"
2020,7,7,3,2,4,"bare_ground"
2020,7,7,3,2,5,"other_litter"
2020,7,7,3,3,1,"bare_ground"
2020,7,7,3,3,2,"other_plant"
2020,7,7,3,3,3,"cheatgrass_litter"
2020,7,7,3,3,4,"cheatgrass_plant"
2020,7,7,3,3,5,"bare_ground"
2020,7,7,3,4,1,"bare_ground"
2020,7,7,3,4,2,"bare_ground"
2020,7,7,3,4,3,"bare_ground"
2020,7,7,3,4,4,"cheatgrass_plant"
2020,7,7,3,4,5,"cheatgrass_litter"
2020,7,7,3,5,1,"bare_ground"
2020,7,7,3,5,2,"bare_ground"
2020,7,7,3,5,3,"cheatgrass_plant"
2020,7,7,3,5,4,"cheatgrass_litter"
2020,7,7,3,5,5,"cheatgrass_plant"
2020,7,7,4,1,1,"cheatgrass_plant"
2020,7,7,4,1,2,"other_litter"
2020,7,7,4,1,3,"cheatgrass_litter"
2020,7,7,4,1,4,"cheatgrass_litter"
2020,7,7,4,1,5,"cheatgrass_plant"
2020,7,7,4,2,1,"cheatgrass_plant"
2020,7,7,4,2,2,"bare_ground"
2020,7,7,4,2,3,"other_plant"
2020,7,7,4,2,4,"other_plant"
2020,7,7,4,2,5,"other_litter"
2020,7,7,4,3,1,"bare_ground"
2020,7,7,4,3,2,"bare_ground"
2020,7,7,4,3,3,"cheatgrass_plant"
2020,7,7,4,3,4,"cheatgrass_plant"
2020,7,7,4,3,5,"other_plant"
2020,7,7,4,4,1,"other_litter"
2020,7,7,4,4,2,"bare_ground"
2020,7,7,4,4,3,"cheatgrass_litter"
2020,7,7,4,4,4,"cheatgrass_plant"
2020,7,7,4,4,5,"other_plant"
2020,7,7,4,5,1,"other_litter"
2020,7,7,4,5,2,"cheatgrass_litter"
2020,7,7,4,5,3,"other_litter"
2020,7,7,4,5,4,"cheatgrass_plant"
2020,7,7,4,5,5,"other_litter"
2020,7,7,5,1,1,"cheatgrass_plant"
2020,7,7,5,1,2,"cheatgrass_plant"
2020,7,7,5,1,3,"other_plant"
2020,7,7,5,1,4,"cheatgrass_plant"
2020,7,7,5,1,5,"bare_ground"
2020,7,7,5,2,1,"bare_ground"
2020,7,7,5,2,2,"bare_ground"
2020,7,7,5,2,3,"cheatgrass_plant"
2020,7,7,5,2,4,"other_plant"
2020,7,7,5,2,5,"bare_ground"
2020,7,7,5,3,1,"other_plant"
2020,7,7,5,3,2,"other_plant"
2020,7,7,5,3,3,"cheatgrass_litter"
2020,7,7,5,3,4,"other_plant"
2020,7,7,5,3,5,"other_plant"
2020,7,7,5,4,1,"other_plant"
2020,7,7,5,4,2,"other_plant"
2020,7,7,5,4,3,"other_plant"
2020,7,7,5,4,4,"other_plant"
2020,7,7,5,4,5,"other_plant"
2020,7,7,5,5,1,"other_plant"
2020,7,7,5,5,2,"other_plant"
2020,7,7,5,5,3,"other_plant"
2020,7,7,5,5,4,"other_litter"
2020,7,7,5,5,5,"other_litter"
2020,7,8,1,1,1,"cheatgrass_litter"
2020,7,8,1,1,2,"cheatgrass_plant"
2020,7,8,1,1,3,"cheatgrass_litter"
2020,7,8,1,1,4,"other_plant"
2020,7,8,1,1,5,"cheatgrass_plant"
2020,7,8,1,2,1,"cheatgrass_plant"
2020,7,8,1,2,2,"other_plant"
2020,7,8,1,2,3,"cheatgrass_litter"
2020,7,8,1,2,4,"cheatgrass_plant"
2020,7,8,1,2,5,"cheatgrass_plant"
2020,7,8,1,3,1,"cheatgrass_plant"
2020,7,8,1,3,2,"cheatgrass_litter"
2020,7,8,1,3,3,"cheatgrass_plant"
2020,7,8,1,3,4,"other_plant"
2020,7,8,1,3,5,"cheatgrass_litter"
2020,7,8,1,4,1,"other_plant"
2020,7,8,1,4,2,"other_plant"
2020,7,8,1,4,3,"cheatgrass_plant"
2020,7,8,1,4,4,"cheatgrass_litter"
2020,7,8,1,4,5,"other_plant"
2020,7,8,1,5,1,"cheatgrass_litter"
2020,7,8,1,5,2,"cheatgrass_plant"
2020,7,8,1,5,3,"cheatgrass_litter"
2020,7,8,1,5,4,"cheatgrass_plant"
2020,7,8,1,5,5,"cheatgrass_plant"
2020,7,8,2,1,1,"cheatgrass_plant"
2020,7,8,2,1,2,"other_plant"
2020,7,8,2,1,3,"other_plant"
2020,7,8,2,1,4,"other_litter"
2020,7,8,2,1,5,"other_plant"
2020,7,8,2,2,1,"other_plant"
2020,7,8,2,2,2,"cheatgrass_plant"
2020,7,8,2,2,3,"cheatgrass_plant"
2020,7,8,2,2,4,"other_litter"
2020,7,8,2,2,5,"other_litter"
2020,7,8,2,3,1,"bare_ground"
2020,7,8,2,3,2,"bare_ground"
2020,7,8,2,3,3,"other_litter"
2020,7,8,2,3,4,"other_plant"
2020,7,8,2,3,5,"other_plant"
2020,7,8,2,4,1,"other_plant"
2020,7,8,2,4,2,"cheatgrass_plant"
2020,7,8,2,4,3,"other_plant"
2020,7,8,2,4,4,"other_plant"
2020,7,8,2,4,5,"other_litter"
2020,7,8,2,5,1,"other_plant"
2020,7,8,2,5,2,"cheatgrass_plant"
2020,7,8,2,5,3,"bare_ground"
2020,7,8,2,5,4,"bare_ground"
2020,7,8,2,5,5,"other_litter"
2020,7,8,3,1,1,"cheatgrass_litter"
2020,7,8,3,1,2,"other_plant"
2020,7,8,3,1,3,"other_plant"
2020,7,8,3,1,4,"cheatgrass_litter"
2020,7,8,3,1,5,"other_plant"
2020,7,8,3,2,1,"other_plant"
2020,7,8,3,2,2,"other_plant"
2020,7,8,3,2,3,"bare_ground"
2020,7,8,3,2,4,"cheatgrass_litter"
2020,7,8,3,2,5,"cheatgrass_plant"
2020,7,8,3,3,1,"other_plant"
2020,7,8,3,3,2,"other_plant"
2020,7,8,3,3,3,"other_plant"
2020,7,8,3,3,4,"cheatgrass_litter"
2020,7,8,3,3,5,"cheatgrass_plant"
2020,7,8,3,4,1,"other_plant"
2020,7,8,3,4,2,"other_plant"
2020,7,8,3,4,3,"other_plant"
2020,7,8,3,4,4,"other_plant"
2020,7,8,3,4,5,"cheatgrass_plant"
2020,7,8,3,5,1,"other_plant"
2020,7,8,3,5,2,"cheatgrass_litter"
2020,7,8,3,5,3,"cheatgrass_plant"
2020,7,8,3,5,4,"other_plant"
2020,7,8,3,5,5,"cheatgrass_plant"
2020,7,8,4,1,1,"other_plant"
2020,7,8,4,1,2,"other_litter"
2020,7,8,4,1,3,"bare_ground"
2020,7,8,4,1,4,"bare_ground"
2020,7,8,4,1,5,"other_plant"
2020,7,8,4,2,1,"cheatgrass_plant"
2020,7,8,4,2,2,"other_plant"
2020,7,8,4,2,3,"other_plant"
2020,7,8,4,2,4,"bare_ground"
2020,7,8,4,2,5,"bare_ground"
2020,7,8,4,3,1,"other_plant"
2020,7,8,4,3,2,"cheatgrass_plant"
2020,7,8,4,3,3,"other_plant"
2020,7,8,4,3,4,"other_plant"
2020,7,8,4,3,5,"other_plant"
2020,7,8,4,4,1,"other_plant"
2020,7,8,4,4,2,"other_plant"
2020,7,8,4,4,3,"other_plant"
2020,7,8,4,4,4,"bare_ground"
2020,7,8,4,4,5,"bare_ground"
2020,7,8,4,5,1,"bare_ground"
2020,7,8,4,5,2,"cheatgrass_plant"
2020,7,8,4,5,3,"other_litter"
2020,7,8,4,5,4,"other_plant"
2020,7,8,4,5,5,"other_plant"
2020,7,8,5,1,1,"cheatgrass_plant"
2020,7,8,5,1,2,"cheatgrass_plant"
2020,7,8,5,1,3,"other_plant"
2020,7,8,5,1,4,"other_plant"
2020,7,8,5,1,5,"bare_ground"
2020,7,8,5,2,1,"other_plant"
2020,7,8,5,2,2,"cheatgrass_plant"
2020,7,8,5,2,3,"cheatgrass_plant"
2020,7,8,5,2,4,"other_litter"
2020,7,8,5,2,5,"bare_ground"
2020,7,8,5,3,1,"bare_ground"
2020,7,8,5,3,2,"other_plant"
2020,7,8,5,3,3,"other_plant"
2020,7,8,5,3,4,"cheatgrass_plant"
2020,7,8,5,3,5,"bare_ground"
2020,7,8,5,4,1,"cheatgrass_litter"
2020,7,8,5,4,2,"other_litter"
2020,7,8,5,4,3,"other_plant"
2020,7,8,5,4,4,"cheatgrass_plant"
2020,7,8,5,4,5,"other_plant"
2020,7,8,5,5,1,"bare_ground"
2020,7,8,5,5,2,"other_plant"
2020,7,8,5,5,3,"bare_ground"
2020,7,8,5,5,4,"cheatgrass_plant"
2020,7,8,5,5,5,"bare_ground"
2020,8,1,1,1,1,"cheatgrass_plant"
2020,8,1,1,1,2,"other_plant"
2020,8,1,1,1,3,"bare_ground"
2020,8,1,1,1,4,"bare_ground"
2020,8,1,1,1,5,"bare_ground"
2020,8,1,1,2,1,"other_litter"
2020,8,1,1,2,2,"other_plant"
2020,8,1,1,2,3,"other_plant"
2020,8,1,1,2,4,"cheatgrass_plant"
2020,8,1,1,2,5,"other_plant"
2020,8,1,1,3,1,"other_litter"
2020,8,1,1,3,2,"other_plant"
2020,8,1,1,3,3,"cheatgrass_plant"
2020,8,1,1,3,4,"cheatgrass_litter"
2020,8,1,1,3,5,"cheatgrass_plant"
2020,8,1,1,4,1,"other_plant"
2020,8,1,1,4,2,"cheatgrass_plant"
2020,8,1,1,4,3,"cheatgrass_litter"
2020,8,1,1,4,4,"other_plant"
2020,8,1,1,4,5,"other_plant"
2020,8,1,1,5,1,"cheatgrass_plant"
2020,8,1,1,5,2,"other_plant"
2020,8,1,1,5,3,"cheatgrass_litter"
2020,8,1,1,5,4,"other_plant"
2020,8,1,1,5,5,"bare_ground"
2020,8,1,2,1,1,"other_plant"
2020,8,1,2,1,2,"bare_ground"
2020,8,1,2,1,3,"bare_ground"
2020,8,1,2,1,4,"other_plant"
2020,8,1,2,1,5,"cheatgrass_litter"
2020,8,1,2,2,1,"cheatgrass_plant"
2020,8,1,2,2,2,"other_plant"
2020,8,1,2,2,3,"other_plant"
2020,8,1,2,2,4,"other_plant"
2020,8,1,2,2,5,"cheatgrass_litter"
2020,8,1,2,3,1,"other_plant"
2020,8,1,2,3,2,"cheatgrass_plant"
2020,8,1,2,3,3,"other_litter"
2020,8,1,2,3,4,"other_plant"
2020,8,1,2,3,5,"cheatgrass_plant"
2020,8,1,2,4,1,"other_plant"
2020,8,1,2,4,2,"bare_ground"
2020,8,1,2,4,3,"cheatgrass_plant"
2020,8,1,2,4,4,"other_plant"
2020,8,1,2,4,5,"other_plant"
2020,8,1,2,5,1,"other_plant"
2020,8,1,2,5,2,"other_litter"
2020,8,1,2,5,3,"other_plant"
2020,8,1,2,5,4,"cheatgrass_plant"
2020,8,1,2,5,5,"cheatgrass_plant"
2020,8,1,3,1,1,"bare_ground"
2020,8,1,3,1,2,"other_plant"
2020,8,1,3,1,3,"bare_ground"
2020,8,1,3,1,4,"cheatgrass_plant"
2020,8,1,3,1,5,"other_plant"
2020,8,1,3,2,1,"other_litter"
2020,8,1,3,2,2,"other_litter"
2020,8,1,3,2,3,"other_plant"
2020,8,1,3,2,4,"other_litter"
2020,8,1,3,2,5,"other_litter"
2020,8,1,3,3,1,"other_litter"
2020,8,1,3,3,2,"other_plant"
2020,8,1,3,3,3,"other_plant"
2020,8,1,3,3,4,"other_litter"
2020,8,1,3,3,5,"bare_ground"
2020,8,1,3,4,1,"bare_ground"
2020,8,1,3,4,2,"bare_ground"
2020,8,1,3,4,3,"bare_ground"
2020,8,1,3,4,4,"other_litter"
2020,8,1,3,4,5,"bare_ground"
2020,8,1,3,5,1,"other_litter"
2020,8,1,3,5,2,"bare_ground"
2020,8,1,3,5,3,"bare_ground"
2020,8,1,3,5,4,"bare_ground"
2020,8,1,3,5,5,"cheatgrass_plant"
2020,8,1,4,1,1,"cheatgrass_plant"
2020,8,1,4,1,2,"other_plant"
2020,8,1,4,1,3,"bare_ground"
2020,8,1,4,1,4,"cheatgrass_litter"
2020,8,1,4,1,5,"other_plant"
2020,8,1,4,2,1,"other_plant"
2020,8,1,4,2,2,"cheatgrass_litter"
2020,8,1,4,2,3,"bare_ground"
2020,8,1,4,2,4,"other_plant"
2020,8,1,4,2,5,"cheatgrass_plant"
2020,8,1,4,3,1,"cheatgrass_plant"
2020,8,1,4,3,2,"other_plant"
2020,8,1,4,3,3,"other_litter"
2020,8,1,4,3,4,"other_litter"
2020,8,1,4,3,5,"cheatgrass_plant"
2020,8,1,4,4,1,"cheatgrass_litter"
2020,8,1,4,4,2,"other_plant"
2020,8,1,4,4,3,"other_plant"
2020,8,1,4,4,4,"other_plant"
2020,8,1,4,4,5,"cheatgrass_litter"
2020,8,1,4,5,1,"other_plant"
2020,8,1,4,5,2,"other_plant"
2020,8,1,4,5,3,"other_plant"
2020,8,1,4,5,4,"cheatgrass_plant"
2020,8,1,4,5,5,"other_plant"
2020,8,1,5,1,1,"other_plant"
2020,8,1,5,1,2,"other_litter"
2020,8,1,5,1,3,"other_plant"
2020,8,1,5,1,4,"other_plant"
2020,8,1,5,1,5,"bare_ground"
2020,8,1,5,2,1,"other_litter"
2020,8,1,5,2,2,"other_plant"
2020,8,1,5,2,3,"other_litter"
2020,8,1,5,2,4,"other_litter"
2020,8,1,5,2,5,"other_litter"
2020,8,1,5,3,1,"other_plant"
2020,8,1,5,3,2,"other_litter"
2020,8,1,5,3,3,"other_plant"
2020,8,1,5,3,4,"other_plant"
2020,8,1,5,3,5,"other_litter"
2020,8,1,5,4,1,"other_litter"
2020,8,1,5,4,2,"other_litter"
2020,8,1,5,4,3,"other_litter"
2020,8,1,5,4,4,"other_plant"
2020,8,1,5,4,5,"other_plant"
2020,8,1,5,5,1,"other_litter"
2020,8,1,5,5,2,"other_litter"
2020,8,1,5,5,3,"other_plant"
2020,8,1,5,5,4,"other_plant"
2020,8,1,5,5,5,"other_plant"
2020,8,2,1,1,1,"bare_ground"
2020,8,2,1,1,2,"bare_ground"
2020,8,2,1,1,3,"cheatgrass_plant"
2020,8,2,1,1,4,"cheatgrass_litter"
2020,8,2,1,1,5,"cheatgrass_litter"
2020,8,2,1,2,1,"cheatgrass_plant"
2020,8,2,1,2,2,"cheatgrass_plant"
2020,8,2,1,2,3,"bare_ground"
2020,8,2,1,2,4,"other_plant"
2020,8,2,1,2,5,"bare_ground"
2020,8,2,1,3,1,"other_plant"
2020,8,2,1,3,2,"cheatgrass_litter"
2020,8,2,1,3,3,"other_plant"
2020,8,2,1,3,4,"cheatgrass_plant"
2020,8,2,1,3,5,"bare_ground"
2020,8,2,1,4,1,"other_plant"
2020,8,2,1,4,2,"other_litter"
2020,8,2,1,4,3,"cheatgrass_plant"
2020,8,2,1,4,4,"other_plant"
2020,8,2,1,4,5,"cheatgrass_litter"
2020,8,2,1,5,1,"cheatgrass_litter"
2020,8,2,1,5,2,"other_plant"
2020,8,2,1,5,3,"other_plant"
2020,8,2,1,5,4,"cheatgrass_litter"
2020,8,2,1,5,5,"other_plant"
2020,8,2,2,1,1,"bare_ground"
2020,8,2,2,1,2,"other_litter"
2020,8,2,2,1,3,"other_plant"
2020,8,2,2,1,4,"other_plant"
2020,8,2,2,1,5,"other_plant"
2020,8,2,2,2,1,"cheatgrass_plant"
2020,8,2,2,2,2,"other_plant"
2020,8,2,2,2,3,"other_litter"
2020,8,2,2,2,4,"other_plant"
2020,8,2,2,2,5,"other_plant"
2020,8,2,2,3,1,"other_plant"
2020,8,2,2,3,2,"cheatgrass_plant"
2020,8,2,2,3,3,"other_litter"
2020,8,2,2,3,4,"other_plant"
2020,8,2,2,3,5,"other_plant"
2020,8,2,2,4,1,"cheatgrass_plant"
2020,8,2,2,4,2,"other_litter"
2020,8,2,2,4,3,"other_plant"
2020,8,2,2,4,4,"other_plant"
2020,8,2,2,4,5,"other_plant"
2020,8,2,2,5,1,"bare_ground"
2020,8,2,2,5,2,"other_plant"
2020,8,2,2,5,3,"cheatgrass_plant"
2020,8,2,2,5,4,"cheatgrass_plant"
2020,8,2,2,5,5,"other_plant"
2020,8,2,3,1,1,"other_plant"
2020,8,2,3,1,2,"cheatgrass_plant"
2020,8,2,3,1,3,"cheatgrass_plant"
2020,8,2,3,1,4,"cheatgrass_plant"
2020,8,2,3,1,5,"cheatgrass_plant"
2020,8,2,3,2,1,"other_plant"
2020,8,2,3,2,2,"other_plant"
2020,8,2,3,2,3,"other_plant"
2020,8,2,3,2,4,"cheatgrass_plant"
2020,8,2,3,2,5,"cheatgrass_litter"
2020,8,2,3,3,1,"other_plant"
2020,8,2,3,3,2,"other_plant"
2020,8,2,3,3,3,"other_plant"
2020,8,2,3,3,4,"other_litter"
2020,8,2,3,3,5,"cheatgrass_litter"
2020,8,2,3,4,1,"other_plant"
2020,8,2,3,4,2,"other_plant"
2020,8,2,3,4,3,"other_plant"
2020,8,2,3,4,4,"other_plant"
2020,8,2,3,4,5,"cheatgrass_plant"
2020,8,2,3,5,1,"other_plant"
2020,8,2,3,5,2,"other_plant"
2020,8,2,3,5,3,"other_litter"
2020,8,2,3,5,4,"other_plant"
2020,8,2,3,5,5,"cheatgrass_plant"
2020,8,2,4,1,1,"other_plant"
2020,8,2,4,1,2,"cheatgrass_plant"
2020,8,2,4,1,3,"other_litter"
2020,8,2,4,1,4,"other_plant"
2020,8,2,4,1,5,"other_plant"
2020,8,2,4,2,1,"other_plant"
2020,8,2,4,2,2,"other_plant"
2020,8,2,4,2,3,"other_litter"
2020,8,2,4,2,4,"other_plant"
2020,8,2,4,2,5,"other_litter"
2020,8,2,4,3,1,"other_plant"
2020,8,2,4,3,2,"other_plant"
2020,8,2,4,3,3,"other_plant"
2020,8,2,4,3,4,"other_plant"
2020,8,2,4,3,5,"other_plant"
2020,8,2,4,4,1,"other_plant"
2020,8,2,4,4,2,"other_plant"
2020,8,2,4,4,3,"other_plant"
2020,8,2,4,4,4,"other_plant"
2020,8,2,4,4,5,"other_plant"
2020,8,2,4,5,1,"other_litter"
2020,8,2,4,5,2,"other_plant"
2020,8,2,4,5,3,"other_plant"
2020,8,2,4,5,4,"other_plant"
2020,8,2,4,5,5,"other_plant"
2020,8,2,5,1,1,"cheatgrass_plant"
2020,8,2,5,1,2,"cheatgrass_litter"
2020,8,2,5,1,3,"cheatgrass_plant"
2020,8,2,5,1,4,"bare_ground"
2020,8,2,5,1,5,"other_plant"
2020,8,2,5,2,1,"other_plant"
2020,8,2,5,2,2,"other_plant"
2020,8,2,5,2,3,"other_plant"
2020,8,2,5,2,4,"bare_ground"
2020,8,2,5,2,5,"cheatgrass_plant"
2020,8,2,5,3,1,"bare_ground"
2020,8,2,5,3,2,"other_litter"
2020,8,2,5,3,3,"other_plant"
2020,8,2,5,3,4,"cheatgrass_plant"
2020,8,2,5,3,5,"cheatgrass_litter"
2020,8,2,5,4,1,"other_litter"
2020,8,2,5,4,2,"bare_ground"
2020,8,2,5,4,3,"bare_ground"
2020,8,2,5,4,4,"other_litter"
2020,8,2,5,4,5,"bare_ground"
2020,8,2,5,5,1,"cheatgrass_plant"
2020,8,2,5,5,2,"other_litter"
2020,8,2,5,5,3,"cheatgrass_plant"
2020,8,2,5,5,4,"bare_ground"
2020,8,2,5,5,5,"cheatgrass_plant"
2020,8,3,1,1,1,"cheatgrass_plant"
2020,8,3,1,1,2,"other_plant"
2020,8,3,1,1,3,"other_plant"
2020,8,3,1,1,4,"cheatgrass_plant"
2020,8,3,1,1,5,"other_plant"
2020,8,3,1,2,1,"cheatgrass_litter"
2020,8,3,1,2,2,"other_plant"
2020,8,3,1,2,3,"cheatgrass_litter"
2020,8,3,1,2,4,"cheatgrass_plant"
2020,8,3,1,2,5,"other_plant"
2020,8,3,1,3,1,"other_plant"
2020,8,3,1,3,2,"other_litter"
2020,8,3,1,3,3,"cheatgrass_plant"
2020,8,3,1,3,4,"other_litter"
2020,8,3,1,3,5,"other_plant"
2020,8,3,1,4,1,"other_plant"
2020,8,3,1,4,2,"cheatgrass_plant"
2020,8,3,1,4,3,"other_plant"
2020,8,3,1,4,4,"cheatgrass_litter"
2020,8,3,1,4,5,"other_plant"
2020,8,3,1,5,1,"other_plant"
2020,8,3,1,5,2,"cheatgrass_litter"
2020,8,3,1,5,3,"other_plant"
2020,8,3,1,5,4,"other_litter"
2020,8,3,1,5,5,"bare_ground"
2020,8,3,2,1,1,"other_plant"
2020,8,3,2,1,2,"other_plant"
2020,8,3,2,1,3,"other_litter"
2020,8,3,2,1,4,"other_litter"
2020,8,3,2,1,5,"bare_ground"
2020,8,3,2,2,1,"other_plant"
2020,8,3,2,2,2,"other_plant"
2020,8,3,2,2,3,"bare_ground"
2020,8,3,2,2,4,"other_litter"
2020,8,3,2,2,5,"other_litter"
2020,8,3,2,3,1,"other_plant"
2020,8,3,2,3,2,"other_plant"
2020,8,3,2,3,3,"other_litter"
2020,8,3,2,3,4,"other_litter"
2020,8,3,2,3,5,"other_litter"
2020,8,3,2,4,1,"other_plant"
2020,8,3,2,4,2,"other_litter"
2020,8,3,2,4,3,"other_litter"
2020,8,3,2,4,4,"other_litter"
2020,8,3,2,4,5,"cheatgrass_plant"
2020,8,3,2,5,1,"other_litter"
2020,8,3,2,5,2,"cheatgrass_plant"
2020,8,3,2,5,3,"other_plant"
2020,8,3,2,5,4,"other_litter"
2020,8,3,2,5,5,"other_litter"
2020,8,3,3,1,1,"cheatgrass_litter"
2020,8,3,3,1,2,"other_litter"
2020,8,3,3,1,3,"other_litter"
2020,8,3,3,1,4,"other_plant"
2020,8,3,3,1,5,"other_plant"
2020,8,3,3,2,1,"other_plant"
2020,8,3,3,2,2,"other_plant"
2020,8,3,3,2,3,"other_litter"
2020,8,3,3,2,4,"other_plant"
2020,8,3,3,2,5,"other_litter"
2020,8,3,3,3,1,"cheatgrass_plant"
2020,8,3,3,3,2,"cheatgrass_litter"
2020,8,3,3,3,3,"other_plant"
2020,8,3,3,3,4,"other_litter"
2020,8,3,3,3,5,"cheatgrass_plant"
2020,8,3,3,4,1,"other_litter"
2020,8,3,3,4,2,"other_litter"
2020,8,3,3,4,3,"cheatgrass_plant"
2020,8,3,3,4,4,"other_plant"
2020,8,3,3,4,5,"other_plant"
2020,8,3,3,5,1,"other_litter"
2020,8,3,3,5,2,"cheatgrass_plant"
2020,8,3,3,5,3,"cheatgrass_plant"
2020,8,3,3,5,4,"other_plant"
2020,8,3,3,5,5,"other_litter"
2020,8,3,4,1,1,"cheatgrass_plant"
2020,8,3,4,1,2,"other_plant"
2020,8,3,4,1,3,"other_plant"
2020,8,3,4,1,4,"other_plant"
2020,8,3,4,1,5,"cheatgrass_plant"
2020,8,3,4,2,1,"other_plant"
2020,8,3,4,2,2,"other_plant"
2020,8,3,4,2,3,"cheatgrass_litter"
2020,8,3,4,2,4,"other_plant"
2020,8,3,4,2,5,"bare_ground"
2020,8,3,4,3,1,"other_plant"
2020,8,3,4,3,2,"cheatgrass_plant"
2020,8,3,4,3,3,"cheatgrass_plant"
2020,8,3,4,3,4,"cheatgrass_litter"
2020,8,3,4,3,5,"bare_ground"
2020,8,3,4,4,1,"other_plant"
2020,8,3,4,4,2,"cheatgrass_litter"
2020,8,3,4,4,3,"cheatgrass_plant"
2020,8,3,4,4,4,"other_plant"
2020,8,3,4,4,5,"other_litter"
2020,8,3,4,5,1,"other_plant"
2020,8,3,4,5,2,"other_plant"
2020,8,3,4,5,3,"cheatgrass_plant"
2020,8,3,4,5,4,"cheatgrass_plant"
2020,8,3,4,5,5,"cheatgrass_litter"
2020,8,3,5,1,1,"other_litter"
2020,8,3,5,1,2,"other_plant"
2020,8,3,5,1,3,"other_litter"
2020,8,3,5,1,4,"other_litter"
2020,8,3,5,1,5,"other_litter"
2020,8,3,5,2,1,"other_litter"
2020,8,3,5,2,2,"other_litter"
2020,8,3,5,2,3,"other_litter"
2020,8,3,5,2,4,"other_litter"
2020,8,3,5,2,5,"other_plant"
2020,8,3,5,3,1,"other_litter"
2020,8,3,5,3,2,"other_litter"
2020,8,3,5,3,3,"other_litter"
2020,8,3,5,3,4,"other_plant"
2020,8,3,5,3,5,"bare_ground"
2020,8,3,5,4,1,"other_litter"
2020,8,3,5,4,2,"other_litter"
2020,8,3,5,4,3,"other_litter"
2020,8,3,5,4,4,"other_litter"
2020,8,3,5,4,5,"bare_ground"
2020,8,3,5,5,1,"other_plant"
2020,8,3,5,5,2,"other_litter"
2020,8,3,5,5,3,"other_litter"
2020,8,3,5,5,4,"other_plant"
2020,8,3,5,5,5,"other_plant"
2020,8,4,1,1,1,"other_litter"
2020,8,4,1,1,2,"other_litter"
2020,8,4,1,1,3,"cheatgrass_plant"
2020,8,4,1,1,4,"bare_ground"
2020,8,4,1,1,5,"other_litter"
2020,8,4,1,2,1,"other_litter"
2020,8,4,1,2,2,"other_litter"
2020,8,4,1,2,3,"other_litter"
2020,8,4,1,2,4,"other_litter"
2020,8,4,1,2,5,"other_litter"
2020,8,4,1,3,1,"other_litter"
2020,8,4,1,3,2,"bare_ground"
2020,8,4,1,3,3,"other_litter"
2020,8,4,1,3,4,"other_litter"
2020,8,4,1,3,5,"bare_ground"
2020,8,4,1,4,1,"bare_ground"
2020,8,4,1,4,2,"other_plant"
2020,8,4,1,4,3,"other_litter"
2020,8,4,1,4,4,"other_litter"
2020,8,4,1,4,5,"other_litter"
2020,8,4,1,5,1,"other_litter"
2020,8,4,1,5,2,"other_litter"
2020,8,4,1,5,3,"other_litter"
2020,8,4,1,5,4,"other_litter"
2020,8,4,1,5,5,"other_litter"
2020,8,4,2,1,1,"other_litter"
2020,8,4,2,1,2,"other_plant"
2020,8,4,2,1,3,"other_plant"
2020,8,4,2,1,4,"other_litter"
2020,8,4,2,1,5,"other_litter"
2020,8,4,2,2,1,"other_litter"
2020,8,4,2,2,2,"other_plant"
2020,8,4,2,2,3,"other_plant"
2020,8,4,2,2,4,"other_litter"
2020,8,4,2,2,5,"other_litter"
2020,8,4,2,3,1,"bare_ground"
2020,8,4,2,3,2,"other_plant"
2020,8,4,2,3,3,"other_plant"
2020,8,4,2,3,4,"other_litter"
2020,8,4,2,3,5,"other_litter"
2020,8,4,2,4,1,"bare_ground"
2020,8,4,2,4,2,"other_plant"
2020,8,4,2,4,3,"other_plant"
2020,8,4,2,4,4,"other_litter"
2020,8,4,2,4,5,"other_litter"
2020,8,4,2,5,1,"other_litter"
2020,8,4,2,5,2,"other_litter"
2020,8,4,2,5,3,"other_litter"
2020,8,4,2,5,4,"other_plant"
2020,8,4,2,5,5,"bare_ground"
2020,8,4,3,1,1,"other_plant"
2020,8,4,3,1,2,"other_litter"
2020,8,4,3,1,3,"cheatgrass_plant"
2020,8,4,3,1,4,"cheatgrass_plant"
2020,8,4,3,1,5,"cheatgrass_plant"
2020,8,4,3,2,1,"bare_ground"
2020,8,4,3,2,2,"other_litter"
2020,8,4,3,2,3,"cheatgrass_plant"
2020,8,4,3,2,4,"cheatgrass_plant"
2020,8,4,3,2,5,"cheatgrass_plant"
2020,8,4,3,3,1,"bare_ground"
2020,8,4,3,3,2,"other_litter"
2020,8,4,3,3,3,"cheatgrass_plant"
2020,8,4,3,3,4,"cheatgrass_plant"
2020,8,4,3,3,5,"cheatgrass_plant"
2020,8,4,3,4,1,"other_litter"
2020,8,4,3,4,2,"other_plant"
2020,8,4,3,4,3,"cheatgrass_plant"
2020,8,4,3,4,4,"cheatgrass_plant"
2020,8,4,3,4,5,"cheatgrass_plant"
2020,8,4,3,5,1,"other_litter"
2020,8,4,3,5,2,"other_litter"
2020,8,4,3,5,3,"other_litter"
2020,8,4,3,5,4,"other_plant"
2020,8,4,3,5,5,"cheatgrass_plant"
2020,8,4,4,1,1,"other_plant"
2020,8,4,4,1,2,"other_plant"
2020,8,4,4,1,3,"other_plant"
2020,8,4,4,1,4,"other_plant"
2020,8,4,4,1,5,"other_plant"
2020,8,4,4,2,1,"other_plant"
2020,8,4,4,2,2,"other_plant"
2020,8,4,4,2,3,"other_plant"
2020,8,4,4,2,4,"other_plant"
2020,8,4,4,2,5,"other_litter"
2020,8,4,4,3,1,"other_plant"
2020,8,4,4,3,2,"other_plant"
2020,8,4,4,3,3,"bare_ground"
2020,8,4,4,3,4,"other_litter"
2020,8,4,4,3,5,"other_litter"
2020,8,4,4,4,1,"other_litter"
2020,8,4,4,4,2,"other_plant"
2020,8,4,4,4,3,"other_plant"
2020,8,4,4,4,4,"other_plant"
2020,8,4,4,4,5,"other_litter"
2020,8,4,4,5,1,"other_litter"
2020,8,4,4,5,2,"other_plant"
2020,8,4,4,5,3,"other_plant"
2020,8,4,4,5,4,"other_plant"
2020,8,4,4,5,5,"bare_ground"
2020,8,4,5,1,1,"cheatgrass_plant"
2020,8,4,5,1,2,"cheatgrass_plant"
2020,8,4,5,1,3,"cheatgrass_plant"
2020,8,4,5,1,4,"other_plant"
2020,8,4,5,1,5,"other_plant"
2020,8,4,5,2,1,"cheatgrass_plant"
2020,8,4,5,2,2,"cheatgrass_plant"
2020,8,4,5,2,3,"cheatgrass_plant"
2020,8,4,5,2,4,"cheatgrass_litter"
2020,8,4,5,2,5,"cheatgrass_plant"
2020,8,4,5,3,1,"cheatgrass_plant"
2020,8,4,5,3,2,"cheatgrass_plant"
2020,8,4,5,3,3,"other_plant"
2020,8,4,5,3,4,"cheatgrass_plant"
2020,8,4,5,3,5,"cheatgrass_plant"
2020,8,4,5,4,1,"cheatgrass_plant"
2020,8,4,5,4,2,"other_plant"
2020,8,4,5,4,3,"cheatgrass_plant"
2020,8,4,5,4,4,"cheatgrass_plant"
2020,8,4,5,4,5,"cheatgrass_plant"
2020,8,4,5,5,1,"other_plant"
2020,8,4,5,5,2,"cheatgrass_plant"
2020,8,4,5,5,3,"cheatgrass_plant"
2020,8,4,5,5,4,"other_plant"
2020,8,4,5,5,5,"other_plant"
2020,8,5,1,1,1,"other_litter"
2020,8,5,1,1,2,"cheatgrass_litter"
2020,8,5,1,1,3,"cheatgrass_plant"
2020,8,5,1,1,4,"cheatgrass_plant"
2020,8,5,1,1,5,"cheatgrass_litter"
2020,8,5,1,2,1,"cheatgrass_litter"
2020,8,5,1,2,2,"cheatgrass_litter"
2020,8,5,1,2,3,"other_plant"
2020,8,5,1,2,4,"other_litter"
2020,8,5,1,2,5,"cheatgrass_plant"
2020,8,5,1,3,1,"other_plant"
2020,8,5,1,3,2,"cheatgrass_plant"
2020,8,5,1,3,3,"cheatgrass_plant"
2020,8,5,1,3,4,"other_plant"
2020,8,5,1,3,5,"other_litter"
2020,8,5,1,4,1,"other_plant"
2020,8,5,1,4,2,"other_plant"
2020,8,5,1,4,3,"other_litter"
2020,8,5,1,4,4,"other_litter"
2020,8,5,1,4,5,"other_litter"
2020,8,5,1,5,1,"bare_ground"
2020,8,5,1,5,2,"other_plant"
2020,8,5,1,5,3,"other_litter"
2020,8,5,1,5,4,"other_plant"
2020,8,5,1,5,5,"cheatgrass_litter"
2020,8,5,2,1,1,"cheatgrass_plant"
2020,8,5,2,1,2,"cheatgrass_litter"
2020,8,5,2,1,3,"bare_ground"
2020,8,5,2,1,4,"bare_ground"
2020,8,5,2,1,5,"other_plant"
2020,8,5,2,2,1,"other_plant"
2020,8,5,2,2,2,"bare_ground"
2020,8,5,2,2,3,"bare_ground"
2020,8,5,2,2,4,"bare_ground"
2020,8,5,2,2,5,"other_plant"
2020,8,5,2,3,1,"other_plant"
2020,8,5,2,3,2,"cheatgrass_plant"
2020,8,5,2,3,3,"cheatgrass_plant"
2020,8,5,2,3,4,"bare_ground"
2020,8,5,2,3,5,"bare_ground"
2020,8,5,2,4,1,"cheatgrass_plant"
2020,8,5,2,4,2,"other_plant"
2020,8,5,2,4,3,"cheatgrass_plant"
2020,8,5,2,4,4,"cheatgrass_plant"
2020,8,5,2,4,5,"cheatgrass_plant"
2020,8,5,2,5,1,"cheatgrass_plant"
2020,8,5,2,5,2,"cheatgrass_plant"
2020,8,5,2,5,3,"other_plant"
2020,8,5,2,5,4,"cheatgrass_plant"
2020,8,5,2,5,5,"other_plant"
2020,8,5,3,1,1,"other_plant"
2020,8,5,3,1,2,"other_plant"
2020,8,5,3,1,3,"other_plant"
2020,8,5,3,1,4,"other_plant"
2020,8,5,3,1,5,"other_plant"
2020,8,5,3,2,1,"other_plant"
2020,8,5,3,2,2,"other_plant"
2020,8,5,3,2,3,"bare_ground"
2020,8,5,3,2,4,"bare_ground"
2020,8,5,3,2,5,"other_plant"
2020,8,5,3,3,1,"other_litter"
2020,8,5,3,3,2,"other_litter"
2020,8,5,3,3,3,"bare_ground"
2020,8,5,3,3,4,"bare_ground"
2020,8,5,3,3,5,"other_plant"
2020,8,5,3,4,1,"other_plant"
2020,8,5,3,4,2,"bare_ground"
2020,8,5,3,4,3,"bare_ground"
2020,8,5,3,4,4,"bare_ground"
2020,8,5,3,4,5,"other_litter"
2020,8,5,3,5,1,"other_litter"
2020,8,5,3,5,2,"other_litter"
2020,8,5,3,5,3,"other_litter"
2020,8,5,3,5,4,"other_plant"
2020,8,5,3,5,5,"other_plant"
2020,8,5,4,1,1,"other_litter"
2020,8,5,4,1,2,"other_litter"
2020,8,5,4,1,3,"other_litter"
2020,8,5,4,1,4,"other_plant"
2020,8,5,4,1,5,"other_plant"
2020,8,5,4,2,1,"other_plant"
2020,8,5,4,2,2,"other_litter"
2020,8,5,4,2,3,"other_plant"
2020,8,5,4,2,4,"other_litter"
2020,8,5,4,2,5,"other_litter"
2020,8,5,4,3,1,"other_plant"
2020,8,5,4,3,2,"other_litter"
2020,8,5,4,3,3,"other_plant"
2020,8,5,4,3,4,"other_litter"
2020,8,5,4,3,5,"other_litter"
2020,8,5,4,4,1,"other_plant"
2020,8,5,4,4,2,"other_litter"
2020,8,5,4,4,3,"other_litter"
2020,8,5,4,4,4,"other_litter"
2020,8,5,4,4,5,"other_litter"
2020,8,5,4,5,1,"other_litter"
2020,8,5,4,5,2,"other_litter"
2020,8,5,4,5,3,"other_litter"
2020,8,5,4,5,4,"bare_ground"
2020,8,5,4,5,5,"bare_ground"
2020,8,5,5,1,1,"cheatgrass_plant"
2020,8,5,5,1,2,"other_plant"
2020,8,5,5,1,3,"other_litter"
2020,8,5,5,1,4,"other_plant"
2020,8,5,5,1,5,"other_plant"
2020,8,5,5,2,1,"other_plant"
2020,8,5,5,2,2,"other_plant"
2020,8,5,5,2,3,"other_plant"
2020,8,5,5,2,4,"cheatgrass_plant"
2020,8,5,5,2,5,"other_plant"
2020,8,5,5,3,1,"bare_ground"
2020,8,5,5,3,2,"other_plant"
2020,8,5,5,3,3,"other_plant"
2020,8,5,5,3,4,"other_plant"
2020,8,5,5,3,5,"other_plant"
2020,8,5,5,4,1,"bare_ground"
2020,8,5,5,4,2,"other_plant"
2020,8,5,5,4,3,"other_plant"
2020,8,5,5,4,4,"cheatgrass_plant"
2020,8,5,5,4,5,"other_plant"
2020,8,5,5,5,1,"cheatgrass_litter"
2020,8,5,5,5,2,"bare_ground"
2020,8,5,5,5,3,"other_plant"
2020,8,5,5,5,4,"other_plant"
2020,8,5,5,5,5,"other_plant"
2020,8,6,1,1,1,"bare_ground"
2020,8,6,1,1,2,"bare_ground"
2020,8,6,1,1,3,"bare_ground"
2020,8,6,1,1,4,"bare_ground"
2020,8,6,1,1,5,"other_litter"
2020,8,6,1,2,1,"bare_ground"
2020,8,6,1,2,2,"bare_ground"
2020,8,6,1,2,3,"bare_ground"
2020,8,6,1,2,4,"bare_ground"
2020,8,6,1,2,5,"other_litter"
2020,8,6,1,3,1,"bare_ground"
2020,8,6,1,3,2,"bare_ground"
2020,8,6,1,3,3,"bare_ground"
2020,8,6,1,3,4,"other_litter"
2020,8,6,1,3,5,"other_plant"
2020,8,6,1,4,1,"other_plant"
2020,8,6,1,4,2,"bare_ground"
2020,8,6,1,4,3,"bare_ground"
2020,8,6,1,4,4,"other_litter"
2020,8,6,1,4,5,"other_plant"
2020,8,6,1,5,1,"bare_ground"
2020,8,6,1,5,2,"bare_ground"
2020,8,6,1,5,3,"bare_ground"
2020,8,6,1,5,4,"other_litter"
2020,8,6,1,5,5,"other_plant"
2020,8,6,2,1,1,"other_plant"
2020,8,6,2,1,2,"other_plant"
2020,8,6,2,1,3,"other_plant"
2020,8,6,2,1,4,"other_litter"
2020,8,6,2,1,5,"cheatgrass_plant"
2020,8,6,2,2,1,"other_plant"
2020,8,6,2,2,2,"other_plant"
2020,8,6,2,2,3,"other_litter"
2020,8,6,2,2,4,"other_plant"
2020,8,6,2,2,5,"cheatgrass_plant"
2020,8,6,2,3,1,"other_plant"
2020,8,6,2,3,2,"cheatgrass_plant"
2020,8,6,2,3,3,"other_plant"
2020,8,6,2,3,4,"cheatgrass_plant"
2020,8,6,2,3,5,"cheatgrass_litter"
2020,8,6,2,4,1,"other_plant"
2020,8,6,2,4,2,"other_plant"
2020,8,6,2,4,3,"cheatgrass_plant"
2020,8,6,2,4,4,"other_plant"
2020,8,6,2,4,5,"cheatgrass_litter"
2020,8,6,2,5,1,"other_plant"
2020,8,6,2,5,2,"cheatgrass_plant"
2020,8,6,2,5,3,"cheatgrass_plant"
2020,8,6,2,5,4,"cheatgrass_plant"
2020,8,6,2,5,5,"cheatgrass_plant"
2020,8,6,3,1,1,"other_litter"
2020,8,6,3,1,2,"other_plant"
2020,8,6,3,1,3,"cheatgrass_plant"
2020,8,6,3,1,4,"other_litter"
2020,8,6,3,1,5,"cheatgrass_plant"
2020,8,6,3,2,1,"other_plant"
2020,8,6,3,2,2,"other_litter"
2020,8,6,3,2,3,"other_plant"
2020,8,6,3,2,4,"other_plant"
2020,8,6,3,2,5,"cheatgrass_plant"
2020,8,6,3,3,1,"other_plant"
2020,8,6,3,3,2,"other_litter"
2020,8,6,3,3,3,"other_litter"
2020,8,6,3,3,4,"other_litter"
2020,8,6,3,3,5,"other_plant"
2020,8,6,3,4,1,"cheatgrass_plant"
2020,8,6,3,4,2,"cheatgrass_plant"
2020,8,6,3,4,3,"other_plant"
2020,8,6,3,4,4,"other_litter"
2020,8,6,3,4,5,"other_plant"
2020,8,6,3,5,1,"other_plant"
2020,8,6,3,5,2,"other_litter"
2020,8,6,3,5,3,"other_litter"
2020,8,6,3,5,4,"other_plant"
2020,8,6,3,5,5,"cheatgrass_plant"
2020,8,6,4,1,1,"other_plant"
2020,8,6,4,1,2,"other_plant"
2020,8,6,4,1,3,"other_plant"
2020,8,6,4,1,4,"other_plant"
2020,8,6,4,1,5,"other_plant"
2020,8,6,4,2,1,"other_plant"
2020,8,6,4,2,2,"other_plant"
2020,8,6,4,2,3,"other_plant"
2020,8,6,4,2,4,"other_plant"
2020,8,6,4,2,5,"other_plant"
2020,8,6,4,3,1,"other_plant"
2020,8,6,4,3,2,"other_plant"
2020,8,6,4,3,3,"other_plant"
2020,8,6,4,3,4,"other_plant"
2020,8,6,4,3,5,"other_plant"
2020,8,6,4,4,1,"other_plant"
2020,8,6,4,4,2,"other_plant"
2020,8,6,4,4,3,"other_plant"
2020,8,6,4,4,4,"other_plant"
2020,8,6,4,4,5,"other_plant"
2020,8,6,4,5,1,"other_plant"
2020,8,6,4,5,2,"other_plant"
2020,8,6,4,5,3,"other_plant"
2020,8,6,4,5,4,"other_plant"
2020,8,6,4,5,5,"other_plant"
2020,8,6,5,1,1,"bare_ground"
2020,8,6,5,1,2,"bare_ground"
2020,8,6,5,1,3,"other_litter"
2020,8,6,5,1,4,"other_litter"
2020,8,6,5,1,5,"other_plant"
2020,8,6,5,2,1,"bare_ground"
2020,8,6,5,2,2,"bare_ground"
2020,8,6,5,2,3,"other_litter"
2020,8,6,5,2,4,"other_plant"
2020,8,6,5,2,5,"other_litter"
2020,8,6,5,3,1,"bare_ground"
2020,8,6,5,3,2,"bare_ground"
2020,8,6,5,3,3,"other_litter"
2020,8,6,5,3,4,"other_litter"
2020,8,6,5,3,5,"other_litter"
2020,8,6,5,4,1,"other_plant"
2020,8,6,5,4,2,"bare_ground"
2020,8,6,5,4,3,"bare_ground"
2020,8,6,5,4,4,"other_litter"
2020,8,6,5,4,5,"other_plant"
2020,8,6,5,5,1,"bare_ground"
2020,8,6,5,5,2,"other_plant"
2020,8,6,5,5,3,"other_litter"
2020,8,6,5,5,4,"other_litter"
2020,8,6,5,5,5,"other_plant"
2020,8,7,1,1,1,"other_litter"
2020,8,7,1,1,2,"other_plant"
2020,8,7,1,1,3,"other_plant"
2020,8,7,1,1,4,"other_plant"
2020,8,7,1,1,5,"other_plant"
2020,8,7,1,2,1,"other_litter"
2020,8,7,1,2,2,"other_plant"
2020,8,7,1,2,3,"other_plant"
2020,8,7,1,2,4,"other_plant"
2020,8,7,1,2,5,"other_plant"
2020,8,7,1,3,1,"other_litter"
2020,8,7,1,3,2,"other_litter"
2020,8,7,1,3,3,"other_litter"
2020,8,7,1,3,4,"other_plant"
2020,8,7,1,3,5,"bare_ground"
2020,8,7,1,4,1,"other_litter"
2020,8,7,1,4,2,"other_litter"
2020,8,7,1,4,3,"bare_ground"
2020,8,7,1,4,4,"other_litter"
2020,8,7,1,4,5,"other_litter"
2020,8,7,1,5,1,"other_plant"
2020,8,7,1,5,2,"other_litter"
2020,8,7,1,5,3,"other_litter"
2020,8,7,1,5,4,"other_plant"
2020,8,7,1,5,5,"other_litter"
2020,8,7,2,1,1,"other_litter"
2020,8,7,2,1,2,"bare_ground"
2020,8,7,2,1,3,"bare_ground"
2020,8,7,2,1,4,"other_litter"
2020,8,7,2,1,5,"other_plant"
2020,8,7,2,2,1,"other_litter"
2020,8,7,2,2,2,"bare_ground"
2020,8,7,2,2,3,"bare_ground"
2020,8,7,2,2,4,"other_litter"
2020,8,7,2,2,5,"other_litter"
2020,8,7,2,3,1,"bare_ground"
2020,8,7,2,3,2,"bare_ground"
2020,8,7,2,3,3,"bare_ground"
2020,8,7,2,3,4,"bare_ground"
2020,8,7,2,3,5,"cheatgrass_plant"
2020,8,7,2,4,1,"cheatgrass_plant"
2020,8,7,2,4,2,"cheatgrass_plant"
2020,8,7,2,4,3,"other_litter"
2020,8,7,2,4,4,"cheatgrass_plant"
2020,8,7,2,4,5,"cheatgrass_litter"
2020,8,7,2,5,1,"cheatgrass_plant"
2020,8,7,2,5,2,"cheatgrass_plant"
2020,8,7,2,5,3,"other_litter"
2020,8,7,2,5,4,"cheatgrass_plant"
2020,8,7,2,5,5,"cheatgrass_plant"
2020,8,7,3,1,1,"other_plant"
2020,8,7,3,1,2,"other_plant"
2020,8,7,3,1,3,"other_plant"
2020,8,7,3,1,4,"other_litter"
2020,8,7,3,1,5,"other_plant"
2020,8,7,3,2,1,"other_plant"
2020,8,7,3,2,2,"other_litter"
2020,8,7,3,2,3,"other_plant"
2020,8,7,3,2,4,"other_plant"
2020,8,7,3,2,5,"other_plant"
2020,8,7,3,3,1,"bare_ground"
2020,8,7,3,3,2,"other_litter"
2020,8,7,3,3,3,"other_plant"
2020,8,7,3,3,4,"other_plant"
2020,8,7,3,3,5,"other_litter"
2020,8,7,3,4,1,"bare_ground"
2020,8,7,3,4,2,"other_litter"
2020,8,7,3,4,3,"other_litter"
2020,8,7,3,4,4,"other_litter"
2020,8,7,3,4,5,"other_plant"
2020,8,7,3,5,1,"other_litter"
2020,8,7,3,5,2,"other_plant"
2020,8,7,3,5,3,"other_plant"
2020,8,7,3,5,4,"other_plant"
2020,8,7,3,5,5,"other_plant"
2020,8,7,4,1,1,"other_plant"
2020,8,7,4,1,2,"other_plant"
2020,8,7,4,1,3,"cheatgrass_plant"
2020,8,7,4,1,4,"cheatgrass_plant"
2020,8,7,4,1,5,"bare_ground"
2020,8,7,4,2,1,"other_plant"
2020,8,7,4,2,2,"cheatgrass_plant"
2020,8,7,4,2,3,"other_plant"
2020,8,7,4,2,4,"other_plant"
2020,8,7,4,2,5,"cheatgrass_plant"
2020,8,7,4,3,1,"cheatgrass_plant"
2020,8,7,4,3,2,"cheatgrass_plant"
2020,8,7,4,3,3,"cheatgrass_litter"
2020,8,7,4,3,4,"cheatgrass_plant"
2020,8,7,4,3,5,"cheatgrass_plant"
2020,8,7,4,4,1,"cheatgrass_litter"
2020,8,7,4,4,2,"cheatgrass_plant"
2020,8,7,4,4,3,"cheatgrass_plant"
2020,8,7,4,4,4,"cheatgrass_plant"
2020,8,7,4,4,5,"other_plant"
2020,8,7,4,5,1,"other_plant"
2020,8,7,4,5,2,"cheatgrass_plant"
2020,8,7,4,5,3,"cheatgrass_plant"
2020,8,7,4,5,4,"cheatgrass_plant"
2020,8,7,4,5,5,"cheatgrass_plant"
2020,8,7,5,1,1,"other_plant"
2020,8,7,5,1,2,"other_litter"
2020,8,7,5,1,3,"other_plant"
2020,8,7,5,1,4,"other_litter"
2020,8,7,5,1,5,"other_plant"
2020,8,7,5,2,1,"other_litter"
2020,8,7,5,2,2,"other_litter"
2020,8,7,5,2,3,"other_plant"
2020,8,7,5,2,4,"other_plant"
2020,8,7,5,2,5,"cheatgrass_plant"
2020,8,7,5,3,1,"other_plant"
2020,8,7,5,3,2,"other_plant"
2020,8,7,5,3,3,"other_plant"
2020,8,7,5,3,4,"other_litter"
2020,8,7,5,3,5,"other_plant"
2020,8,7,5,4,1,"other_plant"
2020,8,7,5,4,2,"other_litter"
2020,8,7,5,4,3,"other_litter"
2020,8,7,5,4,4,"other_plant"
2020,8,7,5,4,5,"cheatgrass_plant"
2020,8,7,5,5,1,"other_litter"
2020,8,7,5,5,2,"bare_ground"
2020,8,7,5,5,3,"other_litter"
2020,8,7,5,5,4,"other_plant"
2020,8,7,5,5,5,"other_plant"
2020,8,8,1,1,1,"other_litter"
2020,8,8,1,1,2,"other_plant"
2020,8,8,1,1,3,"cheatgrass_plant"
2020,8,8,1,1,4,"bare_ground"
2020,8,8,1,1,5,"other_plant"
2020,8,8,1,2,1,"cheatgrass_plant"
2020,8,8,1,2,2,"other_plant"
2020,8,8,1,2,3,"other_plant"
2020,8,8,1,2,4,"cheatgrass_plant"
2020,8,8,1,2,5,"cheatgrass_litter"
2020,8,8,1,3,1,"other_litter"
2020,8,8,1,3,2,"cheatgrass_plant"
2020,8,8,1,3,3,"other_plant"
2020,8,8,1,3,4,"other_plant"
2020,8,8,1,3,5,"other_plant"
2020,8,8,1,4,1,"other_litter"
2020,8,8,1,4,2,"other_litter"
2020,8,8,1,4,3,"other_plant"
2020,8,8,1,4,4,"cheatgrass_plant"
2020,8,8,1,4,5,"cheatgrass_litter"
2020,8,8,1,5,1,"bare_ground"
2020,8,8,1,5,2,"bare_ground"
2020,8,8,1,5,3,"other_litter"
2020,8,8,1,5,4,"cheatgrass_litter"
2020,8,8,1,5,5,"cheatgrass_plant"
2020,8,8,2,1,1,"cheatgrass_plant"
2020,8,8,2,1,2,"cheatgrass_plant"
2020,8,8,2,1,3,"bare_ground"
2020,8,8,2,1,4,"other_litter"
2020,8,8,2,1,5,"cheatgrass_plant"
2020,8,8,2,2,1,"cheatgrass_plant"
2020,8,8,2,2,2,"cheatgrass_litter"
2020,8,8,2,2,3,"bare_ground"
2020,8,8,2,2,4,"cheatgrass_plant"
2020,8,8,2,2,5,"cheatgrass_plant"
2020,8,8,2,3,1,"cheatgrass_plant"
2020,8,8,2,3,2,"cheatgrass_plant"
2020,8,8,2,3,3,"cheatgrass_plant"
2020,8,8,2,3,4,"cheatgrass_plant"
2020,8,8,2,3,5,"other_plant"
2020,8,8,2,4,1,"cheatgrass_plant"
2020,8,8,2,4,2,"other_plant"
2020,8,8,2,4,3,"cheatgrass_plant"
2020,8,8,2,4,4,"other_plant"
2020,8,8,2,4,5,"other_plant"
2020,8,8,2,5,1,"cheatgrass_plant"
2020,8,8,2,5,2,"cheatgrass_litter"
2020,8,8,2,5,3,"cheatgrass_plant"
2020,8,8,2,5,4,"cheatgrass_litter"
2020,8,8,2,5,5,"cheatgrass_plant"
2020,8,8,3,1,1,"other_plant"
2020,8,8,3,1,2,"cheatgrass_plant"
2020,8,8,3,1,3,"bare_ground"
2020,8,8,3,1,4,"cheatgrass_plant"
2020,8,8,3,1,5,"other_plant"
2020,8,8,3,2,1,"other_plant"
2020,8,8,3,2,2,"cheatgrass_plant"
2020,8,8,3,2,3,"bare_ground"
2020,8,8,3,2,4,"cheatgrass_plant"
2020,8,8,3,2,5,"cheatgrass_litter"
2020,8,8,3,3,1,"other_litter"
2020,8,8,3,3,2,"cheatgrass_plant"
2020,8,8,3,3,3,"cheatgrass_plant"
2020,8,8,3,3,4,"cheatgrass_plant"
2020,8,8,3,3,5,"cheatgrass_plant"
2020,8,8,3,4,1,"other_plant"
2020,8,8,3,4,2,"other_plant"
2020,8,8,3,4,3,"other_plant"
2020,8,8,3,4,4,"cheatgrass_litter"
2020,8,8,3,4,5,"cheatgrass_litter"
2020,8,8,3,5,1,"cheatgrass_litter"
2020,8,8,3,5,2,"other_plant"
2020,8,8,3,5,3,"other_plant"
2020,8,8,3,5,4,"other_plant"
2020,8,8,3,5,5,"other_plant"
2020,8,8,4,1,1,"other_litter"
2020,8,8,4,1,2,"other_plant"
2020,8,8,4,1,3,"other_litter"
2020,8,8,4,1,4,"other_litter"
2020,8,8,4,1,5,"bare_ground"
2020,8,8,4,2,1,"bare_ground"
2020,8,8,4,2,2,"other_plant"
2020,8,8,4,2,3,"other_litter"
2020,8,8,4,2,4,"bare_ground"
2020,8,8,4,2,5,"other_litter"
2020,8,8,4,3,1,"bare_ground"
2020,8,8,4,3,2,"other_litter"
2020,8,8,4,3,3,"other_litter"
2020,8,8,4,3,4,"bare_ground"
2020,8,8,4,3,5,"other_litter"
2020,8,8,4,4,1,"other_litter"
2020,8,8,4,4,2,"bare_ground"
2020,8,8,4,4,3,"bare_ground"
2020,8,8,4,4,4,"bare_ground"
2020,8,8,4,4,5,"bare_ground"
2020,8,8,4,5,1,"bare_ground"
2020,8,8,4,5,2,"other_litter"
2020,8,8,4,5,3,"bare_ground"
2020,8,8,4,5,4,"bare_ground"
2020,8,8,4,5,5,"bare_ground"
2020,8,8,5,1,1,"cheatgrass_plant"
2020,8,8,5,1,2,"other_litter"
2020,8,8,5,1,3,"other_plant"
2020,8,8,5,1,4,"other_litter"
2020,8,8,5,1,5,"other_plant"
2020,8,8,5,2,1,"other_plant"
2020,8,8,5,2,2,"other_plant"
2020,8,8,5,2,3,"cheatgrass_plant"
2020,8,8,5,2,4,"other_plant"
2020,8,8,5,2,5,"other_litter"
2020,8,8,5,3,1,"bare_ground"
2020,8,8,5,3,2,"bare_ground"
2020,8,8,5,3,3,"other_plant"
2020,8,8,5,3,4,"other_plant"
2020,8,8,5,3,5,"other_litter"
2020,8,8,5,4,1,"other_litter"
2020,8,8,5,4,2,"other_litter"
2020,8,8,5,4,3,"other_litter"
2020,8,8,5,4,4,"other_litter"
2020,8,8,5,4,5,"other_litter"
2020,8,8,5,5,1,"other_litter"
2020,8,8,5,5,2,"other_litter"
2020,8,8,5,5,3,"bare_ground"
2020,8,8,5,5,4,"other_plant"
2020,8,8,5,5,5,"other_plant"
2021,1,1,1,1,1,"other_litter"
2021,1,1,1,1,2,"other_litter"
2021,1,1,1,1,3,"other_litter"
2021,1,1,1,1,4,"other_litter"
2021,1,1,1,1,5,"other_litter"
2021,1,1,1,2,1,"other_litter"
2021,1,1,1,2,2,"other_litter"
2021,1,1,1,2,3,"other_litter"
2021,1,1,1,2,4,"other_litter"
2021,1,1,1,2,5,"other_litter"
2021,1,1,1,3,1,"other_litter"
2021,1,1,1,3,2,"other_litter"
2021,1,1,1,3,3,"other_litter"
2021,1,1,1,3,4,"other_litter"
2021,1,1,1,3,5,"other_litter"
2021,1,1,1,4,1,"other_litter"
2021,1,1,1,4,2,"other_litter"
2021,1,1,1,4,3,"other_litter"
2021,1,1,1,4,4,"other_litter"
2021,1,1,1,4,5,"other_litter"
2021,1,1,1,5,1,"other_litter"
2021,1,1,1,5,2,"other_litter"
2021,1,1,1,5,3,"other_litter"
2021,1,1,1,5,4,"other_litter"
2021,1,1,1,5,5,"other_litter"
2021,1,1,2,1,1,"other_plant"
2021,1,1,2,1,2,"other_plant"
2021,1,1,2,1,3,"other_litter"
2021,1,1,2,1,4,"other_plant"
2021,1,1,2,1,5,"other_plant"
2021,1,1,2,2,1,"other_plant"
2021,1,1,2,2,2,"other_plant"
2021,1,1,2,2,3,"other_plant"
2021,1,1,2,2,4,"other_plant"
2021,1,1,2,2,5,"other_litter"
2021,1,1,2,3,1,"other_plant"
2021,1,1,2,3,2,"other_plant"
2021,1,1,2,3,3,"other_plant"
2021,1,1,2,3,4,"bare_ground"
2021,1,1,2,3,5,"bare_ground"
2021,1,1,2,4,1,"other_plant"
2021,1,1,2,4,2,"other_plant"
2021,1,1,2,4,3,"other_plant"
2021,1,1,2,4,4,"other_plant"
2021,1,1,2,4,5,"bare_ground"
2021,1,1,2,5,1,"other_plant"
2021,1,1,2,5,2,"other_litter"
2021,1,1,2,5,3,"other_plant"
2021,1,1,2,5,4,"other_plant"
2021,1,1,2,5,5,"other_plant"
2021,1,1,3,1,1,"other_litter"
2021,1,1,3,1,2,"other_plant"
2021,1,1,3,1,3,"other_plant"
2021,1,1,3,1,4,"other_litter"
2021,1,1,3,1,5,"other_plant"
2021,1,1,3,2,1,"other_plant"
2021,1,1,3,2,2,"other_plant"
2021,1,1,3,2,3,"other_litter"
2021,1,1,3,2,4,"other_plant"
2021,1,1,3,2,5,"other_plant"
2021,1,1,3,3,1,"other_litter"
2021,1,1,3,3,2,"other_plant"
2021,1,1,3,3,3,"other_litter"
2021,1,1,3,3,4,"other_litter"
2021,1,1,3,3,5,"other_litter"
2021,1,1,3,4,1,"other_plant"
2021,1,1,3,4,2,"other_litter"
2021,1,1,3,4,3,"other_litter"
2021,1,1,3,4,4,"other_litter"
2021,1,1,3,4,5,"other_plant"
2021,1,1,3,5,1,"other_litter"
2021,1,1,3,5,2,"other_litter"
2021,1,1,3,5,3,"other_plant"
2021,1,1,3,5,4,"other_litter"
2021,1,1,3,5,5,"other_litter"
2021,1,1,4,1,1,"other_plant"
2021,1,1,4,1,2,"bare_ground"
2021,1,1,4,1,3,"other_plant"
2021,1,1,4,1,4,"bare_ground"
2021,1,1,4,1,5,"other_plant"
2021,1,1,4,2,1,"other_litter"
2021,1,1,4,2,2,"other_plant"
2021,1,1,4,2,3,"other_plant"
2021,1,1,4,2,4,"other_litter"
2021,1,1,4,2,5,"bare_ground"
2021,1,1,4,3,1,"other_plant"
2021,1,1,4,3,2,"other_plant"
2021,1,1,4,3,3,"other_plant"
2021,1,1,4,3,4,"other_plant"
2021,1,1,4,3,5,"other_litter"
2021,1,1,4,4,1,"other_plant"
2021,1,1,4,4,2,"other_litter"
2021,1,1,4,4,3,"other_plant"
2021,1,1,4,4,4,"other_plant"
2021,1,1,4,4,5,"other_plant"
2021,1,1,4,5,1,"other_plant"
2021,1,1,4,5,2,"other_litter"
2021,1,1,4,5,3,"other_litter"
2021,1,1,4,5,4,"other_litter"
2021,1,1,4,5,5,"other_plant"
2021,1,1,5,1,1,"other_plant"
2021,1,1,5,1,2,"other_plant"
2021,1,1,5,1,3,"other_litter"
2021,1,1,5,1,4,"other_plant"
2021,1,1,5,1,5,"other_litter"
2021,1,1,5,2,1,"other_litter"
2021,1,1,5,2,2,"other_plant"
2021,1,1,5,2,3,"other_plant"
2021,1,1,5,2,4,"other_litter"
2021,1,1,5,2,5,"other_plant"
2021,1,1,5,3,1,"other_plant"
2021,1,1,5,3,2,"other_plant"
2021,1,1,5,3,3,"other_plant"
2021,1,1,5,3,4,"other_plant"
2021,1,1,5,3,5,"other_plant"
2021,1,1,5,4,1,"other_plant"
2021,1,1,5,4,2,"other_plant"
2021,1,1,5,4,3,"other_plant"
2021,1,1,5,4,4,"other_litter"
2021,1,1,5,4,5,"other_plant"
2021,1,1,5,5,1,"bare_ground"
2021,1,1,5,5,2,"bare_ground"
2021,1,1,5,5,3,"other_litter"
2021,1,1,5,5,4,"other_plant"
2021,1,1,5,5,5,"other_plant"
2021,1,2,1,1,1,"cheatgrass_plant"
2021,1,2,1,1,2,"other_plant"
2021,1,2,1,1,3,"other_plant"
2021,1,2,1,1,4,"other_plant"
2021,1,2,1,1,5,"other_litter"
2021,1,2,1,2,1,"other_litter"
2021,1,2,1,2,2,"cheatgrass_litter"
2021,1,2,1,2,3,"other_plant"
2021,1,2,1,2,4,"other_plant"
2021,1,2,1,2,5,"other_litter"
2021,1,2,1,3,1,"other_litter"
2021,1,2,1,3,2,"other_litter"
2021,1,2,1,3,3,"cheatgrass_plant"
2021,1,2,1,3,4,"other_plant"
2021,1,2,1,3,5,"other_plant"
2021,1,2,1,4,1,"other_plant"
2021,1,2,1,4,2,"other_litter"
2021,1,2,1,4,3,"other_litter"
2021,1,2,1,4,4,"other_plant"
2021,1,2,1,4,5,"other_litter"
2021,1,2,1,5,1,"other_plant"
2021,1,2,1,5,2,"other_plant"
2021,1,2,1,5,3,"other_plant"
2021,1,2,1,5,4,"other_litter"
2021,1,2,1,5,5,"other_plant"
2021,1,2,2,1,1,"other_litter"
2021,1,2,2,1,2,"other_plant"
2021,1,2,2,1,3,"other_plant"
2021,1,2,2,1,4,"other_plant"
2021,1,2,2,1,5,"other_plant"
2021,1,2,2,2,1,"other_plant"
2021,1,2,2,2,2,"other_plant"
2021,1,2,2,2,3,"other_plant"
2021,1,2,2,2,4,"other_plant"
2021,1,2,2,2,5,"other_plant"
2021,1,2,2,3,1,"other_plant"
2021,1,2,2,3,2,"other_plant"
2021,1,2,2,3,3,"other_plant"
2021,1,2,2,3,4,"other_litter"
2021,1,2,2,3,5,"other_plant"
2021,1,2,2,4,1,"other_litter"
2021,1,2,2,4,2,"other_plant"
2021,1,2,2,4,3,"other_plant"
2021,1,2,2,4,4,"other_plant"
2021,1,2,2,4,5,"other_plant"
2021,1,2,2,5,1,"other_plant"
2021,1,2,2,5,2,"other_plant"
2021,1,2,2,5,3,"other_litter"
2021,1,2,2,5,4,"other_plant"
2021,1,2,2,5,5,"other_plant"
2021,1,2,3,1,1,"other_litter"
2021,1,2,3,1,2,"other_litter"
2021,1,2,3,1,3,"other_litter"
2021,1,2,3,1,4,"other_plant"
2021,1,2,3,1,5,"other_plant"
2021,1,2,3,2,1,"other_plant"
2021,1,2,3,2,2,"other_plant"
2021,1,2,3,2,3,"other_plant"
2021,1,2,3,2,4,"other_plant"
2021,1,2,3,2,5,"other_litter"
2021,1,2,3,3,1,"other_plant"
2021,1,2,3,3,2,"other_litter"
2021,1,2,3,3,3,"other_litter"
2021,1,2,3,3,4,"other_plant"
2021,1,2,3,3,5,"other_plant"
2021,1,2,3,4,1,"other_litter"
2021,1,2,3,4,2,"bare_ground"
2021,1,2,3,4,3,"other_litter"
2021,1,2,3,4,4,"other_plant"
2021,1,2,3,4,5,"other_litter"
2021,1,2,3,5,1,"other_litter"
2021,1,2,3,5,2,"other_plant"
2021,1,2,3,5,3,"other_litter"
2021,1,2,3,5,4,"other_plant"
2021,1,2,3,5,5,"other_plant"
2021,1,2,4,1,1,"other_litter"
2021,1,2,4,1,2,"other_litter"
2021,1,2,4,1,3,"other_litter"
2021,1,2,4,1,4,"other_litter"
2021,1,2,4,1,5,"other_plant"
2021,1,2,4,2,1,"other_plant"
2021,1,2,4,2,2,"other_litter"
2021,1,2,4,2,3,"other_litter"
2021,1,2,4,2,4,"other_plant"
2021,1,2,4,2,5,"cheatgrass_litter"
2021,1,2,4,3,1,"other_plant"
2021,1,2,4,3,2,"other_plant"
2021,1,2,4,3,3,"other_plant"
2021,1,2,4,3,4,"other_plant"
2021,1,2,4,3,5,"cheatgrass_litter"
2021,1,2,4,4,1,"other_plant"
2021,1,2,4,4,2,"other_plant"
2021,1,2,4,4,3,"other_plant"
2021,1,2,4,4,4,"other_litter"
2021,1,2,4,4,5,"other_plant"
2021,1,2,4,5,1,"other_litter"
2021,1,2,4,5,2,"cheatgrass_litter"
2021,1,2,4,5,3,"other_plant"
2021,1,2,4,5,4,"cheatgrass_plant"
2021,1,2,4,5,5,"cheatgrass_plant"
2021,1,2,5,1,1,"other_litter"
2021,1,2,5,1,2,"other_plant"
2021,1,2,5,1,3,"other_plant"
2021,1,2,5,1,4,"cheatgrass_litter"
2021,1,2,5,1,5,"other_plant"
2021,1,2,5,2,1,"cheatgrass_plant"
2021,1,2,5,2,2,"other_litter"
2021,1,2,5,2,3,"other_plant"
2021,1,2,5,2,4,"cheatgrass_litter"
2021,1,2,5,2,5,"cheatgrass_litter"
2021,1,2,5,3,1,"cheatgrass_litter"
2021,1,2,5,3,2,"cheatgrass_plant"
2021,1,2,5,3,3,"other_plant"
2021,1,2,5,3,4,"cheatgrass_litter"
2021,1,2,5,3,5,"cheatgrass_litter"
2021,1,2,5,4,1,"other_litter"
2021,1,2,5,4,2,"other_litter"
2021,1,2,5,4,3,"other_plant"
2021,1,2,5,4,4,"other_litter"
2021,1,2,5,4,5,"other_plant"
2021,1,2,5,5,1,"other_litter"
2021,1,2,5,5,2,"other_litter"
2021,1,2,5,5,3,"bare_ground"
2021,1,2,5,5,4,"other_litter"
2021,1,2,5,5,5,"other_plant"
2021,1,3,1,1,1,"other_litter"
2021,1,3,1,1,2,"other_litter"
2021,1,3,1,1,3,"other_litter"
2021,1,3,1,1,4,"cheatgrass_litter"
2021,1,3,1,1,5,"other_litter"
2021,1,3,1,2,1,"other_litter"
2021,1,3,1,2,2,"other_litter"
2021,1,3,1,2,3,"other_litter"
2021,1,3,1,2,4,"cheatgrass_litter"
2021,1,3,1,2,5,"other_litter"
2021,1,3,1,3,1,"other_litter"
2021,1,3,1,3,2,"other_litter"
2021,1,3,1,3,3,"other_litter"
2021,1,3,1,3,4,"other_litter"
2021,1,3,1,3,5,"other_litter"
2021,1,3,1,4,1,"other_litter"
2021,1,3,1,4,2,"cheatgrass_litter"
2021,1,3,1,4,3,"other_plant"
2021,1,3,1,4,4,"other_plant"
2021,1,3,1,4,5,"cheatgrass_litter"
2021,1,3,1,5,1,"cheatgrass_litter"
2021,1,3,1,5,2,"other_litter"
2021,1,3,1,5,3,"other_plant"
2021,1,3,1,5,4,"other_plant"
2021,1,3,1,5,5,"other_plant"
2021,1,3,2,1,1,"other_plant"
2021,1,3,2,1,2,"other_plant"
2021,1,3,2,1,3,"other_plant"
2021,1,3,2,1,4,"other_litter"
2021,1,3,2,1,5,"other_plant"
2021,1,3,2,2,1,"cheatgrass_litter"
2021,1,3,2,2,2,"cheatgrass_litter"
2021,1,3,2,2,3,"other_plant"
2021,1,3,2,2,4,"other_litter"
2021,1,3,2,2,5,"other_litter"
2021,1,3,2,3,1,"cheatgrass_litter"
2021,1,3,2,3,2,"cheatgrass_litter"
2021,1,3,2,3,3,"cheatgrass_litter"
2021,1,3,2,3,4,"cheatgrass_litter"
2021,1,3,2,3,5,"cheatgrass_litter"
2021,1,3,2,4,1,"cheatgrass_plant"
2021,1,3,2,4,2,"cheatgrass_litter"
2021,1,3,2,4,3,"cheatgrass_litter"
2021,1,3,2,4,4,"other_plant"
2021,1,3,2,4,5,"other_litter"
2021,1,3,2,5,1,"cheatgrass_litter"
2021,1,3,2,5,2,"cheatgrass_litter"
2021,1,3,2,5,3,"other_plant"
2021,1,3,2,5,4,"other_plant"
2021,1,3,2,5,5,"other_plant"
2021,1,3,3,1,1,"other_litter"
2021,1,3,3,1,2,"other_plant"
2021,1,3,3,1,3,"other_plant"
2021,1,3,3,1,4,"other_plant"
2021,1,3,3,1,5,"other_plant"
2021,1,3,3,2,1,"other_plant"
2021,1,3,3,2,2,"other_plant"
2021,1,3,3,2,3,"other_plant"
2021,1,3,3,2,4,"other_plant"
2021,1,3,3,2,5,"other_plant"
2021,1,3,3,3,1,"other_litter"
2021,1,3,3,3,2,"other_litter"
2021,1,3,3,3,3,"other_litter"
2021,1,3,3,3,4,"other_litter"
2021,1,3,3,3,5,"other_litter"
2021,1,3,3,4,1,"other_litter"
2021,1,3,3,4,2,"other_plant"
2021,1,3,3,4,3,"other_litter"
2021,1,3,3,4,4,"other_plant"
2021,1,3,3,4,5,"other_litter"
2021,1,3,3,5,1,"other_plant"
2021,1,3,3,5,2,"other_plant"
2021,1,3,3,5,3,"other_plant"
2021,1,3,3,5,4,"other_plant"
2021,1,3,3,5,5,"other_plant"
2021,1,3,4,1,1,"other_litter"
2021,1,3,4,1,2,"other_litter"
2021,1,3,4,1,3,"other_plant"
2021,1,3,4,1,4,"other_litter"
2021,1,3,4,1,5,"other_litter"
2021,1,3,4,2,1,"other_litter"
2021,1,3,4,2,2,"other_litter"
2021,1,3,4,2,3,"other_litter"
2021,1,3,4,2,4,"other_litter"
2021,1,3,4,2,5,"other_litter"
2021,1,3,4,3,1,"other_litter"
2021,1,3,4,3,2,"other_litter"
2021,1,3,4,3,3,"cheatgrass_litter"
2021,1,3,4,3,4,"other_litter"
2021,1,3,4,3,5,"other_plant"
2021,1,3,4,4,1,"other_plant"
2021,1,3,4,4,2,"other_litter"
2021,1,3,4,4,3,"other_litter"
2021,1,3,4,4,4,"cheatgrass_litter"
2021,1,3,4,4,5,"other_plant"
2021,1,3,4,5,1,"other_litter"
2021,1,3,4,5,2,"other_plant"
2021,1,3,4,5,3,"other_plant"
2021,1,3,4,5,4,"other_litter"
2021,1,3,4,5,5,"other_litter"
2021,1,3,5,1,1,"other_litter"
2021,1,3,5,1,2,"bare_ground"
2021,1,3,5,1,3,"other_plant"
2021,1,3,5,1,4,"other_litter"
2021,1,3,5,1,5,"other_litter"
2021,1,3,5,2,1,"other_litter"
2021,1,3,5,2,2,"other_plant"
2021,1,3,5,2,3,"other_litter"
2021,1,3,5,2,4,"other_plant"
2021,1,3,5,2,5,"bare_ground"
2021,1,3,5,3,1,"other_litter"
2021,1,3,5,3,2,"other_plant"
2021,1,3,5,3,3,"other_litter"
2021,1,3,5,3,4,"other_litter"
2021,1,3,5,3,5,"other_plant"
2021,1,3,5,4,1,"other_litter"
2021,1,3,5,4,2,"bare_ground"
2021,1,3,5,4,3,"bare_ground"
2021,1,3,5,4,4,"other_litter"
2021,1,3,5,4,5,"other_litter"
2021,1,3,5,5,1,"other_plant"
2021,1,3,5,5,2,"other_litter"
2021,1,3,5,5,3,"bare_ground"
2021,1,3,5,5,4,"bare_ground"
2021,1,3,5,5,5,"other_litter"
2021,1,4,1,1,1,"other_plant"
2021,1,4,1,1,2,"other_plant"
2021,1,4,1,1,3,"other_plant"
2021,1,4,1,1,4,"other_plant"
2021,1,4,1,1,5,"other_plant"
2021,1,4,1,2,1,"other_litter"
2021,1,4,1,2,2,"other_plant"
2021,1,4,1,2,3,"other_litter"
2021,1,4,1,2,4,"other_plant"
2021,1,4,1,2,5,"other_plant"
2021,1,4,1,3,1,"other_litter"
2021,1,4,1,3,2,"other_litter"
2021,1,4,1,3,3,"other_litter"
2021,1,4,1,3,4,"other_plant"
2021,1,4,1,3,5,"other_plant"
2021,1,4,1,4,1,"other_litter"
2021,1,4,1,4,2,"other_litter"
2021,1,4,1,4,3,"other_plant"
2021,1,4,1,4,4,"other_plant"
2021,1,4,1,4,5,"other_plant"
2021,1,4,1,5,1,"other_litter"
2021,1,4,1,5,2,"other_litter"
2021,1,4,1,5,3,"other_litter"
2021,1,4,1,5,4,"other_litter"
2021,1,4,1,5,5,"other_litter"
2021,1,4,2,1,1,"other_plant"
2021,1,4,2,1,2,"other_plant"
2021,1,4,2,1,3,"other_plant"
2021,1,4,2,1,4,"other_plant"
2021,1,4,2,1,5,"other_plant"
2021,1,4,2,2,1,"other_plant"
2021,1,4,2,2,2,"other_plant"
2021,1,4,2,2,3,"other_plant"
2021,1,4,2,2,4,"bare_ground"
2021,1,4,2,2,5,"other_plant"
2021,1,4,2,3,1,"other_plant"
2021,1,4,2,3,2,"other_plant"
2021,1,4,2,3,3,"other_plant"
2021,1,4,2,3,4,"bare_ground"
2021,1,4,2,3,5,"other_plant"
2021,1,4,2,4,1,"other_plant"
2021,1,4,2,4,2,"other_plant"
2021,1,4,2,4,3,"other_plant"
2021,1,4,2,4,4,"other_plant"
2021,1,4,2,4,5,"other_plant"
2021,1,4,2,5,1,"other_plant"
2021,1,4,2,5,2,"other_plant"
2021,1,4,2,5,3,"other_plant"
2021,1,4,2,5,4,"other_plant"
2021,1,4,2,5,5,"other_plant"
2021,1,4,3,1,1,"other_litter"
2021,1,4,3,1,2,"cheatgrass_plant"
2021,1,4,3,1,3,"other_plant"
2021,1,4,3,1,4,"cheatgrass_plant"
2021,1,4,3,1,5,"other_litter"
2021,1,4,3,2,1,"other_plant"
2021,1,4,3,2,2,"other_plant"
2021,1,4,3,2,3,"cheatgrass_plant"
2021,1,4,3,2,4,"other_plant"
2021,1,4,3,2,5,"other_litter"
2021,1,4,3,3,1,"other_plant"
2021,1,4,3,3,2,"other_plant"
2021,1,4,3,3,3,"other_plant"
2021,1,4,3,3,4,"other_plant"
2021,1,4,3,3,5,"cheatgrass_plant"
2021,1,4,3,4,1,"other_plant"
2021,1,4,3,4,2,"other_plant"
2021,1,4,3,4,3,"other_plant"
2021,1,4,3,4,4,"cheatgrass_plant"
2021,1,4,3,4,5,"other_plant"
2021,1,4,3,5,1,"other_plant"
2021,1,4,3,5,2,"bare_ground"
2021,1,4,3,5,3,"other_litter"
2021,1,4,3,5,4,"cheatgrass_plant"
2021,1,4,3,5,5,"other_litter"
2021,1,4,4,1,1,"other_litter"
2021,1,4,4,1,2,"other_plant"
2021,1,4,4,1,3,"other_plant"
2021,1,4,4,1,4,"other_plant"
2021,1,4,4,1,5,"bare_ground"
2021,1,4,4,2,1,"other_plant"
2021,1,4,4,2,2,"other_litter"
2021,1,4,4,2,3,"cheatgrass_plant"
2021,1,4,4,2,4,"bare_ground"
2021,1,4,4,2,5,"bare_ground"
2021,1,4,4,3,1,"bare_ground"
2021,1,4,4,3,2,"other_litter"
2021,1,4,4,3,3,"bare_ground"
2021,1,4,4,3,4,"bare_ground"
2021,1,4,4,3,5,"bare_ground"
2021,1,4,4,4,1,"other_plant"
2021,1,4,4,4,2,"other_plant"
2021,1,4,4,4,3,"other_plant"
2021,1,4,4,4,4,"bare_ground"
2021,1,4,4,4,5,"bare_ground"
2021,1,4,4,5,1,"other_plant"
2021,1,4,4,5,2,"other_plant"
2021,1,4,4,5,3,"other_plant"
2021,1,4,4,5,4,"other_plant"
2021,1,4,4,5,5,"other_plant"
2021,1,4,5,1,1,"other_plant"
2021,1,4,5,1,2,"other_plant"
2021,1,4,5,1,3,"other_litter"
2021,1,4,5,1,4,"other_plant"
2021,1,4,5,1,5,"other_litter"
2021,1,4,5,2,1,"bare_ground"
2021,1,4,5,2,2,"other_plant"
2021,1,4,5,2,3,"other_plant"
2021,1,4,5,2,4,"other_plant"
2021,1,4,5,2,5,"bare_ground"
2021,1,4,5,3,1,"other_litter"
2021,1,4,5,3,2,"other_plant"
2021,1,4,5,3,3,"other_plant"
2021,1,4,5,3,4,"other_litter"
2021,1,4,5,3,5,"other_plant"
2021,1,4,5,4,1,"other_litter"
2021,1,4,5,4,2,"other_litter"
2021,1,4,5,4,3,"other_plant"
2021,1,4,5,4,4,"other_plant"
2021,1,4,5,4,5,"other_plant"
2021,1,4,5,5,1,"other_plant"
2021,1,4,5,5,2,"other_litter"
2021,1,4,5,5,3,"other_litter"
2021,1,4,5,5,4,"other_plant"
2021,1,4,5,5,5,"other_plant"
2021,1,5,1,1,1,"bare_ground"
2021,1,5,1,1,2,"other_plant"
2021,1,5,1,1,3,"other_plant"
2021,1,5,1,1,4,"bare_ground"
2021,1,5,1,1,5,"other_plant"
2021,1,5,1,2,1,"other_plant"
2021,1,5,1,2,2,"other_plant"
2021,1,5,1,2,3,"other_litter"
2021,1,5,1,2,4,"other_plant"
2021,1,5,1,2,5,"other_plant"
2021,1,5,1,3,1,"other_plant"
2021,1,5,1,3,2,"other_plant"
2021,1,5,1,3,3,"other_plant"
2021,1,5,1,3,4,"other_plant"
2021,1,5,1,3,5,"other_litter"
2021,1,5,1,4,1,"other_plant"
2021,1,5,1,4,2,"other_litter"
2021,1,5,1,4,3,"other_plant"
2021,1,5,1,4,4,"other_plant"
2021,1,5,1,4,5,"other_plant"
2021,1,5,1,5,1,"other_plant"
2021,1,5,1,5,2,"other_plant"
2021,1,5,1,5,3,"other_plant"
2021,1,5,1,5,4,"bare_ground"
2021,1,5,1,5,5,"other_litter"
2021,1,5,2,1,1,"other_plant"
2021,1,5,2,1,2,"other_plant"
2021,1,5,2,1,3,"other_plant"
2021,1,5,2,1,4,"other_plant"
2021,1,5,2,1,5,"other_plant"
2021,1,5,2,2,1,"other_plant"
2021,1,5,2,2,2,"other_plant"
2021,1,5,2,2,3,"bare_ground"
2021,1,5,2,2,4,"other_litter"
2021,1,5,2,2,5,"other_plant"
2021,1,5,2,3,1,"bare_ground"
2021,1,5,2,3,2,"other_plant"
2021,1,5,2,3,3,"other_plant"
2021,1,5,2,3,4,"other_plant"
2021,1,5,2,3,5,"bare_ground"
2021,1,5,2,4,1,"bare_ground"
2021,1,5,2,4,2,"other_plant"
2021,1,5,2,4,3,"bare_ground"
2021,1,5,2,4,4,"other_plant"
2021,1,5,2,4,5,"other_plant"
2021,1,5,2,5,1,"other_plant"
2021,1,5,2,5,2,"other_plant"
2021,1,5,2,5,3,"other_plant"
2021,1,5,2,5,4,"other_plant"
2021,1,5,2,5,5,"other_plant"
2021,1,5,3,1,1,"other_plant"
2021,1,5,3,1,2,"other_litter"
2021,1,5,3,1,3,"other_litter"
2021,1,5,3,1,4,"other_plant"
2021,1,5,3,1,5,"other_plant"
2021,1,5,3,2,1,"other_plant"
2021,1,5,3,2,2,"other_plant"
2021,1,5,3,2,3,"other_litter"
2021,1,5,3,2,4,"other_plant"
2021,1,5,3,2,5,"other_plant"
2021,1,5,3,3,1,"other_plant"
2021,1,5,3,3,2,"other_plant"
2021,1,5,3,3,3,"other_plant"
2021,1,5,3,3,4,"other_litter"
2021,1,5,3,3,5,"other_plant"
2021,1,5,3,4,1,"other_plant"
2021,1,5,3,4,2,"other_plant"
2021,1,5,3,4,3,"other_plant"
2021,1,5,3,4,4,"other_litter"
2021,1,5,3,4,5,"other_plant"
2021,1,5,3,5,1,"other_plant"
2021,1,5,3,5,2,"other_plant"
2021,1,5,3,5,3,"other_plant"
2021,1,5,3,5,4,"other_plant"
2021,1,5,3,5,5,"other_plant"
2021,1,5,4,1,1,"other_plant"
2021,1,5,4,1,2,"other_plant"
2021,1,5,4,1,3,"other_litter"
2021,1,5,4,1,4,"other_plant"
2021,1,5,4,1,5,"other_plant"
2021,1,5,4,2,1,"other_plant"
2021,1,5,4,2,2,"other_plant"
2021,1,5,4,2,3,"other_litter"
2021,1,5,4,2,4,"other_litter"
2021,1,5,4,2,5,"other_litter"
2021,1,5,4,3,1,"other_litter"
2021,1,5,4,3,2,"other_litter"
2021,1,5,4,3,3,"other_plant"
2021,1,5,4,3,4,"other_litter"
2021,1,5,4,3,5,"other_plant"
2021,1,5,4,4,1,"other_litter"
2021,1,5,4,4,2,"other_plant"
2021,1,5,4,4,3,"other_litter"
2021,1,5,4,4,4,"bare_ground"
2021,1,5,4,4,5,"bare_ground"
2021,1,5,4,5,1,"other_litter"
2021,1,5,4,5,2,"other_litter"
2021,1,5,4,5,3,"other_plant"
2021,1,5,4,5,4,"other_plant"
2021,1,5,4,5,5,"other_plant"
2021,1,5,5,1,1,"other_plant"
2021,1,5,5,1,2,"other_plant"
2021,1,5,5,1,3,"other_plant"
2021,1,5,5,1,4,"other_plant"
2021,1,5,5,1,5,"other_plant"
2021,1,5,5,2,1,"other_plant"
2021,1,5,5,2,2,"other_plant"
2021,1,5,5,2,3,"other_plant"
2021,1,5,5,2,4,"other_plant"
2021,1,5,5,2,5,"bare_ground"
2021,1,5,5,3,1,"other_plant"
2021,1,5,5,3,2,"other_plant"
2021,1,5,5,3,3,"other_litter"
2021,1,5,5,3,4,"other_litter"
2021,1,5,5,3,5,"bare_ground"
2021,1,5,5,4,1,"other_plant"
2021,1,5,5,4,2,"other_plant"
2021,1,5,5,4,3,"other_litter"
2021,1,5,5,4,4,"other_plant"
2021,1,5,5,4,5,"bare_ground"
2021,1,5,5,5,1,"other_plant"
2021,1,5,5,5,2,"other_plant"
2021,1,5,5,5,3,"other_plant"
2021,1,5,5,5,4,"other_plant"
2021,1,5,5,5,5,"other_plant"
2021,1,6,1,1,1,"other_litter"
2021,1,6,1,1,2,"other_plant"
2021,1,6,1,1,3,"other_plant"
2021,1,6,1,1,4,"other_plant"
2021,1,6,1,1,5,"other_plant"
2021,1,6,1,2,1,"other_litter"
2021,1,6,1,2,2,"other_plant"
2021,1,6,1,2,3,"other_plant"
2021,1,6,1,2,4,"other_litter"
2021,1,6,1,2,5,"other_plant"
2021,1,6,1,3,1,"other_plant"
2021,1,6,1,3,2,"other_litter"
2021,1,6,1,3,3,"other_plant"
2021,1,6,1,3,4,"other_litter"
2021,1,6,1,3,5,"other_plant"
2021,1,6,1,4,1,"other_plant"
2021,1,6,1,4,2,"other_plant"
2021,1,6,1,4,3,"other_plant"
2021,1,6,1,4,4,"other_litter"
2021,1,6,1,4,5,"other_litter"
2021,1,6,1,5,1,"other_plant"
2021,1,6,1,5,2,"other_plant"
2021,1,6,1,5,3,"other_plant"
2021,1,6,1,5,4,"other_plant"
2021,1,6,1,5,5,"other_litter"
2021,1,6,2,1,1,"other_litter"
2021,1,6,2,1,2,"other_plant"
2021,1,6,2,1,3,"other_litter"
2021,1,6,2,1,4,"other_litter"
2021,1,6,2,1,5,"other_plant"
2021,1,6,2,2,1,"other_litter"
2021,1,6,2,2,2,"other_plant"
2021,1,6,2,2,3,"other_litter"
2021,1,6,2,2,4,"other_litter"
2021,1,6,2,2,5,"other_litter"
2021,1,6,2,3,1,"other_plant"
2021,1,6,2,3,2,"other_litter"
2021,1,6,2,3,3,"other_plant"
2021,1,6,2,3,4,"other_plant"
2021,1,6,2,3,5,"other_plant"
2021,1,6,2,4,1,"other_plant"
2021,1,6,2,4,2,"other_litter"
2021,1,6,2,4,3,"other_litter"
2021,1,6,2,4,4,"other_plant"
2021,1,6,2,4,5,"bare_ground"
2021,1,6,2,5,1,"other_litter"
2021,1,6,2,5,2,"other_litter"
2021,1,6,2,5,3,"other_litter"
2021,1,6,2,5,4,"other_litter"
2021,1,6,2,5,5,"other_litter"
2021,1,6,3,1,1,"other_plant"
2021,1,6,3,1,2,"other_litter"
2021,1,6,3,1,3,"bare_ground"
2021,1,6,3,1,4,"other_plant"
2021,1,6,3,1,5,"other_plant"
2021,1,6,3,2,1,"other_plant"
2021,1,6,3,2,2,"other_plant"
2021,1,6,3,2,3,"bare_ground"
2021,1,6,3,2,4,"other_plant"
2021,1,6,3,2,5,"other_litter"
2021,1,6,3,3,1,"other_plant"
2021,1,6,3,3,2,"other_plant"
2021,1,6,3,3,3,"other_plant"
2021,1,6,3,3,4,"other_plant"
2021,1,6,3,3,5,"other_plant"
2021,1,6,3,4,1,"other_plant"
2021,1,6,3,4,2,"other_plant"
2021,1,6,3,4,3,"other_plant"
2021,1,6,3,4,4,"other_litter"
2021,1,6,3,4,5,"other_litter"
2021,1,6,3,5,1,"other_plant"
2021,1,6,3,5,2,"other_plant"
2021,1,6,3,5,3,"other_plant"
2021,1,6,3,5,4,"other_litter"
2021,1,6,3,5,5,"other_litter"
2021,1,6,4,1,1,"other_plant"
2021,1,6,4,1,2,"other_plant"
2021,1,6,4,1,3,"other_litter"
2021,1,6,4,1,4,"other_plant"
2021,1,6,4,1,5,"other_litter"
2021,1,6,4,2,1,"other_litter"
2021,1,6,4,2,2,"other_plant"
2021,1,6,4,2,3,"other_plant"
2021,1,6,4,2,4,"other_litter"
2021,1,6,4,2,5,"other_plant"
2021,1,6,4,3,1,"other_litter"
2021,1,6,4,3,2,"other_litter"
2021,1,6,4,3,3,"bare_ground"
2021,1,6,4,3,4,"other_litter"
2021,1,6,4,3,5,"other_plant"
2021,1,6,4,4,1,"bare_ground"
2021,1,6,4,4,2,"other_litter"
2021,1,6,4,4,3,"other_litter"
2021,1,6,4,4,4,"bare_ground"
2021,1,6,4,4,5,"other_litter"
2021,1,6,4,5,1,"other_plant"
2021,1,6,4,5,2,"other_plant"
2021,1,6,4,5,3,"other_litter"
2021,1,6,4,5,4,"other_plant"
2021,1,6,4,5,5,"bare_ground"
2021,1,6,5,1,1,"other_litter"
2021,1,6,5,1,2,"other_litter"
2021,1,6,5,1,3,"other_litter"
2021,1,6,5,1,4,"other_litter"
2021,1,6,5,1,5,"other_plant"
2021,1,6,5,2,1,"other_plant"
2021,1,6,5,2,2,"other_litter"
2021,1,6,5,2,3,"other_plant"
2021,1,6,5,2,4,"other_litter"
2021,1,6,5,2,5,"other_litter"
2021,1,6,5,3,1,"other_litter"
2021,1,6,5,3,2,"other_plant"
2021,1,6,5,3,3,"other_litter"
2021,1,6,5,3,4,"other_plant"
2021,1,6,5,3,5,"other_plant"
2021,1,6,5,4,1,"other_plant"
2021,1,6,5,4,2,"other_plant"
2021,1,6,5,4,3,"other_plant"
2021,1,6,5,4,4,"other_litter"
2021,1,6,5,4,5,"other_plant"
2021,1,6,5,5,1,"other_litter"
2021,1,6,5,5,2,"other_plant"
2021,1,6,5,5,3,"other_litter"
2021,1,6,5,5,4,"other_plant"
2021,1,6,5,5,5,"other_plant"
2021,1,7,1,1,1,"other_plant"
2021,1,7,1,1,2,"other_plant"
2021,1,7,1,1,3,"other_litter"
2021,1,7,1,1,4,"other_litter"
2021,1,7,1,1,5,"other_plant"
2021,1,7,1,2,1,"other_plant"
2021,1,7,1,2,2,"other_plant"
2021,1,7,1,2,3,"other_plant"
2021,1,7,1,2,4,"other_plant"
2021,1,7,1,2,5,"other_plant"
2021,1,7,1,3,1,"other_plant"
2021,1,7,1,3,2,"other_plant"
2021,1,7,1,3,3,"other_plant"
2021,1,7,1,3,4,"other_plant"
2021,1,7,1,3,5,"other_plant"
2021,1,7,1,4,1,"other_plant"
2021,1,7,1,4,2,"other_litter"
2021,1,7,1,4,3,"other_litter"
2021,1,7,1,4,4,"other_plant"
2021,1,7,1,4,5,"other_litter"
2021,1,7,1,5,1,"other_plant"
2021,1,7,1,5,2,"other_plant"
2021,1,7,1,5,3,"other_plant"
2021,1,7,1,5,4,"other_litter"
2021,1,7,1,5,5,"other_plant"
2021,1,7,2,1,1,"other_plant"
2021,1,7,2,1,2,"other_plant"
2021,1,7,2,1,3,"other_plant"
2021,1,7,2,1,4,"other_plant"
2021,1,7,2,1,5,"other_litter"
2021,1,7,2,2,1,"other_litter"
2021,1,7,2,2,2,"other_plant"
2021,1,7,2,2,3,"other_plant"
2021,1,7,2,2,4,"other_litter"
2021,1,7,2,2,5,"other_litter"
2021,1,7,2,3,1,"other_plant"
2021,1,7,2,3,2,"other_plant"
2021,1,7,2,3,3,"other_plant"
2021,1,7,2,3,4,"other_plant"
2021,1,7,2,3,5,"other_plant"
2021,1,7,2,4,1,"other_litter"
2021,1,7,2,4,2,"other_plant"
2021,1,7,2,4,3,"other_plant"
2021,1,7,2,4,4,"other_plant"
2021,1,7,2,4,5,"other_plant"
2021,1,7,2,5,1,"other_litter"
2021,1,7,2,5,2,"other_plant"
2021,1,7,2,5,3,"other_plant"
2021,1,7,2,5,4,"other_plant"
2021,1,7,2,5,5,"other_plant"
2021,1,7,3,1,1,"other_plant"
2021,1,7,3,1,2,"other_litter"
2021,1,7,3,1,3,"other_litter"
2021,1,7,3,1,4,"other_plant"
2021,1,7,3,1,5,"other_plant"
2021,1,7,3,2,1,"other_plant"
2021,1,7,3,2,2,"other_plant"
2021,1,7,3,2,3,"other_litter"
2021,1,7,3,2,4,"other_litter"
2021,1,7,3,2,5,"other_plant"
2021,1,7,3,3,1,"other_plant"
2021,1,7,3,3,2,"other_litter"
2021,1,7,3,3,3,"other_plant"
2021,1,7,3,3,4,"other_plant"
2021,1,7,3,3,5,"other_plant"
2021,1,7,3,4,1,"other_plant"
2021,1,7,3,4,2,"other_plant"
2021,1,7,3,4,3,"other_litter"
2021,1,7,3,4,4,"other_litter"
2021,1,7,3,4,5,"other_litter"
2021,1,7,3,5,1,"other_litter"
2021,1,7,3,5,2,"other_litter"
2021,1,7,3,5,3,"other_plant"
2021,1,7,3,5,4,"bare_ground"
2021,1,7,3,5,5,"other_plant"
2021,1,7,4,1,1,"other_litter"
2021,1,7,4,1,2,"other_plant"
2021,1,7,4,1,3,"other_plant"
2021,1,7,4,1,4,"other_litter"
2021,1,7,4,1,5,"other_plant"
2021,1,7,4,2,1,"other_litter"
2021,1,7,4,2,2,"other_litter"
2021,1,7,4,2,3,"other_plant"
2021,1,7,4,2,4,"other_plant"
2021,1,7,4,2,5,"other_plant"
2021,1,7,4,3,1,"other_litter"
2021,1,7,4,3,2,"other_litter"
2021,1,7,4,3,3,"other_plant"
2021,1,7,4,3,4,"other_plant"
2021,1,7,4,3,5,"other_plant"
2021,1,7,4,4,1,"other_plant"
2021,1,7,4,4,2,"other_plant"
2021,1,7,4,4,3,"other_plant"
2021,1,7,4,4,4,"other_plant"
2021,1,7,4,4,5,"other_plant"
2021,1,7,4,5,1,"other_litter"
2021,1,7,4,5,2,"other_litter"
2021,1,7,4,5,3,"other_plant"
2021,1,7,4,5,4,"other_litter"
2021,1,7,4,5,5,"other_plant"
2021,1,7,5,1,1,"other_plant"
2021,1,7,5,1,2,"other_plant"
2021,1,7,5,1,3,"other_plant"
2021,1,7,5,1,4,"other_litter"
2021,1,7,5,1,5,"bare_ground"
2021,1,7,5,2,1,"other_plant"
2021,1,7,5,2,2,"other_litter"
2021,1,7,5,2,3,"other_litter"
2021,1,7,5,2,4,"other_plant"
2021,1,7,5,2,5,"bare_ground"
2021,1,7,5,3,1,"bare_ground"
2021,1,7,5,3,2,"other_litter"
2021,1,7,5,3,3,"other_litter"
2021,1,7,5,3,4,"other_plant"
2021,1,7,5,3,5,"other_litter"
2021,1,7,5,4,1,"other_litter"
2021,1,7,5,4,2,"other_litter"
2021,1,7,5,4,3,"other_litter"
2021,1,7,5,4,4,"other_plant"
2021,1,7,5,4,5,"other_plant"
2021,1,7,5,5,1,"other_plant"
2021,1,7,5,5,2,"other_plant"
2021,1,7,5,5,3,"other_litter"
2021,1,7,5,5,4,"other_plant"
2021,1,7,5,5,5,"other_plant"
2021,1,8,1,1,1,"other_litter"
2021,1,8,1,1,2,"other_litter"
2021,1,8,1,1,3,"other_litter"
2021,1,8,1,1,4,"other_plant"
2021,1,8,1,1,5,"other_plant"
2021,1,8,1,2,1,"other_plant"
2021,1,8,1,2,2,"other_plant"
2021,1,8,1,2,3,"other_plant"
2021,1,8,1,2,4,"other_litter"
2021,1,8,1,2,5,"other_plant"
2021,1,8,1,3,1,"other_plant"
2021,1,8,1,3,2,"other_litter"
2021,1,8,1,3,3,"other_litter"
2021,1,8,1,3,4,"other_plant"
2021,1,8,1,3,5,"other_plant"
2021,1,8,1,4,1,"other_plant"
2021,1,8,1,4,2,"other_plant"
2021,1,8,1,4,3,"other_plant"
2021,1,8,1,4,4,"other_plant"
2021,1,8,1,4,5,"other_litter"
2021,1,8,1,5,1,"other_plant"
2021,1,8,1,5,2,"other_plant"
2021,1,8,1,5,3,"other_litter"
2021,1,8,1,5,4,"other_plant"
2021,1,8,1,5,5,"other_plant"
2021,1,8,2,1,1,"other_plant"
2021,1,8,2,1,2,"other_plant"
2021,1,8,2,1,3,"other_litter"
2021,1,8,2,1,4,"other_plant"
2021,1,8,2,1,5,"other_plant"
2021,1,8,2,2,1,"other_plant"
2021,1,8,2,2,2,"other_plant"
2021,1,8,2,2,3,"other_plant"
2021,1,8,2,2,4,"other_plant"
2021,1,8,2,2,5,"other_plant"
2021,1,8,2,3,1,"other_plant"
2021,1,8,2,3,2,"other_litter"
2021,1,8,2,3,3,"other_plant"
2021,1,8,2,3,4,"other_plant"
2021,1,8,2,3,5,"other_plant"
2021,1,8,2,4,1,"other_plant"
2021,1,8,2,4,2,"other_plant"
2021,1,8,2,4,3,"other_plant"
2021,1,8,2,4,4,"other_plant"
2021,1,8,2,4,5,"other_plant"
2021,1,8,2,5,1,"other_plant"
2021,1,8,2,5,2,"other_litter"
2021,1,8,2,5,3,"other_plant"
2021,1,8,2,5,4,"other_plant"
2021,1,8,2,5,5,"other_plant"
2021,1,8,3,1,1,"other_litter"
2021,1,8,3,1,2,"other_plant"
2021,1,8,3,1,3,"other_plant"
2021,1,8,3,1,4,"other_plant"
2021,1,8,3,1,5,"other_plant"
2021,1,8,3,2,1,"bare_ground"
2021,1,8,3,2,2,"other_litter"
2021,1,8,3,2,3,"other_plant"
2021,1,8,3,2,4,"bare_ground"
2021,1,8,3,2,5,"other_plant"
2021,1,8,3,3,1,"other_plant"
2021,1,8,3,3,2,"other_plant"
2021,1,8,3,3,3,"other_plant"
2021,1,8,3,3,4,"other_litter"
2021,1,8,3,3,5,"other_plant"
2021,1,8,3,4,1,"other_litter"
2021,1,8,3,4,2,"other_plant"
2021,1,8,3,4,3,"other_plant"
2021,1,8,3,4,4,"other_litter"
2021,1,8,3,4,5,"other_plant"
2021,1,8,3,5,1,"other_litter"
2021,1,8,3,5,2,"other_plant"
2021,1,8,3,5,3,"other_plant"
2021,1,8,3,5,4,"bare_ground"
2021,1,8,3,5,5,"other_plant"
2021,1,8,4,1,1,"other_plant"
2021,1,8,4,1,2,"other_plant"
2021,1,8,4,1,3,"other_litter"
2021,1,8,4,1,4,"other_plant"
2021,1,8,4,1,5,"other_plant"
2021,1,8,4,2,1,"other_plant"
2021,1,8,4,2,2,"other_plant"
2021,1,8,4,2,3,"other_plant"
2021,1,8,4,2,4,"other_plant"
2021,1,8,4,2,5,"other_litter"
2021,1,8,4,3,1,"other_plant"
2021,1,8,4,3,2,"other_litter"
2021,1,8,4,3,3,"other_plant"
2021,1,8,4,3,4,"other_plant"
2021,1,8,4,3,5,"other_litter"
2021,1,8,4,4,1,"other_litter"
2021,1,8,4,4,2,"other_litter"
2021,1,8,4,4,3,"other_litter"
2021,1,8,4,4,4,"other_plant"
2021,1,8,4,4,5,"bare_ground"
2021,1,8,4,5,1,"other_plant"
2021,1,8,4,5,2,"other_litter"
2021,1,8,4,5,3,"other_plant"
2021,1,8,4,5,4,"other_plant"
2021,1,8,4,5,5,"other_plant"
2021,1,8,5,1,1,"other_plant"
2021,1,8,5,1,2,"other_plant"
2021,1,8,5,1,3,"other_plant"
2021,1,8,5,1,4,"other_plant"
2021,1,8,5,1,5,"other_plant"
2021,1,8,5,2,1,"other_litter"
2021,1,8,5,2,2,"other_plant"
2021,1,8,5,2,3,"other_plant"
2021,1,8,5,2,4,"other_plant"
2021,1,8,5,2,5,"other_plant"
2021,1,8,5,3,1,"other_litter"
2021,1,8,5,3,2,"other_plant"
2021,1,8,5,3,3,"other_plant"
2021,1,8,5,3,4,"other_plant"
2021,1,8,5,3,5,"other_plant"
2021,1,8,5,4,1,"other_plant"
2021,1,8,5,4,2,"other_litter"
2021,1,8,5,4,3,"other_plant"
2021,1,8,5,4,4,"other_plant"
2021,1,8,5,4,5,"other_plant"
2021,1,8,5,5,1,"other_plant"
2021,1,8,5,5,2,"other_plant"
2021,1,8,5,5,3,"other_plant"
2021,1,8,5,5,4,"other_plant"
2021,1,8,5,5,5,"other_plant"
2021,2,1,1,1,1,"other_plant"
2021,2,1,1,1,2,"other_litter"
2021,2,1,1,1,3,"other_litter"
2021,2,1,1,1,4,"other_plant"
2021,2,1,1,1,5,"other_plant"
2021,2,1,1,2,1,"other_plant"
2021,2,1,1,2,2,"other_litter"
2021,2,1,1,2,3,"other_litter"
2021,2,1,1,2,4,"other_plant"
2021,2,1,1,2,5,"other_plant"
2021,2,1,1,3,1,"other_plant"
2021,2,1,1,3,2,"other_litter"
2021,2,1,1,3,3,"other_litter"
2021,2,1,1,3,4,"other_litter"
2021,2,1,1,3,5,"other_litter"
2021,2,1,1,4,1,"other_plant"
2021,2,1,1,4,2,"other_plant"
2021,2,1,1,4,3,"other_litter"
2021,2,1,1,4,4,"other_plant"
2021,2,1,1,4,5,"other_litter"
2021,2,1,1,5,1,"other_litter"
2021,2,1,1,5,2,"other_plant"
2021,2,1,1,5,3,"other_plant"
2021,2,1,1,5,4,"other_litter"
2021,2,1,1,5,5,"other_plant"
2021,2,1,2,1,1,"other_plant"
2021,2,1,2,1,2,"bare_ground"
2021,2,1,2,1,3,"other_litter"
2021,2,1,2,1,4,"other_litter"
2021,2,1,2,1,5,"other_litter"
2021,2,1,2,2,1,"other_litter"
2021,2,1,2,2,2,"other_plant"
2021,2,1,2,2,3,"bare_ground"
2021,2,1,2,2,4,"bare_ground"
2021,2,1,2,2,5,"other_plant"
2021,2,1,2,3,1,"other_plant"
2021,2,1,2,3,2,"bare_ground"
2021,2,1,2,3,3,"bare_ground"
2021,2,1,2,3,4,"bare_ground"
2021,2,1,2,3,5,"bare_ground"
2021,2,1,2,4,1,"other_plant"
2021,2,1,2,4,2,"bare_ground"
2021,2,1,2,4,3,"other_litter"
2021,2,1,2,4,4,"other_litter"
2021,2,1,2,4,5,"bare_ground"
2021,2,1,2,5,1,"other_plant"
2021,2,1,2,5,2,"other_litter"
2021,2,1,2,5,3,"bare_ground"
2021,2,1,2,5,4,"bare_ground"
2021,2,1,2,5,5,"other_litter"
2021,2,1,3,1,1,"other_plant"
2021,2,1,3,1,2,"other_plant"
2021,2,1,3,1,3,"other_plant"
2021,2,1,3,1,4,"other_plant"
2021,2,1,3,1,5,"bare_ground"
2021,2,1,3,2,1,"other_plant"
2021,2,1,3,2,2,"other_plant"
2021,2,1,3,2,3,"other_plant"
2021,2,1,3,2,4,"other_plant"
2021,2,1,3,2,5,"other_plant"
2021,2,1,3,3,1,"other_plant"
2021,2,1,3,3,2,"other_litter"
2021,2,1,3,3,3,"bare_ground"
2021,2,1,3,3,4,"other_plant"
2021,2,1,3,3,5,"bare_ground"
2021,2,1,3,4,1,"other_litter"
2021,2,1,3,4,2,"other_litter"
2021,2,1,3,4,3,"other_plant"
2021,2,1,3,4,4,"other_litter"
2021,2,1,3,4,5,"other_plant"
2021,2,1,3,5,1,"bare_ground"
2021,2,1,3,5,2,"other_litter"
2021,2,1,3,5,3,"other_plant"
2021,2,1,3,5,4,"other_plant"
2021,2,1,3,5,5,"other_litter"
2021,2,1,4,1,1,"other_plant"
2021,2,1,4,1,2,"other_plant"
2021,2,1,4,1,3,"bare_ground"
2021,2,1,4,1,4,"other_plant"
2021,2,1,4,1,5,"other_plant"
2021,2,1,4,2,1,"other_plant"
2021,2,1,4,2,2,"other_plant"
2021,2,1,4,2,3,"other_plant"
2021,2,1,4,2,4,"bare_ground"
2021,2,1,4,2,5,"other_plant"
2021,2,1,4,3,1,"other_plant"
2021,2,1,4,3,2,"other_plant"
2021,2,1,4,3,3,"bare_ground"
2021,2,1,4,3,4,"other_litter"
2021,2,1,4,3,5,"bare_ground"
2021,2,1,4,4,1,"other_plant"
2021,2,1,4,4,2,"other_litter"
2021,2,1,4,4,3,"bare_ground"
2021,2,1,4,4,4,"other_plant"
2021,2,1,4,4,5,"bare_ground"
2021,2,1,4,5,1,"other_litter"
2021,2,1,4,5,2,"other_plant"
2021,2,1,4,5,3,"other_plant"
2021,2,1,4,5,4,"bare_ground"
2021,2,1,4,5,5,"other_plant"
2021,2,1,5,1,1,"other_plant"
2021,2,1,5,1,2,"other_plant"
2021,2,1,5,1,3,"other_plant"
2021,2,1,5,1,4,"other_plant"
2021,2,1,5,1,5,"other_plant"
2021,2,1,5,2,1,"other_plant"
2021,2,1,5,2,2,"other_plant"
2021,2,1,5,2,3,"other_plant"
2021,2,1,5,2,4,"other_plant"
2021,2,1,5,2,5,"other_plant"
2021,2,1,5,3,1,"other_litter"
2021,2,1,5,3,2,"other_plant"
2021,2,1,5,3,3,"bare_ground"
2021,2,1,5,3,4,"other_plant"
2021,2,1,5,3,5,"bare_ground"
2021,2,1,5,4,1,"other_plant"
2021,2,1,5,4,2,"other_plant"
2021,2,1,5,4,3,"other_plant"
2021,2,1,5,4,4,"other_plant"
2021,2,1,5,4,5,"other_plant"
2021,2,1,5,5,1,"other_plant"
2021,2,1,5,5,2,"other_plant"
2021,2,1,5,5,3,"other_plant"
2021,2,1,5,5,4,"other_plant"
2021,2,1,5,5,5,"other_plant"
2021,2,2,1,1,1,"other_plant"
2021,2,2,1,1,2,"other_plant"
2021,2,2,1,1,3,"other_plant"
2021,2,2,1,1,4,"other_plant"
2021,2,2,1,1,5,"other_plant"
2021,2,2,1,2,1,"other_plant"
2021,2,2,1,2,2,"other_plant"
2021,2,2,1,2,3,"other_litter"
2021,2,2,1,2,4,"other_plant"
2021,2,2,1,2,5,"other_litter"
2021,2,2,1,3,1,"other_plant"
2021,2,2,1,3,2,"other_plant"
2021,2,2,1,3,3,"other_plant"
2021,2,2,1,3,4,"other_litter"
2021,2,2,1,3,5,"other_plant"
2021,2,2,1,4,1,"other_plant"
2021,2,2,1,4,2,"other_plant"
2021,2,2,1,4,3,"other_plant"
2021,2,2,1,4,4,"other_plant"
2021,2,2,1,4,5,"other_plant"
2021,2,2,1,5,1,"bare_ground"
2021,2,2,1,5,2,"other_plant"
2021,2,2,1,5,3,"other_plant"
2021,2,2,1,5,4,"other_plant"
2021,2,2,1,5,5,"other_litter"
2021,2,2,2,1,1,"other_litter"
2021,2,2,2,1,2,"other_litter"
2021,2,2,2,1,3,"other_litter"
2021,2,2,2,1,4,"other_plant"
2021,2,2,2,1,5,"other_plant"
2021,2,2,2,2,1,"bare_ground"
2021,2,2,2,2,2,"other_litter"
2021,2,2,2,2,3,"other_litter"
2021,2,2,2,2,4,"other_litter"
2021,2,2,2,2,5,"other_plant"
2021,2,2,2,3,1,"other_plant"
2021,2,2,2,3,2,"other_plant"
2021,2,2,2,3,3,"other_litter"
2021,2,2,2,3,4,"other_litter"
2021,2,2,2,3,5,"other_plant"
2021,2,2,2,4,1,"other_litter"
2021,2,2,2,4,2,"other_litter"
2021,2,2,2,4,3,"cheatgrass_plant"
2021,2,2,2,4,4,"other_plant"
2021,2,2,2,4,5,"cheatgrass_plant"
2021,2,2,2,5,1,"other_litter"
2021,2,2,2,5,2,"other_plant"
2021,2,2,2,5,3,"cheatgrass_plant"
2021,2,2,2,5,4,"other_plant"
2021,2,2,2,5,5,"other_plant"
2021,2,2,3,1,1,"other_litter"
2021,2,2,3,1,2,"other_litter"
2021,2,2,3,1,3,"bare_ground"
2021,2,2,3,1,4,"other_plant"
2021,2,2,3,1,5,"other_plant"
2021,2,2,3,2,1,"other_plant"
2021,2,2,3,2,2,"other_litter"
2021,2,2,3,2,3,"other_litter"
2021,2,2,3,2,4,"other_litter"
2021,2,2,3,2,5,"other_plant"
2021,2,2,3,3,1,"other_plant"
2021,2,2,3,3,2,"other_litter"
2021,2,2,3,3,3,"other_litter"
2021,2,2,3,3,4,"other_litter"
2021,2,2,3,3,5,"other_litter"
2021,2,2,3,4,1,"other_plant"
2021,2,2,3,4,2,"other_plant"
2021,2,2,3,4,3,"bare_ground"
2021,2,2,3,4,4,"other_plant"
2021,2,2,3,4,5,"other_litter"
2021,2,2,3,5,1,"other_litter"
2021,2,2,3,5,2,"other_plant"
2021,2,2,3,5,3,"other_plant"
2021,2,2,3,5,4,"other_litter"
2021,2,2,3,5,5,"other_litter"
2021,2,2,4,1,1,"other_plant"
2021,2,2,4,1,2,"other_plant"
2021,2,2,4,1,3,"other_plant"
2021,2,2,4,1,4,"other_plant"
2021,2,2,4,1,5,"other_litter"
2021,2,2,4,2,1,"other_plant"
2021,2,2,4,2,2,"other_litter"
2021,2,2,4,2,3,"other_litter"
2021,2,2,4,2,4,"other_litter"
2021,2,2,4,2,5,"other_plant"
2021,2,2,4,3,1,"other_plant"
2021,2,2,4,3,2,"other_plant"
2021,2,2,4,3,3,"other_litter"
2021,2,2,4,3,4,"other_plant"
2021,2,2,4,3,5,"other_plant"
2021,2,2,4,4,1,"other_plant"
2021,2,2,4,4,2,"other_plant"
2021,2,2,4,4,3,"other_plant"
2021,2,2,4,4,4,"other_plant"
2021,2,2,4,4,5,"other_plant"
2021,2,2,4,5,1,"other_plant"
2021,2,2,4,5,2,"other_plant"
2021,2,2,4,5,3,"other_plant"
2021,2,2,4,5,4,"other_plant"
2021,2,2,4,5,5,"other_plant"
2021,2,2,5,1,1,"other_plant"
2021,2,2,5,1,2,"other_plant"
2021,2,2,5,1,3,"other_plant"
2021,2,2,5,1,4,"other_plant"
2021,2,2,5,1,5,"other_plant"
2021,2,2,5,2,1,"other_litter"
2021,2,2,5,2,2,"other_litter"
2021,2,2,5,2,3,"other_plant"
2021,2,2,5,2,4,"other_plant"
2021,2,2,5,2,5,"other_plant"
2021,2,2,5,3,1,"other_plant"
2021,2,2,5,3,2,"other_litter"
2021,2,2,5,3,3,"other_plant"
2021,2,2,5,3,4,"other_litter"
2021,2,2,5,3,5,"other_plant"
2021,2,2,5,4,1,"other_litter"
2021,2,2,5,4,2,"other_plant"
2021,2,2,5,4,3,"other_plant"
2021,2,2,5,4,4,"other_plant"
2021,2,2,5,4,5,"other_plant"
2021,2,2,5,5,1,"other_plant"
2021,2,2,5,5,2,"other_plant"
2021,2,2,5,5,3,"other_plant"
2021,2,2,5,5,4,"other_plant"
2021,2,2,5,5,5,"other_plant"
2021,2,3,1,1,1,"bare_ground"
2021,2,3,1,1,2,"other_plant"
2021,2,3,1,1,3,"other_plant"
2021,2,3,1,1,4,"other_litter"
2021,2,3,1,1,5,"bare_ground"
2021,2,3,1,2,1,"other_plant"
2021,2,3,1,2,2,"other_plant"
2021,2,3,1,2,3,"other_plant"
2021,2,3,1,2,4,"bare_ground"
2021,2,3,1,2,5,"bare_ground"
2021,2,3,1,3,1,"other_plant"
2021,2,3,1,3,2,"bare_ground"
2021,2,3,1,3,3,"other_plant"
2021,2,3,1,3,4,"bare_ground"
2021,2,3,1,3,5,"other_plant"
2021,2,3,1,4,1,"bare_ground"
2021,2,3,1,4,2,"other_plant"
2021,2,3,1,4,3,"other_plant"
2021,2,3,1,4,4,"other_plant"
2021,2,3,1,4,5,"bare_ground"
2021,2,3,1,5,1,"other_plant"
2021,2,3,1,5,2,"other_plant"
2021,2,3,1,5,3,"other_plant"
2021,2,3,1,5,4,"other_plant"
2021,2,3,1,5,5,"bare_ground"
2021,2,3,2,1,1,"other_plant"
2021,2,3,2,1,2,"other_plant"
2021,2,3,2,1,3,"other_plant"
2021,2,3,2,1,4,"other_plant"
2021,2,3,2,1,5,"other_plant"
2021,2,3,2,2,1,"other_plant"
2021,2,3,2,2,2,"other_plant"
2021,2,3,2,2,3,"other_plant"
2021,2,3,2,2,4,"other_plant"
2021,2,3,2,2,5,"other_plant"
2021,2,3,2,3,1,"other_plant"
2021,2,3,2,3,2,"other_plant"
2021,2,3,2,3,3,"other_plant"
2021,2,3,2,3,4,"other_plant"
2021,2,3,2,3,5,"other_plant"
2021,2,3,2,4,1,"other_plant"
2021,2,3,2,4,2,"other_plant"
2021,2,3,2,4,3,"other_plant"
2021,2,3,2,4,4,"other_plant"
2021,2,3,2,4,5,"other_plant"
2021,2,3,2,5,1,"other_plant"
2021,2,3,2,5,2,"other_plant"
2021,2,3,2,5,3,"other_plant"
2021,2,3,2,5,4,"other_plant"
2021,2,3,2,5,5,"other_plant"
2021,2,3,3,1,1,"other_litter"
2021,2,3,3,1,2,"other_litter"
2021,2,3,3,1,3,"other_litter"
2021,2,3,3,1,4,"other_litter"
2021,2,3,3,1,5,"other_litter"
2021,2,3,3,2,1,"other_litter"
2021,2,3,3,2,2,"other_litter"
2021,2,3,3,2,3,"other_litter"
2021,2,3,3,2,4,"other_litter"
2021,2,3,3,2,5,"other_litter"
2021,2,3,3,3,1,"other_litter"
2021,2,3,3,3,2,"other_litter"
2021,2,3,3,3,3,"other_litter"
2021,2,3,3,3,4,"other_litter"
2021,2,3,3,3,5,"other_litter"
2021,2,3,3,4,1,"other_litter"
2021,2,3,3,4,2,"other_litter"
2021,2,3,3,4,3,"other_litter"
2021,2,3,3,4,4,"other_litter"
2021,2,3,3,4,5,"other_litter"
2021,2,3,3,5,1,"other_litter"
2021,2,3,3,5,2,"other_litter"
2021,2,3,3,5,3,"other_litter"
2021,2,3,3,5,4,"other_litter"
2021,2,3,3,5,5,"other_litter"
2021,2,3,4,1,1,"other_plant"
2021,2,3,4,1,2,"other_plant"
2021,2,3,4,1,3,"other_plant"
2021,2,3,4,1,4,"other_plant"
2021,2,3,4,1,5,"other_plant"
2021,2,3,4,2,1,"other_plant"
2021,2,3,4,2,2,"other_plant"
2021,2,3,4,2,3,"other_plant"
2021,2,3,4,2,4,"other_plant"
2021,2,3,4,2,5,"other_plant"
2021,2,3,4,3,1,"other_plant"
2021,2,3,4,3,2,"other_plant"
2021,2,3,4,3,3,"other_plant"
2021,2,3,4,3,4,"other_plant"
2021,2,3,4,3,5,"other_plant"
2021,2,3,4,4,1,"other_plant"
2021,2,3,4,4,2,"other_plant"
2021,2,3,4,4,3,"other_plant"
2021,2,3,4,4,4,"other_plant"
2021,2,3,4,4,5,"other_plant"
2021,2,3,4,5,1,"other_plant"
2021,2,3,4,5,2,"other_plant"
2021,2,3,4,5,3,"other_plant"
2021,2,3,4,5,4,"other_plant"
2021,2,3,4,5,5,"other_plant"
2021,2,3,5,1,1,"other_litter"
2021,2,3,5,1,2,"other_litter"
2021,2,3,5,1,3,"other_plant"
2021,2,3,5,1,4,"other_plant"
2021,2,3,5,1,5,"other_litter"
2021,2,3,5,2,1,"bare_ground"
2021,2,3,5,2,2,"other_plant"
2021,2,3,5,2,3,"other_plant"
2021,2,3,5,2,4,"other_plant"
2021,2,3,5,2,5,"bare_ground"
2021,2,3,5,3,1,"other_plant"
2021,2,3,5,3,2,"other_plant"
2021,2,3,5,3,3,"other_plant"
2021,2,3,5,3,4,"other_plant"
2021,2,3,5,3,5,"other_litter"
2021,2,3,5,4,1,"other_plant"
2021,2,3,5,4,2,"bare_ground"
2021,2,3,5,4,3,"other_plant"
2021,2,3,5,4,4,"other_plant"
2021,2,3,5,4,5,"bare_ground"
2021,2,3,5,5,1,"other_plant"
2021,2,3,5,5,2,"other_plant"
2021,2,3,5,5,3,"other_litter"
2021,2,3,5,5,4,"bare_ground"
2021,2,3,5,5,5,"bare_ground"
2021,2,4,1,1,1,"other_litter"
2021,2,4,1,1,2,"other_litter"
2021,2,4,1,1,3,"other_litter"
2021,2,4,1,1,4,"other_litter"
2021,2,4,1,1,5,"other_litter"
2021,2,4,1,2,1,"other_litter"
2021,2,4,1,2,2,"other_litter"
2021,2,4,1,2,3,"other_litter"
2021,2,4,1,2,4,"other_litter"
2021,2,4,1,2,5,"other_litter"
2021,2,4,1,3,1,"other_litter"
2021,2,4,1,3,2,"other_litter"
2021,2,4,1,3,3,"other_litter"
2021,2,4,1,3,4,"other_litter"
2021,2,4,1,3,5,"other_litter"
2021,2,4,1,4,1,"other_litter"
2021,2,4,1,4,2,"other_litter"
2021,2,4,1,4,3,"other_litter"
2021,2,4,1,4,4,"other_litter"
2021,2,4,1,4,5,"other_litter"
2021,2,4,1,5,1,"other_litter"
2021,2,4,1,5,2,"other_litter"
2021,2,4,1,5,3,"other_litter"
2021,2,4,1,5,4,"other_litter"
2021,2,4,1,5,5,"other_litter"
2021,2,4,2,1,1,"other_plant"
2021,2,4,2,1,2,"other_plant"
2021,2,4,2,1,3,"other_plant"
2021,2,4,2,1,4,"other_plant"
2021,2,4,2,1,5,"other_plant"
2021,2,4,2,2,1,"other_plant"
2021,2,4,2,2,2,"other_plant"
2021,2,4,2,2,3,"other_plant"
2021,2,4,2,2,4,"other_plant"
2021,2,4,2,2,5,"other_plant"
2021,2,4,2,3,1,"other_plant"
2021,2,4,2,3,2,"other_litter"
2021,2,4,2,3,3,"other_plant"
2021,2,4,2,3,4,"other_plant"
2021,2,4,2,3,5,"other_plant"
2021,2,4,2,4,1,"other_plant"
2021,2,4,2,4,2,"other_plant"
2021,2,4,2,4,3,"other_plant"
2021,2,4,2,4,4,"other_plant"
2021,2,4,2,4,5,"other_plant"
2021,2,4,2,5,1,"other_plant"
2021,2,4,2,5,2,"other_plant"
2021,2,4,2,5,3,"other_plant"
2021,2,4,2,5,4,"other_plant"
2021,2,4,2,5,5,"other_plant"
2021,2,4,3,1,1,"bare_ground"
2021,2,4,3,1,2,"bare_ground"
2021,2,4,3,1,3,"bare_ground"
2021,2,4,3,1,4,"bare_ground"
2021,2,4,3,1,5,"other_plant"
2021,2,4,3,2,1,"other_plant"
2021,2,4,3,2,2,"bare_ground"
2021,2,4,3,2,3,"bare_ground"
2021,2,4,3,2,4,"other_plant"
2021,2,4,3,2,5,"bare_ground"
2021,2,4,3,3,1,"other_plant"
2021,2,4,3,3,2,"bare_ground"
2021,2,4,3,3,3,"bare_ground"
2021,2,4,3,3,4,"bare_ground"
2021,2,4,3,3,5,"other_plant"
2021,2,4,3,4,1,"other_plant"
2021,2,4,3,4,2,"bare_ground"
2021,2,4,3,4,3,"bare_ground"
2021,2,4,3,4,4,"bare_ground"
2021,2,4,3,4,5,"other_plant"
2021,2,4,3,5,1,"other_plant"
2021,2,4,3,5,2,"bare_ground"
2021,2,4,3,5,3,"bare_ground"
2021,2,4,3,5,4,"other_plant"
2021,2,4,3,5,5,"bare_ground"
2021,2,4,4,1,1,"other_plant"
2021,2,4,4,1,2,"other_plant"
2021,2,4,4,1,3,"other_plant"
2021,2,4,4,1,4,"other_plant"
2021,2,4,4,1,5,"other_plant"
2021,2,4,4,2,1,"other_plant"
2021,2,4,4,2,2,"other_plant"
2021,2,4,4,2,3,"other_plant"
2021,2,4,4,2,4,"other_plant"
2021,2,4,4,2,5,"other_plant"
2021,2,4,4,3,1,"other_plant"
2021,2,4,4,3,2,"other_plant"
2021,2,4,4,3,3,"other_plant"
2021,2,4,4,3,4,"other_plant"
2021,2,4,4,3,5,"other_plant"
2021,2,4,4,4,1,"other_plant"
2021,2,4,4,4,2,"other_plant"
2021,2,4,4,4,3,"other_plant"
2021,2,4,4,4,4,"other_plant"
2021,2,4,4,4,5,"other_plant"
2021,2,4,4,5,1,"other_plant"
2021,2,4,4,5,2,"other_plant"
2021,2,4,4,5,3,"other_plant"
2021,2,4,4,5,4,"other_plant"
2021,2,4,4,5,5,"other_plant"
2021,2,4,5,1,1,"other_litter"
2021,2,4,5,1,2,"other_litter"
2021,2,4,5,1,3,"other_plant"
2021,2,4,5,1,4,"other_plant"
2021,2,4,5,1,5,"other_litter"
2021,2,4,5,2,1,"cheatgrass_plant"
2021,2,4,5,2,2,"other_litter"
2021,2,4,5,2,3,"other_litter"
2021,2,4,5,2,4,"other_litter"
2021,2,4,5,2,5,"other_litter"
2021,2,4,5,3,1,"cheatgrass_plant"
2021,2,4,5,3,2,"other_plant"
2021,2,4,5,3,3,"other_litter"
2021,2,4,5,3,4,"other_litter"
2021,2,4,5,3,5,"other_litter"
2021,2,4,5,4,1,"other_litter"
2021,2,4,5,4,2,"other_plant"
2021,2,4,5,4,3,"other_litter"
2021,2,4,5,4,4,"other_litter"
2021,2,4,5,4,5,"other_plant"
2021,2,4,5,5,1,"other_plant"
2021,2,4,5,5,2,"other_litter"
2021,2,4,5,5,3,"other_litter"
2021,2,4,5,5,4,"other_litter"
2021,2,4,5,5,5,"other_litter"
2021,2,5,1,1,1,"other_litter"
2021,2,5,1,1,2,"bare_ground"
2021,2,5,1,1,3,"other_litter"
2021,2,5,1,1,4,"bare_ground"
2021,2,5,1,1,5,"other_litter"
2021,2,5,1,2,1,"other_plant"
2021,2,5,1,2,2,"other_litter"
2021,2,5,1,2,3,"other_litter"
2021,2,5,1,2,4,"other_litter"
2021,2,5,1,2,5,"bare_ground"
2021,2,5,1,3,1,"bare_ground"
2021,2,5,1,3,2,"bare_ground"
2021,2,5,1,3,3,"other_litter"
2021,2,5,1,3,4,"other_litter"
2021,2,5,1,3,5,"bare_ground"
2021,2,5,1,4,1,"other_plant"
2021,2,5,1,4,2,"bare_ground"
2021,2,5,1,4,3,"bare_ground"
2021,2,5,1,4,4,"other_litter"
2021,2,5,1,4,5,"other_litter"
2021,2,5,1,5,1,"other_litter"
2021,2,5,1,5,2,"other_plant"
2021,2,5,1,5,3,"bare_ground"
2021,2,5,1,5,4,"bare_ground"
2021,2,5,1,5,5,"other_litter"
2021,2,5,2,1,1,"other_plant"
2021,2,5,2,1,2,"other_litter"
2021,2,5,2,1,3,"other_plant"
2021,2,5,2,1,4,"other_litter"
2021,2,5,2,1,5,"other_litter"
2021,2,5,2,2,1,"other_plant"
2021,2,5,2,2,2,"other_litter"
2021,2,5,2,2,3,"other_plant"
2021,2,5,2,2,4,"other_plant"
2021,2,5,2,2,5,"other_plant"
2021,2,5,2,3,1,"other_plant"
2021,2,5,2,3,2,"other_plant"
2021,2,5,2,3,3,"other_plant"
2021,2,5,2,3,4,"other_plant"
2021,2,5,2,3,5,"other_plant"
2021,2,5,2,4,1,"other_plant"
2021,2,5,2,4,2,"other_plant"
2021,2,5,2,4,3,"other_plant"
2021,2,5,2,4,4,"other_plant"
2021,2,5,2,4,5,"other_plant"
2021,2,5,2,5,1,"other_plant"
2021,2,5,2,5,2,"other_plant"
2021,2,5,2,5,3,"other_plant"
2021,2,5,2,5,4,"other_plant"
2021,2,5,2,5,5,"other_plant"
2021,2,5,3,1,1,"bare_ground"
2021,2,5,3,1,2,"other_plant"
2021,2,5,3,1,3,"other_plant"
2021,2,5,3,1,4,"bare_ground"
2021,2,5,3,1,5,"bare_ground"
2021,2,5,3,2,1,"other_plant"
2021,2,5,3,2,2,"other_litter"
2021,2,5,3,2,3,"other_litter"
2021,2,5,3,2,4,"other_litter"
2021,2,5,3,2,5,"other_plant"
2021,2,5,3,3,1,"bare_ground"
2021,2,5,3,3,2,"other_plant"
2021,2,5,3,3,3,"other_plant"
2021,2,5,3,3,4,"bare_ground"
2021,2,5,3,3,5,"other_litter"
2021,2,5,3,4,1,"bare_ground"
2021,2,5,3,4,2,"bare_ground"
2021,2,5,3,4,3,"other_litter"
2021,2,5,3,4,4,"other_litter"
2021,2,5,3,4,5,"other_litter"
2021,2,5,3,5,1,"bare_ground"
2021,2,5,3,5,2,"other_plant"
2021,2,5,3,5,3,"other_plant"
2021,2,5,3,5,4,"other_litter"
2021,2,5,3,5,5,"other_plant"
2021,2,5,4,1,1,"other_litter"
2021,2,5,4,1,2,"other_litter"
2021,2,5,4,1,3,"other_litter"
2021,2,5,4,1,4,"other_litter"
2021,2,5,4,1,5,"other_litter"
2021,2,5,4,2,1,"other_litter"
2021,2,5,4,2,2,"other_litter"
2021,2,5,4,2,3,"other_litter"
2021,2,5,4,2,4,"other_litter"
2021,2,5,4,2,5,"other_litter"
2021,2,5,4,3,1,"other_litter"
2021,2,5,4,3,2,"other_litter"
2021,2,5,4,3,3,"other_litter"
2021,2,5,4,3,4,"other_litter"
2021,2,5,4,3,5,"other_litter"
2021,2,5,4,4,1,"other_litter"
2021,2,5,4,4,2,"other_litter"
2021,2,5,4,4,3,"other_litter"
2021,2,5,4,4,4,"other_litter"
2021,2,5,4,4,5,"other_litter"
2021,2,5,4,5,1,"other_litter"
2021,2,5,4,5,2,"other_litter"
2021,2,5,4,5,3,"other_litter"
2021,2,5,4,5,4,"other_litter"
2021,2,5,4,5,5,"other_litter"
2021,2,5,5,1,1,"bare_ground"
2021,2,5,5,1,2,"other_litter"
2021,2,5,5,1,3,"other_litter"
2021,2,5,5,1,4,"other_plant"
2021,2,5,5,1,5,"other_plant"
2021,2,5,5,2,1,"other_plant"
2021,2,5,5,2,2,"other_litter"
2021,2,5,5,2,3,"other_plant"
2021,2,5,5,2,4,"other_plant"
2021,2,5,5,2,5,"other_plant"
2021,2,5,5,3,1,"other_litter"
2021,2,5,5,3,2,"other_litter"
2021,2,5,5,3,3,"other_plant"
2021,2,5,5,3,4,"other_litter"
2021,2,5,5,3,5,"other_litter"
2021,2,5,5,4,1,"other_plant"
2021,2,5,5,4,2,"other_plant"
2021,2,5,5,4,3,"other_plant"
2021,2,5,5,4,4,"other_plant"
2021,2,5,5,4,5,"other_litter"
2021,2,5,5,5,1,"other_plant"
2021,2,5,5,5,2,"other_litter"
2021,2,5,5,5,3,"other_plant"
2021,2,5,5,5,4,"other_litter"
2021,2,5,5,5,5,"other_plant"
2021,2,6,1,1,1,"other_plant"
2021,2,6,1,1,2,"other_plant"
2021,2,6,1,1,3,"other_plant"
2021,2,6,1,1,4,"other_plant"
2021,2,6,1,1,5,"other_plant"
2021,2,6,1,2,1,"other_litter"
2021,2,6,1,2,2,"other_plant"
2021,2,6,1,2,3,"bare_ground"
2021,2,6,1,2,4,"other_plant"
2021,2,6,1,2,5,"other_plant"
2021,2,6,1,3,1,"bare_ground"
2021,2,6,1,3,2,"other_plant"
2021,2,6,1,3,3,"other_plant"
2021,2,6,1,3,4,"bare_ground"
2021,2,6,1,3,5,"other_litter"
2021,2,6,1,4,1,"other_litter"
2021,2,6,1,4,2,"bare_ground"
2021,2,6,1,4,3,"other_plant"
2021,2,6,1,4,4,"other_plant"
2021,2,6,1,4,5,"bare_ground"
2021,2,6,1,5,1,"bare_ground"
2021,2,6,1,5,2,"bare_ground"
2021,2,6,1,5,3,"other_litter"
2021,2,6,1,5,4,"other_plant"
2021,2,6,1,5,5,"other_litter"
2021,2,6,2,1,1,"other_plant"
2021,2,6,2,1,2,"other_plant"
2021,2,6,2,1,3,"other_plant"
2021,2,6,2,1,4,"other_plant"
2021,2,6,2,1,5,"other_plant"
2021,2,6,2,2,1,"other_plant"
2021,2,6,2,2,2,"other_plant"
2021,2,6,2,2,3,"other_plant"
2021,2,6,2,2,4,"other_plant"
2021,2,6,2,2,5,"other_plant"
2021,2,6,2,3,1,"other_plant"
2021,2,6,2,3,2,"other_plant"
2021,2,6,2,3,3,"other_plant"
2021,2,6,2,3,4,"other_plant"
2021,2,6,2,3,5,"other_plant"
2021,2,6,2,4,1,"other_litter"
2021,2,6,2,4,2,"other_plant"
2021,2,6,2,4,3,"other_plant"
2021,2,6,2,4,4,"other_plant"
2021,2,6,2,4,5,"other_plant"
2021,2,6,2,5,1,"bare_ground"
2021,2,6,2,5,2,"other_plant"
2021,2,6,2,5,3,"other_plant"
2021,2,6,2,5,4,"other_plant"
2021,2,6,2,5,5,"other_plant"
2021,2,6,3,1,1,"other_plant"
2021,2,6,3,1,2,"other_plant"
2021,2,6,3,1,3,"other_plant"
2021,2,6,3,1,4,"other_plant"
2021,2,6,3,1,5,"other_plant"
2021,2,6,3,2,1,"other_plant"
2021,2,6,3,2,2,"other_litter"
2021,2,6,3,2,3,"other_plant"
2021,2,6,3,2,4,"other_litter"
2021,2,6,3,2,5,"other_plant"
2021,2,6,3,3,1,"other_plant"
2021,2,6,3,3,2,"other_plant"
2021,2,6,3,3,3,"other_plant"
2021,2,6,3,3,4,"other_litter"
2021,2,6,3,3,5,"bare_ground"
2021,2,6,3,4,1,"other_plant"
2021,2,6,3,4,2,"other_plant"
2021,2,6,3,4,3,"other_plant"
2021,2,6,3,4,4,"other_plant"
2021,2,6,3,4,5,"other_plant"
2021,2,6,3,5,1,"bare_ground"
2021,2,6,3,5,2,"other_plant"
2021,2,6,3,5,3,"other_plant"
2021,2,6,3,5,4,"bare_ground"
2021,2,6,3,5,5,"other_plant"
2021,2,6,4,1,1,"other_plant"
2021,2,6,4,1,2,"other_litter"
2021,2,6,4,1,3,"other_litter"
2021,2,6,4,1,4,"other_litter"
2021,2,6,4,1,5,"other_litter"
2021,2,6,4,2,1,"other_plant"
2021,2,6,4,2,2,"other_plant"
2021,2,6,4,2,3,"other_plant"
2021,2,6,4,2,4,"other_plant"
2021,2,6,4,2,5,"other_litter"
2021,2,6,4,3,1,"bare_ground"
2021,2,6,4,3,2,"other_litter"
2021,2,6,4,3,3,"other_litter"
2021,2,6,4,3,4,"other_litter"
2021,2,6,4,3,5,"other_plant"
2021,2,6,4,4,1,"other_litter"
2021,2,6,4,4,2,"other_litter"
2021,2,6,4,4,3,"other_litter"
2021,2,6,4,4,4,"other_litter"
2021,2,6,4,4,5,"other_plant"
2021,2,6,4,5,1,"other_litter"
2021,2,6,4,5,2,"other_plant"
2021,2,6,4,5,3,"other_plant"
2021,2,6,4,5,4,"other_plant"
2021,2,6,4,5,5,"other_plant"
2021,2,6,5,1,1,"other_plant"
2021,2,6,5,1,2,"other_litter"
2021,2,6,5,1,3,"other_plant"
2021,2,6,5,1,4,"other_litter"
2021,2,6,5,1,5,"other_plant"
2021,2,6,5,2,1,"other_plant"
2021,2,6,5,2,2,"other_plant"
2021,2,6,5,2,3,"other_litter"
2021,2,6,5,2,4,"other_plant"
2021,2,6,5,2,5,"other_litter"
2021,2,6,5,3,1,"other_plant"
2021,2,6,5,3,2,"other_plant"
2021,2,6,5,3,3,"bare_ground"
2021,2,6,5,3,4,"other_plant"
2021,2,6,5,3,5,"other_litter"
2021,2,6,5,4,1,"other_litter"
2021,2,6,5,4,2,"other_litter"
2021,2,6,5,4,3,"bare_ground"
2021,2,6,5,4,4,"other_plant"
2021,2,6,5,4,5,"other_plant"
2021,2,6,5,5,1,"other_litter"
2021,2,6,5,5,2,"other_plant"
2021,2,6,5,5,3,"other_plant"
2021,2,6,5,5,4,"other_plant"
2021,2,6,5,5,5,"other_plant"
2021,2,7,1,1,1,"other_litter"
2021,2,7,1,1,2,"other_plant"
2021,2,7,1,1,3,"other_plant"
2021,2,7,1,1,4,"other_litter"
2021,2,7,1,1,5,"other_litter"
2021,2,7,1,2,1,"bare_ground"
2021,2,7,1,2,2,"other_litter"
2021,2,7,1,2,3,"other_plant"
2021,2,7,1,2,4,"other_litter"
2021,2,7,1,2,5,"other_plant"
2021,2,7,1,3,1,"bare_ground"
2021,2,7,1,3,2,"other_litter"
2021,2,7,1,3,3,"other_litter"
2021,2,7,1,3,4,"bare_ground"
2021,2,7,1,3,5,"other_plant"
2021,2,7,1,4,1,"other_litter"
2021,2,7,1,4,2,"other_plant"
2021,2,7,1,4,3,"other_plant"
2021,2,7,1,4,4,"other_plant"
2021,2,7,1,4,5,"other_plant"
2021,2,7,1,5,1,"other_litter"
2021,2,7,1,5,2,"other_plant"
2021,2,7,1,5,3,"other_plant"
2021,2,7,1,5,4,"other_plant"
2021,2,7,1,5,5,"other_litter"
2021,2,7,2,1,1,"other_plant"
2021,2,7,2,1,2,"other_plant"
2021,2,7,2,1,3,"other_plant"
2021,2,7,2,1,4,"other_plant"
2021,2,7,2,1,5,"other_plant"
2021,2,7,2,2,1,"other_plant"
2021,2,7,2,2,2,"other_litter"
2021,2,7,2,2,3,"other_plant"
2021,2,7,2,2,4,"other_plant"
2021,2,7,2,2,5,"other_plant"
2021,2,7,2,3,1,"other_plant"
2021,2,7,2,3,2,"other_plant"
2021,2,7,2,3,3,"other_litter"
2021,2,7,2,3,4,"other_plant"
2021,2,7,2,3,5,"other_litter"
2021,2,7,2,4,1,"other_plant"
2021,2,7,2,4,2,"other_plant"
2021,2,7,2,4,3,"other_plant"
2021,2,7,2,4,4,"other_plant"
2021,2,7,2,4,5,"other_plant"
2021,2,7,2,5,1,"other_plant"
2021,2,7,2,5,2,"other_plant"
2021,2,7,2,5,3,"other_plant"
2021,2,7,2,5,4,"other_plant"
2021,2,7,2,5,5,"other_plant"
2021,2,7,3,1,1,"other_plant"
2021,2,7,3,1,2,"other_plant"
2021,2,7,3,1,3,"other_plant"
2021,2,7,3,1,4,"other_plant"
2021,2,7,3,1,5,"other_litter"
2021,2,7,3,2,1,"other_litter"
2021,2,7,3,2,2,"other_plant"
2021,2,7,3,2,3,"other_plant"
2021,2,7,3,2,4,"other_plant"
2021,2,7,3,2,5,"other_plant"
2021,2,7,3,3,1,"other_plant"
2021,2,7,3,3,2,"other_plant"
2021,2,7,3,3,3,"other_plant"
2021,2,7,3,3,4,"other_litter"
2021,2,7,3,3,5,"other_plant"
2021,2,7,3,4,1,"other_plant"
2021,2,7,3,4,2,"bare_ground"
2021,2,7,3,4,3,"other_plant"
2021,2,7,3,4,4,"other_litter"
2021,2,7,3,4,5,"other_plant"
2021,2,7,3,5,1,"other_plant"
2021,2,7,3,5,2,"other_plant"
2021,2,7,3,5,3,"other_litter"
2021,2,7,3,5,4,"bare_ground"
2021,2,7,3,5,5,"other_plant"
2021,2,7,4,1,1,"other_plant"
2021,2,7,4,1,2,"other_plant"
2021,2,7,4,1,3,"other_plant"
2021,2,7,4,1,4,"other_plant"
2021,2,7,4,1,5,"other_plant"
2021,2,7,4,2,1,"other_plant"
2021,2,7,4,2,2,"other_plant"
2021,2,7,4,2,3,"other_plant"
2021,2,7,4,2,4,"other_plant"
2021,2,7,4,2,5,"other_plant"
2021,2,7,4,3,1,"other_plant"
2021,2,7,4,3,2,"other_plant"
2021,2,7,4,3,3,"other_plant"
2021,2,7,4,3,4,"other_plant"
2021,2,7,4,3,5,"other_plant"
2021,2,7,4,4,1,"other_plant"
2021,2,7,4,4,2,"other_plant"
2021,2,7,4,4,3,"other_plant"
2021,2,7,4,4,4,"other_plant"
2021,2,7,4,4,5,"other_plant"
2021,2,7,4,5,1,"other_plant"
2021,2,7,4,5,2,"other_plant"
2021,2,7,4,5,3,"other_plant"
2021,2,7,4,5,4,"other_plant"
2021,2,7,4,5,5,"other_plant"
2021,2,7,5,1,1,"other_litter"
2021,2,7,5,1,2,"other_plant"
2021,2,7,5,1,3,"other_plant"
2021,2,7,5,1,4,"other_plant"
2021,2,7,5,1,5,"other_plant"
2021,2,7,5,2,1,"other_plant"
2021,2,7,5,2,2,"other_plant"
2021,2,7,5,2,3,"other_plant"
2021,2,7,5,2,4,"other_plant"
2021,2,7,5,2,5,"other_plant"
2021,2,7,5,3,1,"other_litter"
2021,2,7,5,3,2,"bare_ground"
2021,2,7,5,3,3,"bare_ground"
2021,2,7,5,3,4,"other_plant"
2021,2,7,5,3,5,"other_plant"
2021,2,7,5,4,1,"bare_ground"
2021,2,7,5,4,2,"bare_ground"
2021,2,7,5,4,3,"bare_ground"
2021,2,7,5,4,4,"other_plant"
2021,2,7,5,4,5,"other_plant"
2021,2,7,5,5,1,"bare_ground"
2021,2,7,5,5,2,"other_plant"
2021,2,7,5,5,3,"bare_ground"
2021,2,7,5,5,4,"other_plant"
2021,2,7,5,5,5,"other_litter"
2021,2,8,1,1,1,"other_plant"
2021,2,8,1,1,2,"other_plant"
2021,2,8,1,1,3,"other_plant"
2021,2,8,1,1,4,"other_plant"
2021,2,8,1,1,5,"other_plant"
2021,2,8,1,2,1,"bare_ground"
2021,2,8,1,2,2,"bare_ground"
2021,2,8,1,2,3,"other_plant"
2021,2,8,1,2,4,"other_plant"
2021,2,8,1,2,5,"other_plant"
2021,2,8,1,3,1,"other_plant"
2021,2,8,1,3,2,"other_plant"
2021,2,8,1,3,3,"other_plant"
2021,2,8,1,3,4,"other_plant"
2021,2,8,1,3,5,"other_plant"
2021,2,8,1,4,1,"other_plant"
2021,2,8,1,4,2,"other_plant"
2021,2,8,1,4,3,"other_plant"
2021,2,8,1,4,4,"other_plant"
2021,2,8,1,4,5,"other_plant"
2021,2,8,1,5,1,"other_plant"
2021,2,8,1,5,2,"bare_ground"
2021,2,8,1,5,3,"bare_ground"
2021,2,8,1,5,4,"other_plant"
2021,2,8,1,5,5,"other_plant"
2021,2,8,2,1,1,"other_litter"
2021,2,8,2,1,2,"other_plant"
2021,2,8,2,1,3,"other_plant"
2021,2,8,2,1,4,"bare_ground"
2021,2,8,2,1,5,"other_litter"
2021,2,8,2,2,1,"other_litter"
2021,2,8,2,2,2,"other_litter"
2021,2,8,2,2,3,"other_plant"
2021,2,8,2,2,4,"other_litter"
2021,2,8,2,2,5,"other_litter"
2021,2,8,2,3,1,"other_litter"
2021,2,8,2,3,2,"other_plant"
2021,2,8,2,3,3,"other_litter"
2021,2,8,2,3,4,"other_litter"
2021,2,8,2,3,5,"bare_ground"
2021,2,8,2,4,1,"other_plant"
2021,2,8,2,4,2,"other_plant"
2021,2,8,2,4,3,"other_plant"
2021,2,8,2,4,4,"other_litter"
2021,2,8,2,4,5,"other_litter"
2021,2,8,2,5,1,"bare_ground"
2021,2,8,2,5,2,"other_plant"
2021,2,8,2,5,3,"other_litter"
2021,2,8,2,5,4,"other_litter"
2021,2,8,2,5,5,"other_plant"
2021,2,8,3,1,1,"other_plant"
2021,2,8,3,1,2,"other_plant"
2021,2,8,3,1,3,"other_plant"
2021,2,8,3,1,4,"other_litter"
2021,2,8,3,1,5,"other_plant"
2021,2,8,3,2,1,"other_plant"
2021,2,8,3,2,2,"other_plant"
2021,2,8,3,2,3,"bare_ground"
2021,2,8,3,2,4,"other_litter"
2021,2,8,3,2,5,"other_litter"
2021,2,8,3,3,1,"other_litter"
2021,2,8,3,3,2,"other_plant"
2021,2,8,3,3,3,"other_litter"
2021,2,8,3,3,4,"bare_ground"
2021,2,8,3,3,5,"other_plant"
2021,2,8,3,4,1,"other_plant"
2021,2,8,3,4,2,"other_plant"
2021,2,8,3,4,3,"other_plant"
2021,2,8,3,4,4,"other_plant"
2021,2,8,3,4,5,"other_plant"
2021,2,8,3,5,1,"bare_ground"
2021,2,8,3,5,2,"other_plant"
2021,2,8,3,5,3,"other_plant"
2021,2,8,3,5,4,"bare_ground"
2021,2,8,3,5,5,"other_plant"
2021,2,8,4,1,1,"other_plant"
2021,2,8,4,1,2,"bare_ground"
2021,2,8,4,1,3,"other_litter"
2021,2,8,4,1,4,"other_plant"
2021,2,8,4,1,5,"other_litter"
2021,2,8,4,2,1,"other_plant"
2021,2,8,4,2,2,"bare_ground"
2021,2,8,4,2,3,"other_plant"
2021,2,8,4,2,4,"bare_ground"
2021,2,8,4,2,5,"other_litter"
2021,2,8,4,3,1,"other_litter"
2021,2,8,4,3,2,"other_plant"
2021,2,8,4,3,3,"other_plant"
2021,2,8,4,3,4,"other_plant"
2021,2,8,4,3,5,"other_litter"
2021,2,8,4,4,1,"other_plant"
2021,2,8,4,4,2,"bare_ground"
2021,2,8,4,4,3,"bare_ground"
2021,2,8,4,4,4,"bare_ground"
2021,2,8,4,4,5,"other_plant"
2021,2,8,4,5,1,"other_plant"
2021,2,8,4,5,2,"other_plant"
2021,2,8,4,5,3,"bare_ground"
2021,2,8,4,5,4,"bare_ground"
2021,2,8,4,5,5,"other_plant"
2021,2,8,5,1,1,"bare_ground"
2021,2,8,5,1,2,"bare_ground"
2021,2,8,5,1,3,"bare_ground"
2021,2,8,5,1,4,"other_plant"
2021,2,8,5,1,5,"other_plant"
2021,2,8,5,2,1,"other_litter"
2021,2,8,5,2,2,"bare_ground"
2021,2,8,5,2,3,"other_litter"
2021,2,8,5,2,4,"bare_ground"
2021,2,8,5,2,5,"other_plant"
2021,2,8,5,3,1,"bare_ground"
2021,2,8,5,3,2,"bare_ground"
2021,2,8,5,3,3,"bare_ground"
2021,2,8,5,3,4,"bare_ground"
2021,2,8,5,3,5,"other_litter"
2021,2,8,5,4,1,"bare_ground"
2021,2,8,5,4,2,"bare_ground"
2021,2,8,5,4,3,"other_plant"
2021,2,8,5,4,4,"other_litter"
2021,2,8,5,4,5,"other_litter"
2021,2,8,5,5,1,"other_litter"
2021,2,8,5,5,2,"bare_ground"
2021,2,8,5,5,3,"other_plant"
2021,2,8,5,5,4,"other_plant"
2021,2,8,5,5,5,"other_plant"
2021,3,1,1,1,1,"other_plant"
2021,3,1,1,1,2,"other_litter"
2021,3,1,1,1,3,"other_litter"
2021,3,1,1,1,4,"other_litter"
2021,3,1,1,1,5,"other_litter"
2021,3,1,1,2,1,"other_plant"
2021,3,1,1,2,2,"other_plant"
2021,3,1,1,2,3,"other_litter"
2021,3,1,1,2,4,"other_plant"
2021,3,1,1,2,5,"other_litter"
2021,3,1,1,3,1,"other_plant"
2021,3,1,1,3,2,"other_plant"
2021,3,1,1,3,3,"other_litter"
2021,3,1,1,3,4,"bare_ground"
2021,3,1,1,3,5,"other_plant"
2021,3,1,1,4,1,"other_plant"
2021,3,1,1,4,2,"bare_ground"
2021,3,1,1,4,3,"bare_ground"
2021,3,1,1,4,4,"other_plant"
2021,3,1,1,4,5,"other_plant"
2021,3,1,1,5,1,"other_litter"
2021,3,1,1,5,2,"other_litter"
2021,3,1,1,5,3,"other_litter"
2021,3,1,1,5,4,"other_plant"
2021,3,1,1,5,5,"bare_ground"
2021,3,1,2,1,1,"bare_ground"
2021,3,1,2,1,2,"other_plant"
2021,3,1,2,1,3,"bare_ground"
2021,3,1,2,1,4,"other_plant"
2021,3,1,2,1,5,"other_plant"
2021,3,1,2,2,1,"other_plant"
2021,3,1,2,2,2,"bare_ground"
2021,3,1,2,2,3,"other_litter"
2021,3,1,2,2,4,"other_litter"
2021,3,1,2,2,5,"bare_ground"
2021,3,1,2,3,1,"other_litter"
2021,3,1,2,3,2,"other_plant"
2021,3,1,2,3,3,"other_litter"
2021,3,1,2,3,4,"other_plant"
2021,3,1,2,3,5,"other_plant"
2021,3,1,2,4,1,"other_plant"
2021,3,1,2,4,2,"other_litter"
2021,3,1,2,4,3,"other_litter"
2021,3,1,2,4,4,"other_plant"
2021,3,1,2,4,5,"other_litter"
2021,3,1,2,5,1,"other_plant"
2021,3,1,2,5,2,"other_plant"
2021,3,1,2,5,3,"bare_ground"
2021,3,1,2,5,4,"other_litter"
2021,3,1,2,5,5,"bare_ground"
2021,3,1,3,1,1,"other_plant"
2021,3,1,3,1,2,"other_litter"
2021,3,1,3,1,3,"other_plant"
2021,3,1,3,1,4,"other_plant"
2021,3,1,3,1,5,"other_plant"
2021,3,1,3,2,1,"other_plant"
2021,3,1,3,2,2,"other_plant"
2021,3,1,3,2,3,"other_plant"
2021,3,1,3,2,4,"bare_ground"
2021,3,1,3,2,5,"bare_ground"
2021,3,1,3,3,1,"bare_ground"
2021,3,1,3,3,2,"other_plant"
2021,3,1,3,3,3,"other_plant"
2021,3,1,3,3,4,"bare_ground"
2021,3,1,3,3,5,"bare_ground"
2021,3,1,3,4,1,"other_plant"
2021,3,1,3,4,2,"other_plant"
2021,3,1,3,4,3,"other_plant"
2021,3,1,3,4,4,"other_plant"
2021,3,1,3,4,5,"bare_ground"
2021,3,1,3,5,1,"other_plant"
2021,3,1,3,5,2,"other_plant"
2021,3,1,3,5,3,"other_plant"
2021,3,1,3,5,4,"other_plant"
2021,3,1,3,5,5,"other_plant"
2021,3,1,4,1,1,"other_litter"
2021,3,1,4,1,2,"other_litter"
2021,3,1,4,1,3,"other_plant"
2021,3,1,4,1,4,"bare_ground"
2021,3,1,4,1,5,"other_plant"
2021,3,1,4,2,1,"other_litter"
2021,3,1,4,2,2,"other_litter"
2021,3,1,4,2,3,"other_litter"
2021,3,1,4,2,4,"other_plant"
2021,3,1,4,2,5,"other_plant"
2021,3,1,4,3,1,"other_litter"
2021,3,1,4,3,2,"other_litter"
2021,3,1,4,3,3,"other_plant"
2021,3,1,4,3,4,"other_plant"
2021,3,1,4,3,5,"other_litter"
2021,3,1,4,4,1,"cheatgrass_plant"
2021,3,1,4,4,2,"bare_ground"
2021,3,1,4,4,3,"other_litter"
2021,3,1,4,4,4,"other_plant"
2021,3,1,4,4,5,"other_plant"
2021,3,1,4,5,1,"other_litter"
2021,3,1,4,5,2,"bare_ground"
2021,3,1,4,5,3,"other_litter"
2021,3,1,4,5,4,"other_plant"
2021,3,1,4,5,5,"other_litter"
2021,3,1,5,1,1,"bare_ground"
2021,3,1,5,1,2,"bare_ground"
2021,3,1,5,1,3,"bare_ground"
2021,3,1,5,1,4,"bare_ground"
2021,3,1,5,1,5,"bare_ground"
2021,3,1,5,2,1,"bare_ground"
2021,3,1,5,2,2,"bare_ground"
2021,3,1,5,2,3,"bare_ground"
2021,3,1,5,2,4,"bare_ground"
2021,3,1,5,2,5,"bare_ground"
2021,3,1,5,3,1,"bare_ground"
2021,3,1,5,3,2,"bare_ground"
2021,3,1,5,3,3,"bare_ground"
2021,3,1,5,3,4,"bare_ground"
2021,3,1,5,3,5,"bare_ground"
2021,3,1,5,4,1,"bare_ground"
2021,3,1,5,4,2,"bare_ground"
2021,3,1,5,4,3,"bare_ground"
2021,3,1,5,4,4,"bare_ground"
2021,3,1,5,4,5,"bare_ground"
2021,3,1,5,5,1,"bare_ground"
2021,3,1,5,5,2,"bare_ground"
2021,3,1,5,5,3,"bare_ground"
2021,3,1,5,5,4,"bare_ground"
2021,3,1,5,5,5,"bare_ground"
2021,3,2,1,1,1,"other_plant"
2021,3,2,1,1,2,"other_litter"
2021,3,2,1,1,3,"other_litter"
2021,3,2,1,1,4,"other_plant"
2021,3,2,1,1,5,"other_plant"
2021,3,2,1,2,1,"other_plant"
2021,3,2,1,2,2,"other_litter"
2021,3,2,1,2,3,"other_plant"
2021,3,2,1,2,4,"other_plant"
2021,3,2,1,2,5,"other_plant"
2021,3,2,1,3,1,"other_plant"
2021,3,2,1,3,2,"bare_ground"
2021,3,2,1,3,3,"bare_ground"
2021,3,2,1,3,4,"other_plant"
2021,3,2,1,3,5,"other_litter"
2021,3,2,1,4,1,"other_plant"
2021,3,2,1,4,2,"other_litter"
2021,3,2,1,4,3,"bare_ground"
2021,3,2,1,4,4,"other_plant"
2021,3,2,1,4,5,"other_plant"
2021,3,2,1,5,1,"other_plant"
2021,3,2,1,5,2,"other_plant"
2021,3,2,1,5,3,"other_plant"
2021,3,2,1,5,4,"other_plant"
2021,3,2,1,5,5,"bare_ground"
2021,3,2,2,1,1,"other_plant"
2021,3,2,2,1,2,"other_litter"
2021,3,2,2,1,3,"other_plant"
2021,3,2,2,1,4,"other_plant"
2021,3,2,2,1,5,"other_plant"
2021,3,2,2,2,1,"other_plant"
2021,3,2,2,2,2,"other_plant"
2021,3,2,2,2,3,"other_plant"
2021,3,2,2,2,4,"other_plant"
2021,3,2,2,2,5,"other_plant"
2021,3,2,2,3,1,"other_plant"
2021,3,2,2,3,2,"other_plant"
2021,3,2,2,3,3,"other_plant"
2021,3,2,2,3,4,"other_plant"
2021,3,2,2,3,5,"other_plant"
2021,3,2,2,4,1,"other_plant"
2021,3,2,2,4,2,"other_plant"
2021,3,2,2,4,3,"other_plant"
2021,3,2,2,4,4,"other_plant"
2021,3,2,2,4,5,"other_litter"
2021,3,2,2,5,1,"other_plant"
2021,3,2,2,5,2,"other_plant"
2021,3,2,2,5,3,"other_plant"
2021,3,2,2,5,4,"other_plant"
2021,3,2,2,5,5,"other_plant"
2021,3,2,3,1,1,"other_litter"
2021,3,2,3,1,2,"other_plant"
2021,3,2,3,1,3,"other_plant"
2021,3,2,3,1,4,"other_plant"
2021,3,2,3,1,5,"other_plant"
2021,3,2,3,2,1,"other_litter"
2021,3,2,3,2,2,"other_plant"
2021,3,2,3,2,3,"other_plant"
2021,3,2,3,2,4,"other_plant"
2021,3,2,3,2,5,"other_plant"
2021,3,2,3,3,1,"other_plant"
2021,3,2,3,3,2,"other_plant"
2021,3,2,3,3,3,"other_plant"
2021,3,2,3,3,4,"other_plant"
2021,3,2,3,3,5,"other_plant"
2021,3,2,3,4,1,"other_litter"
2021,3,2,3,4,2,"other_plant"
2021,3,2,3,4,3,"other_plant"
2021,3,2,3,4,4,"other_plant"
2021,3,2,3,4,5,"other_plant"
2021,3,2,3,5,1,"other_plant"
2021,3,2,3,5,2,"other_litter"
2021,3,2,3,5,3,"other_plant"
2021,3,2,3,5,4,"other_plant"
2021,3,2,3,5,5,"other_plant"
2021,3,2,4,1,1,"other_plant"
2021,3,2,4,1,2,"other_litter"
2021,3,2,4,1,3,"other_plant"
2021,3,2,4,1,4,"other_plant"
2021,3,2,4,1,5,"other_plant"
2021,3,2,4,2,1,"other_plant"
2021,3,2,4,2,2,"other_plant"
2021,3,2,4,2,3,"other_plant"
2021,3,2,4,2,4,"other_plant"
2021,3,2,4,2,5,"other_plant"
2021,3,2,4,3,1,"other_litter"
2021,3,2,4,3,2,"other_plant"
2021,3,2,4,3,3,"other_plant"
2021,3,2,4,3,4,"other_plant"
2021,3,2,4,3,5,"other_plant"
2021,3,2,4,4,1,"other_plant"
2021,3,2,4,4,2,"other_plant"
2021,3,2,4,4,3,"other_plant"
2021,3,2,4,4,4,"other_plant"
2021,3,2,4,4,5,"other_plant"
2021,3,2,4,5,1,"other_plant"
2021,3,2,4,5,2,"other_plant"
2021,3,2,4,5,3,"other_plant"
2021,3,2,4,5,4,"other_litter"
2021,3,2,4,5,5,"other_plant"
2021,3,2,5,1,1,"other_plant"
2021,3,2,5,1,2,"other_plant"
2021,3,2,5,1,3,"other_plant"
2021,3,2,5,1,4,"other_plant"
2021,3,2,5,1,5,"other_plant"
2021,3,2,5,2,1,"other_plant"
2021,3,2,5,2,2,"other_plant"
2021,3,2,5,2,3,"other_litter"
2021,3,2,5,2,4,"other_plant"
2021,3,2,5,2,5,"other_litter"
2021,3,2,5,3,1,"other_plant"
2021,3,2,5,3,2,"other_plant"
2021,3,2,5,3,3,"other_plant"
2021,3,2,5,3,4,"other_litter"
2021,3,2,5,3,5,"other_plant"
2021,3,2,5,4,1,"other_plant"
2021,3,2,5,4,2,"other_plant"
2021,3,2,5,4,3,"other_plant"
2021,3,2,5,4,4,"other_plant"
2021,3,2,5,4,5,"other_litter"
2021,3,2,5,5,1,"other_plant"
2021,3,2,5,5,2,"other_plant"
2021,3,2,5,5,3,"other_litter"
2021,3,2,5,5,4,"other_plant"
2021,3,2,5,5,5,"other_plant"
2021,3,3,1,1,1,"other_plant"
2021,3,3,1,1,2,"other_plant"
2021,3,3,1,1,3,"other_plant"
2021,3,3,1,1,4,"other_plant"
2021,3,3,1,1,5,"other_litter"
2021,3,3,1,2,1,"other_plant"
2021,3,3,1,2,2,"other_plant"
2021,3,3,1,2,3,"other_plant"
2021,3,3,1,2,4,"other_plant"
2021,3,3,1,2,5,"other_litter"
2021,3,3,1,3,1,"other_plant"
2021,3,3,1,3,2,"other_plant"
2021,3,3,1,3,3,"other_litter"
2021,3,3,1,3,4,"other_litter"
2021,3,3,1,3,5,"other_litter"
2021,3,3,1,4,1,"other_plant"
2021,3,3,1,4,2,"other_plant"
2021,3,3,1,4,3,"other_litter"
2021,3,3,1,4,4,"other_litter"
2021,3,3,1,4,5,"other_litter"
2021,3,3,1,5,1,"other_plant"
2021,3,3,1,5,2,"other_plant"
2021,3,3,1,5,3,"other_litter"
2021,3,3,1,5,4,"other_plant"
2021,3,3,1,5,5,"other_litter"
2021,3,3,2,1,1,"other_plant"
2021,3,3,2,1,2,"other_litter"
2021,3,3,2,1,3,"other_plant"
2021,3,3,2,1,4,"other_plant"
2021,3,3,2,1,5,"other_litter"
2021,3,3,2,2,1,"bare_ground"
2021,3,3,2,2,2,"other_plant"
2021,3,3,2,2,3,"other_litter"
2021,3,3,2,2,4,"other_litter"
2021,3,3,2,2,5,"bare_ground"
2021,3,3,2,3,1,"other_plant"
2021,3,3,2,3,2,"other_plant"
2021,3,3,2,3,3,"other_plant"
2021,3,3,2,3,4,"other_litter"
2021,3,3,2,3,5,"other_litter"
2021,3,3,2,4,1,"other_plant"
2021,3,3,2,4,2,"other_plant"
2021,3,3,2,4,3,"other_litter"
2021,3,3,2,4,4,"other_litter"
2021,3,3,2,4,5,"other_plant"
2021,3,3,2,5,1,"other_plant"
2021,3,3,2,5,2,"other_plant"
2021,3,3,2,5,3,"other_plant"
2021,3,3,2,5,4,"other_plant"
2021,3,3,2,5,5,"other_plant"
2021,3,3,3,1,1,"other_plant"
2021,3,3,3,1,2,"bare_ground"
2021,3,3,3,1,3,"bare_ground"
2021,3,3,3,1,4,"other_plant"
2021,3,3,3,1,5,"other_plant"
2021,3,3,3,2,1,"bare_ground"
2021,3,3,3,2,2,"bare_ground"
2021,3,3,3,2,3,"other_litter"
2021,3,3,3,2,4,"other_litter"
2021,3,3,3,2,5,"other_plant"
2021,3,3,3,3,1,"bare_ground"
2021,3,3,3,3,2,"bare_ground"
2021,3,3,3,3,3,"other_litter"
2021,3,3,3,3,4,"other_plant"
2021,3,3,3,3,5,"other_plant"
2021,3,3,3,4,1,"other_plant"
2021,3,3,3,4,2,"other_plant"
2021,3,3,3,4,3,"other_plant"
2021,3,3,3,4,4,"other_plant"
2021,3,3,3,4,5,"other_plant"
2021,3,3,3,5,1,"other_plant"
2021,3,3,3,5,2,"other_plant"
2021,3,3,3,5,3,"bare_ground"
2021,3,3,3,5,4,"other_plant"
2021,3,3,3,5,5,"other_litter"
2021,3,3,4,1,1,"other_plant"
2021,3,3,4,1,2,"other_plant"
2021,3,3,4,1,3,"other_litter"
2021,3,3,4,1,4,"other_plant"
2021,3,3,4,1,5,"other_plant"
2021,3,3,4,2,1,"other_litter"
2021,3,3,4,2,2,"other_litter"
2021,3,3,4,2,3,"other_plant"
2021,3,3,4,2,4,"other_plant"
2021,3,3,4,2,5,"other_litter"
2021,3,3,4,3,1,"other_litter"
2021,3,3,4,3,2,"other_plant"
2021,3,3,4,3,3,"other_litter"
2021,3,3,4,3,4,"other_litter"
2021,3,3,4,3,5,"other_plant"
2021,3,3,4,4,1,"other_plant"
2021,3,3,4,4,2,"other_plant"
2021,3,3,4,4,3,"other_plant"
2021,3,3,4,4,4,"other_plant"
2021,3,3,4,4,5,"other_plant"
2021,3,3,4,5,1,"other_plant"
2021,3,3,4,5,2,"other_plant"
2021,3,3,4,5,3,"other_litter"
2021,3,3,4,5,4,"other_plant"
2021,3,3,4,5,5,"other_plant"
2021,3,3,5,1,1,"other_plant"
2021,3,3,5,1,2,"other_litter"
2021,3,3,5,1,3,"other_litter"
2021,3,3,5,1,4,"other_litter"
2021,3,3,5,1,5,"other_plant"
2021,3,3,5,2,1,"other_plant"
2021,3,3,5,2,2,"other_plant"
2021,3,3,5,2,3,"other_litter"
2021,3,3,5,2,4,"other_plant"
2021,3,3,5,2,5,"other_litter"
2021,3,3,5,3,1,"other_litter"
2021,3,3,5,3,2,"other_plant"
2021,3,3,5,3,3,"other_plant"
2021,3,3,5,3,4,"other_plant"
2021,3,3,5,3,5,"other_litter"
2021,3,3,5,4,1,"other_litter"
2021,3,3,5,4,2,"other_plant"
2021,3,3,5,4,3,"other_plant"
2021,3,3,5,4,4,"other_litter"
2021,3,3,5,4,5,"other_litter"
2021,3,3,5,5,1,"other_plant"
2021,3,3,5,5,2,"other_plant"
2021,3,3,5,5,3,"other_litter"
2021,3,3,5,5,4,"other_litter"
2021,3,3,5,5,5,"other_plant"
2021,3,4,1,1,1,"other_plant"
2021,3,4,1,1,2,"other_litter"
2021,3,4,1,1,3,"other_litter"
2021,3,4,1,1,4,"other_litter"
2021,3,4,1,1,5,"other_plant"
2021,3,4,1,2,1,"other_plant"
2021,3,4,1,2,2,"bare_ground"
2021,3,4,1,2,3,"other_litter"
2021,3,4,1,2,4,"other_litter"
2021,3,4,1,2,5,"other_plant"
2021,3,4,1,3,1,"other_plant"
2021,3,4,1,3,2,"other_plant"
2021,3,4,1,3,3,"other_litter"
2021,3,4,1,3,4,"bare_ground"
2021,3,4,1,3,5,"other_litter"
2021,3,4,1,4,1,"other_plant"
2021,3,4,1,4,2,"other_litter"
2021,3,4,1,4,3,"other_plant"
2021,3,4,1,4,4,"other_litter"
2021,3,4,1,4,5,"bare_ground"
2021,3,4,1,5,1,"other_plant"
2021,3,4,1,5,2,"other_plant"
2021,3,4,1,5,3,"other_plant"
2021,3,4,1,5,4,"other_plant"
2021,3,4,1,5,5,"other_plant"
2021,3,4,2,1,1,"other_plant"
2021,3,4,2,1,2,"other_litter"
2021,3,4,2,1,3,"other_litter"
2021,3,4,2,1,4,"other_litter"
2021,3,4,2,1,5,"other_plant"
2021,3,4,2,2,1,"other_plant"
2021,3,4,2,2,2,"other_plant"
2021,3,4,2,2,3,"other_plant"
2021,3,4,2,2,4,"other_plant"
2021,3,4,2,2,5,"other_litter"
2021,3,4,2,3,1,"other_litter"
2021,3,4,2,3,2,"other_litter"
2021,3,4,2,3,3,"other_plant"
2021,3,4,2,3,4,"other_plant"
2021,3,4,2,3,5,"other_plant"
2021,3,4,2,4,1,"other_plant"
2021,3,4,2,4,2,"other_plant"
2021,3,4,2,4,3,"other_plant"
2021,3,4,2,4,4,"other_plant"
2021,3,4,2,4,5,"other_plant"
2021,3,4,2,5,1,"other_plant"
2021,3,4,2,5,2,"other_plant"
2021,3,4,2,5,3,"other_plant"
2021,3,4,2,5,4,"other_plant"
2021,3,4,2,5,5,"other_plant"
2021,3,4,3,1,1,"other_litter"
2021,3,4,3,1,2,"other_plant"
2021,3,4,3,1,3,"other_litter"
2021,3,4,3,1,4,"other_plant"
2021,3,4,3,1,5,"other_litter"
2021,3,4,3,2,1,"other_litter"
2021,3,4,3,2,2,"other_plant"
2021,3,4,3,2,3,"other_plant"
2021,3,4,3,2,4,"other_plant"
2021,3,4,3,2,5,"other_plant"
2021,3,4,3,3,1,"other_plant"
2021,3,4,3,3,2,"other_litter"
2021,3,4,3,3,3,"other_plant"
2021,3,4,3,3,4,"other_plant"
2021,3,4,3,3,5,"other_plant"
2021,3,4,3,4,1,"other_plant"
2021,3,4,3,4,2,"other_plant"
2021,3,4,3,4,3,"other_litter"
2021,3,4,3,4,4,"other_plant"
2021,3,4,3,4,5,"bare_ground"
2021,3,4,3,5,1,"other_litter"
2021,3,4,3,5,2,"other_litter"
2021,3,4,3,5,3,"other_litter"
2021,3,4,3,5,4,"other_litter"
2021,3,4,3,5,5,"bare_ground"
2021,3,4,4,1,1,"other_plant"
2021,3,4,4,1,2,"other_plant"
2021,3,4,4,1,3,"other_plant"
2021,3,4,4,1,4,"other_plant"
2021,3,4,4,1,5,"other_plant"
2021,3,4,4,2,1,"other_plant"
2021,3,4,4,2,2,"other_plant"
2021,3,4,4,2,3,"other_plant"
2021,3,4,4,2,4,"other_plant"
2021,3,4,4,2,5,"other_litter"
2021,3,4,4,3,1,"other_plant"
2021,3,4,4,3,2,"other_plant"
2021,3,4,4,3,3,"other_plant"
2021,3,4,4,3,4,"other_plant"
2021,3,4,4,3,5,"other_plant"
2021,3,4,4,4,1,"other_plant"
2021,3,4,4,4,2,"other_plant"
2021,3,4,4,4,3,"other_plant"
2021,3,4,4,4,4,"other_plant"
2021,3,4,4,4,5,"other_plant"
2021,3,4,4,5,1,"other_litter"
2021,3,4,4,5,2,"bare_ground"
2021,3,4,4,5,3,"other_plant"
2021,3,4,4,5,4,"other_plant"
2021,3,4,4,5,5,"other_plant"
2021,3,4,5,1,1,"other_plant"
2021,3,4,5,1,2,"other_plant"
2021,3,4,5,1,3,"other_litter"
2021,3,4,5,1,4,"other_plant"
2021,3,4,5,1,5,"other_plant"
2021,3,4,5,2,1,"other_plant"
2021,3,4,5,2,2,"other_plant"
2021,3,4,5,2,3,"other_litter"
2021,3,4,5,2,4,"other_plant"
2021,3,4,5,2,5,"other_litter"
2021,3,4,5,3,1,"other_plant"
2021,3,4,5,3,2,"other_plant"
2021,3,4,5,3,3,"other_litter"
2021,3,4,5,3,4,"other_plant"
2021,3,4,5,3,5,"other_plant"
2021,3,4,5,4,1,"other_plant"
2021,3,4,5,4,2,"other_plant"
2021,3,4,5,4,3,"other_plant"
2021,3,4,5,4,4,"other_plant"
2021,3,4,5,4,5,"other_plant"
2021,3,4,5,5,1,"other_plant"
2021,3,4,5,5,2,"other_litter"
2021,3,4,5,5,3,"other_plant"
2021,3,4,5,5,4,"other_plant"
2021,3,4,5,5,5,"bare_ground"
2021,3,5,1,1,1,"other_litter"
2021,3,5,1,1,2,"other_plant"
2021,3,5,1,1,3,"bare_ground"
2021,3,5,1,1,4,"other_litter"
2021,3,5,1,1,5,"other_litter"
2021,3,5,1,2,1,"other_plant"
2021,3,5,1,2,2,"other_plant"
2021,3,5,1,2,3,"other_plant"
2021,3,5,1,2,4,"other_plant"
2021,3,5,1,2,5,"other_litter"
2021,3,5,1,3,1,"other_plant"
2021,3,5,1,3,2,"bare_ground"
2021,3,5,1,3,3,"other_plant"
2021,3,5,1,3,4,"other_litter"
2021,3,5,1,3,5,"other_plant"
2021,3,5,1,4,1,"other_litter"
2021,3,5,1,4,2,"other_plant"
2021,3,5,1,4,3,"other_litter"
2021,3,5,1,4,4,"other_litter"
2021,3,5,1,4,5,"other_plant"
2021,3,5,1,5,1,"other_litter"
2021,3,5,1,5,2,"other_litter"
2021,3,5,1,5,3,"other_litter"
2021,3,5,1,5,4,"other_litter"
2021,3,5,1,5,5,"other_plant"
2021,3,5,2,1,1,"other_plant"
2021,3,5,2,1,2,"bare_ground"
2021,3,5,2,1,3,"bare_ground"
2021,3,5,2,1,4,"other_litter"
2021,3,5,2,1,5,"other_litter"
2021,3,5,2,2,1,"other_plant"
2021,3,5,2,2,2,"other_plant"
2021,3,5,2,2,3,"other_litter"
2021,3,5,2,2,4,"other_litter"
2021,3,5,2,2,5,"other_litter"
2021,3,5,2,3,1,"other_plant"
2021,3,5,2,3,2,"other_plant"
2021,3,5,2,3,3,"other_litter"
2021,3,5,2,3,4,"other_litter"
2021,3,5,2,3,5,"other_plant"
2021,3,5,2,4,1,"other_plant"
2021,3,5,2,4,2,"other_plant"
2021,3,5,2,4,3,"other_plant"
2021,3,5,2,4,4,"other_litter"
2021,3,5,2,4,5,"other_plant"
2021,3,5,2,5,1,"other_litter"
2021,3,5,2,5,2,"other_litter"
2021,3,5,2,5,3,"other_litter"
2021,3,5,2,5,4,"other_litter"
2021,3,5,2,5,5,"other_plant"
2021,3,5,3,1,1,"bare_ground"
2021,3,5,3,1,2,"bare_ground"
2021,3,5,3,1,3,"bare_ground"
2021,3,5,3,1,4,"other_litter"
2021,3,5,3,1,5,"other_plant"
2021,3,5,3,2,1,"other_plant"
2021,3,5,3,2,2,"other_litter"
2021,3,5,3,2,3,"other_litter"
2021,3,5,3,2,4,"other_plant"
2021,3,5,3,2,5,"bare_ground"
2021,3,5,3,3,1,"bare_ground"
2021,3,5,3,3,2,"bare_ground"
2021,3,5,3,3,3,"other_litter"
2021,3,5,3,3,4,"other_litter"
2021,3,5,3,3,5,"other_plant"
2021,3,5,3,4,1,"other_plant"
2021,3,5,3,4,2,"other_litter"
2021,3,5,3,4,3,"other_plant"
2021,3,5,3,4,4,"other_plant"
2021,3,5,3,4,5,"other_litter"
2021,3,5,3,5,1,"other_plant"
2021,3,5,3,5,2,"other_plant"
2021,3,5,3,5,3,"other_plant"
2021,3,5,3,5,4,"other_plant"
2021,3,5,3,5,5,"other_plant"
2021,3,5,4,1,1,"other_litter"
2021,3,5,4,1,2,"bare_ground"
2021,3,5,4,1,3,"other_plant"
2021,3,5,4,1,4,"other_litter"
2021,3,5,4,1,5,"other_litter"
2021,3,5,4,2,1,"other_litter"
2021,3,5,4,2,2,"bare_ground"
2021,3,5,4,2,3,"bare_ground"
2021,3,5,4,2,4,"bare_ground"
2021,3,5,4,2,5,"other_litter"
2021,3,5,4,3,1,"bare_ground"
2021,3,5,4,3,2,"bare_ground"
2021,3,5,4,3,3,"other_plant"
2021,3,5,4,3,4,"bare_ground"
2021,3,5,4,3,5,"other_plant"
2021,3,5,4,4,1,"other_litter"
2021,3,5,4,4,2,"other_litter"
2021,3,5,4,4,3,"other_plant"
2021,3,5,4,4,4,"other_plant"
2021,3,5,4,4,5,"other_plant"
2021,3,5,4,5,1,"other_litter"
2021,3,5,4,5,2,"other_plant"
2021,3,5,4,5,3,"bare_ground"
2021,3,5,4,5,4,"bare_ground"
2021,3,5,4,5,5,"other_litter"
2021,3,5,5,1,1,"bare_ground"
2021,3,5,5,1,2,"other_litter"
2021,3,5,5,1,3,"bare_ground"
2021,3,5,5,1,4,"other_litter"
2021,3,5,5,1,5,"other_plant"
2021,3,5,5,2,1,"other_plant"
2021,3,5,5,2,2,"other_litter"
2021,3,5,5,2,3,"bare_ground"
2021,3,5,5,2,4,"other_plant"
2021,3,5,5,2,5,"other_plant"
2021,3,5,5,3,1,"other_plant"
2021,3,5,5,3,2,"other_litter"
2021,3,5,5,3,3,"other_litter"
2021,3,5,5,3,4,"other_plant"
2021,3,5,5,3,5,"other_litter"
2021,3,5,5,4,1,"other_plant"
2021,3,5,5,4,2,"other_plant"
2021,3,5,5,4,3,"other_litter"
2021,3,5,5,4,4,"other_plant"
2021,3,5,5,4,5,"other_plant"
2021,3,5,5,5,1,"other_plant"
2021,3,5,5,5,2,"other_litter"
2021,3,5,5,5,3,"other_plant"
2021,3,5,5,5,4,"other_plant"
2021,3,5,5,5,5,"other_plant"
2021,3,6,1,1,1,"other_litter"
2021,3,6,1,1,2,"other_plant"
2021,3,6,1,1,3,"other_plant"
2021,3,6,1,1,4,"other_litter"
2021,3,6,1,1,5,"bare_ground"
2021,3,6,1,2,1,"other_litter"
2021,3,6,1,2,2,"cheatgrass_plant"
2021,3,6,1,2,3,"other_plant"
2021,3,6,1,2,4,"other_plant"
2021,3,6,1,2,5,"other_plant"
2021,3,6,1,3,1,"other_plant"
2021,3,6,1,3,2,"other_litter"
2021,3,6,1,3,3,"other_plant"
2021,3,6,1,3,4,"other_litter"
2021,3,6,1,3,5,"other_litter"
2021,3,6,1,4,1,"other_plant"
2021,3,6,1,4,2,"bare_ground"
2021,3,6,1,4,3,"other_plant"
2021,3,6,1,4,4,"bare_ground"
2021,3,6,1,4,5,"other_litter"
2021,3,6,1,5,1,"other_litter"
2021,3,6,1,5,2,"other_litter"
2021,3,6,1,5,3,"other_litter"
2021,3,6,1,5,4,"other_litter"
2021,3,6,1,5,5,"other_litter"
2021,3,6,2,1,1,"other_plant"
2021,3,6,2,1,2,"other_plant"
2021,3,6,2,1,3,"other_litter"
2021,3,6,2,1,4,"other_plant"
2021,3,6,2,1,5,"other_plant"
2021,3,6,2,2,1,"other_litter"
2021,3,6,2,2,2,"other_plant"
2021,3,6,2,2,3,"bare_ground"
2021,3,6,2,2,4,"bare_ground"
2021,3,6,2,2,5,"other_litter"
2021,3,6,2,3,1,"other_litter"
2021,3,6,2,3,2,"other_litter"
2021,3,6,2,3,3,"other_litter"
2021,3,6,2,3,4,"other_litter"
2021,3,6,2,3,5,"other_plant"
2021,3,6,2,4,1,"other_plant"
2021,3,6,2,4,2,"other_litter"
2021,3,6,2,4,3,"other_plant"
2021,3,6,2,4,4,"bare_ground"
2021,3,6,2,4,5,"other_litter"
2021,3,6,2,5,1,"bare_ground"
2021,3,6,2,5,2,"bare_ground"
2021,3,6,2,5,3,"bare_ground"
2021,3,6,2,5,4,"other_plant"
2021,3,6,2,5,5,"other_litter"
2021,3,6,3,1,1,"other_litter"
2021,3,6,3,1,2,"other_litter"
2021,3,6,3,1,3,"bare_ground"
2021,3,6,3,1,4,"other_plant"
2021,3,6,3,1,5,"other_litter"
2021,3,6,3,2,1,"other_litter"
2021,3,6,3,2,2,"other_plant"
2021,3,6,3,2,3,"other_plant"
2021,3,6,3,2,4,"other_plant"
2021,3,6,3,2,5,"other_plant"
2021,3,6,3,3,1,"other_litter"
2021,3,6,3,3,2,"bare_ground"
2021,3,6,3,3,3,"other_litter"
2021,3,6,3,3,4,"other_plant"
2021,3,6,3,3,5,"other_litter"
2021,3,6,3,4,1,"bare_ground"
2021,3,6,3,4,2,"other_litter"
2021,3,6,3,4,3,"other_litter"
2021,3,6,3,4,4,"other_litter"
2021,3,6,3,4,5,"other_litter"
2021,3,6,3,5,1,"other_plant"
2021,3,6,3,5,2,"other_plant"
2021,3,6,3,5,3,"other_plant"
2021,3,6,3,5,4,"other_litter"
2021,3,6,3,5,5,"other_plant"
2021,3,6,4,1,1,"bare_ground"
2021,3,6,4,1,2,"other_plant"
2021,3,6,4,1,3,"other_plant"
2021,3,6,4,1,4,"bare_ground"
2021,3,6,4,1,5,"other_plant"
2021,3,6,4,2,1,"other_litter"
2021,3,6,4,2,2,"other_plant"
2021,3,6,4,2,3,"other_plant"
2021,3,6,4,2,4,"other_plant"
2021,3,6,4,2,5,"other_plant"
2021,3,6,4,3,1,"other_litter"
2021,3,6,4,3,2,"other_plant"
2021,3,6,4,3,3,"other_litter"
2021,3,6,4,3,4,"bare_ground"
2021,3,6,4,3,5,"other_plant"
2021,3,6,4,4,1,"other_plant"
2021,3,6,4,4,2,"other_plant"
2021,3,6,4,4,3,"other_plant"
2021,3,6,4,4,4,"bare_ground"
2021,3,6,4,4,5,"other_plant"
2021,3,6,4,5,1,"other_plant"
2021,3,6,4,5,2,"other_plant"
2021,3,6,4,5,3,"other_plant"
2021,3,6,4,5,4,"other_plant"
2021,3,6,4,5,5,"other_litter"
2021,3,6,5,1,1,"cheatgrass_plant"
2021,3,6,5,1,2,"cheatgrass_plant"
2021,3,6,5,1,3,"other_plant"
2021,3,6,5,1,4,"other_plant"
2021,3,6,5,1,5,"cheatgrass_plant"
2021,3,6,5,2,1,"cheatgrass_plant"
2021,3,6,5,2,2,"other_plant"
2021,3,6,5,2,3,"cheatgrass_plant"
2021,3,6,5,2,4,"cheatgrass_plant"
2021,3,6,5,2,5,"other_plant"
2021,3,6,5,3,1,"other_plant"
2021,3,6,5,3,2,"cheatgrass_plant"
2021,3,6,5,3,3,"other_plant"
2021,3,6,5,3,4,"cheatgrass_plant"
2021,3,6,5,3,5,"other_plant"
2021,3,6,5,4,1,"cheatgrass_plant"
2021,3,6,5,4,2,"cheatgrass_plant"
2021,3,6,5,4,3,"cheatgrass_plant"
2021,3,6,5,4,4,"cheatgrass_plant"
2021,3,6,5,4,5,"cheatgrass_plant"
2021,3,6,5,5,1,"cheatgrass_plant"
2021,3,6,5,5,2,"other_plant"
2021,3,6,5,5,3,"cheatgrass_plant"
2021,3,6,5,5,4,"cheatgrass_plant"
2021,3,6,5,5,5,"other_plant"
2021,3,7,1,1,1,"other_litter"
2021,3,7,1,1,2,"other_plant"
2021,3,7,1,1,3,"bare_ground"
2021,3,7,1,1,4,"other_plant"
2021,3,7,1,1,5,"other_plant"
2021,3,7,1,2,1,"bare_ground"
2021,3,7,1,2,2,"other_plant"
2021,3,7,1,2,3,"other_plant"
2021,3,7,1,2,4,"other_plant"
2021,3,7,1,2,5,"other_litter"
2021,3,7,1,3,1,"bare_ground"
2021,3,7,1,3,2,"other_plant"
2021,3,7,1,3,3,"other_plant"
2021,3,7,1,3,4,"other_plant"
2021,3,7,1,3,5,"other_plant"
2021,3,7,1,4,1,"bare_ground"
2021,3,7,1,4,2,"other_litter"
2021,3,7,1,4,3,"other_plant"
2021,3,7,1,4,4,"other_litter"
2021,3,7,1,4,5,"other_plant"
2021,3,7,1,5,1,"other_litter"
2021,3,7,1,5,2,"bare_ground"
2021,3,7,1,5,3,"other_plant"
2021,3,7,1,5,4,"other_plant"
2021,3,7,1,5,5,"other_plant"
2021,3,7,2,1,1,"other_litter"
2021,3,7,2,1,2,"other_plant"
2021,3,7,2,1,3,"other_litter"
2021,3,7,2,1,4,"other_litter"
2021,3,7,2,1,5,"other_litter"
2021,3,7,2,2,1,"bare_ground"
2021,3,7,2,2,2,"other_litter"
2021,3,7,2,2,3,"other_litter"
2021,3,7,2,2,4,"other_litter"
2021,3,7,2,2,5,"other_plant"
2021,3,7,2,3,1,"other_plant"
2021,3,7,2,3,2,"other_plant"
2021,3,7,2,3,3,"other_plant"
2021,3,7,2,3,4,"other_plant"
2021,3,7,2,3,5,"other_litter"
2021,3,7,2,4,1,"other_plant"
2021,3,7,2,4,2,"other_plant"
2021,3,7,2,4,3,"bare_ground"
2021,3,7,2,4,4,"other_plant"
2021,3,7,2,4,5,"other_litter"
2021,3,7,2,5,1,"other_plant"
2021,3,7,2,5,2,"other_plant"
2021,3,7,2,5,3,"other_litter"
2021,3,7,2,5,4,"other_plant"
2021,3,7,2,5,5,"other_plant"
2021,3,7,3,1,1,"cheatgrass_plant"
2021,3,7,3,1,2,"other_litter"
2021,3,7,3,1,3,"other_plant"
2021,3,7,3,1,4,"other_litter"
2021,3,7,3,1,5,"other_litter"
2021,3,7,3,2,1,"other_litter"
2021,3,7,3,2,2,"other_litter"
2021,3,7,3,2,3,"other_plant"
2021,3,7,3,2,4,"other_litter"
2021,3,7,3,2,5,"other_litter"
2021,3,7,3,3,1,"bare_ground"
2021,3,7,3,3,2,"other_litter"
2021,3,7,3,3,3,"other_litter"
2021,3,7,3,3,4,"bare_ground"
2021,3,7,3,3,5,"other_plant"
2021,3,7,3,4,1,"cheatgrass_plant"
2021,3,7,3,4,2,"other_litter"
2021,3,7,3,4,3,"bare_ground"
2021,3,7,3,4,4,"bare_ground"
2021,3,7,3,4,5,"other_litter"
2021,3,7,3,5,1,"bare_ground"
2021,3,7,3,5,2,"bare_ground"
2021,3,7,3,5,3,"bare_ground"
2021,3,7,3,5,4,"bare_ground"
2021,3,7,3,5,5,"cheatgrass_plant"
2021,3,7,4,1,1,"bare_ground"
2021,3,7,4,1,2,"cheatgrass_plant"
2021,3,7,4,1,3,"other_plant"
2021,3,7,4,1,4,"bare_ground"
2021,3,7,4,1,5,"cheatgrass_plant"
2021,3,7,4,2,1,"bare_ground"
2021,3,7,4,2,2,"cheatgrass_plant"
2021,3,7,4,2,3,"cheatgrass_plant"
2021,3,7,4,2,4,"other_plant"
2021,3,7,4,2,5,"bare_ground"
2021,3,7,4,3,1,"bare_ground"
2021,3,7,4,3,2,"other_litter"
2021,3,7,4,3,3,"bare_ground"
2021,3,7,4,3,4,"other_litter"
2021,3,7,4,3,5,"other_plant"
2021,3,7,4,4,1,"cheatgrass_plant"
2021,3,7,4,4,2,"bare_ground"
2021,3,7,4,4,3,"bare_ground"
2021,3,7,4,4,4,"bare_ground"
2021,3,7,4,4,5,"bare_ground"
2021,3,7,4,5,1,"other_plant"
2021,3,7,4,5,2,"other_plant"
2021,3,7,4,5,3,"other_plant"
2021,3,7,4,5,4,"other_litter"
2021,3,7,4,5,5,"bare_ground"
2021,3,7,5,1,1,"other_litter"
2021,3,7,5,1,2,"bare_ground"
2021,3,7,5,1,3,"bare_ground"
2021,3,7,5,1,4,"other_plant"
2021,3,7,5,1,5,"other_litter"
2021,3,7,5,2,1,"bare_ground"
2021,3,7,5,2,2,"bare_ground"
2021,3,7,5,2,3,"other_litter"
2021,3,7,5,2,4,"other_litter"
2021,3,7,5,2,5,"other_plant"
2021,3,7,5,3,1,"other_plant"
2021,3,7,5,3,2,"bare_ground"
2021,3,7,5,3,3,"other_plant"
2021,3,7,5,3,4,"other_plant"
2021,3,7,5,3,5,"other_plant"
2021,3,7,5,4,1,"other_plant"
2021,3,7,5,4,2,"other_litter"
2021,3,7,5,4,3,"other_plant"
2021,3,7,5,4,4,"other_plant"
2021,3,7,5,4,5,"other_plant"
2021,3,7,5,5,1,"bare_ground"
2021,3,7,5,5,2,"other_litter"
2021,3,7,5,5,3,"other_litter"
2021,3,7,5,5,4,"bare_ground"
2021,3,7,5,5,5,"other_litter"
2021,3,8,1,1,1,"other_plant"
2021,3,8,1,1,2,"other_litter"
2021,3,8,1,1,3,"other_plant"
2021,3,8,1,1,4,"bare_ground"
2021,3,8,1,1,5,"bare_ground"
2021,3,8,1,2,1,"other_plant"
2021,3,8,1,2,2,"other_litter"
2021,3,8,1,2,3,"other_plant"
2021,3,8,1,2,4,"bare_ground"
2021,3,8,1,2,5,"bare_ground"
2021,3,8,1,3,1,"other_plant"
2021,3,8,1,3,2,"other_plant"
2021,3,8,1,3,3,"other_plant"
2021,3,8,1,3,4,"bare_ground"
2021,3,8,1,3,5,"bare_ground"
2021,3,8,1,4,1,"other_plant"
2021,3,8,1,4,2,"other_plant"
2021,3,8,1,4,3,"other_plant"
2021,3,8,1,4,4,"other_plant"
2021,3,8,1,4,5,"other_plant"
2021,3,8,1,5,1,"other_plant"
2021,3,8,1,5,2,"bare_ground"
2021,3,8,1,5,3,"other_plant"
2021,3,8,1,5,4,"other_plant"
2021,3,8,1,5,5,"other_plant"
2021,3,8,2,1,1,"other_plant"
2021,3,8,2,1,2,"other_plant"
2021,3,8,2,1,3,"other_litter"
2021,3,8,2,1,4,"other_litter"
2021,3,8,2,1,5,"other_plant"
2021,3,8,2,2,1,"other_plant"
2021,3,8,2,2,2,"other_plant"
2021,3,8,2,2,3,"other_plant"
2021,3,8,2,2,4,"other_plant"
2021,3,8,2,2,5,"other_plant"
2021,3,8,2,3,1,"other_plant"
2021,3,8,2,3,2,"other_litter"
2021,3,8,2,3,3,"other_plant"
2021,3,8,2,3,4,"other_plant"
2021,3,8,2,3,5,"other_plant"
2021,3,8,2,4,1,"other_plant"
2021,3,8,2,4,2,"other_plant"
2021,3,8,2,4,3,"other_litter"
2021,3,8,2,4,4,"other_litter"
2021,3,8,2,4,5,"other_litter"
2021,3,8,2,5,1,"other_plant"
2021,3,8,2,5,2,"other_litter"
2021,3,8,2,5,3,"other_litter"
2021,3,8,2,5,4,"other_plant"
2021,3,8,2,5,5,"other_plant"
2021,3,8,3,1,1,"other_plant"
2021,3,8,3,1,2,"other_plant"
2021,3,8,3,1,3,"other_litter"
2021,3,8,3,1,4,"other_litter"
2021,3,8,3,1,5,"other_plant"
2021,3,8,3,2,1,"other_plant"
2021,3,8,3,2,2,"other_litter"
2021,3,8,3,2,3,"other_litter"
2021,3,8,3,2,4,"other_litter"
2021,3,8,3,2,5,"other_plant"
2021,3,8,3,3,1,"other_plant"
2021,3,8,3,3,2,"other_litter"
2021,3,8,3,3,3,"other_plant"
2021,3,8,3,3,4,"other_plant"
2021,3,8,3,3,5,"other_plant"
2021,3,8,3,4,1,"other_litter"
2021,3,8,3,4,2,"other_litter"
2021,3,8,3,4,3,"other_litter"
2021,3,8,3,4,4,"other_litter"
2021,3,8,3,4,5,"other_plant"
2021,3,8,3,5,1,"other_litter"
2021,3,8,3,5,2,"other_litter"
2021,3,8,3,5,3,"bare_ground"
2021,3,8,3,5,4,"other_litter"
2021,3,8,3,5,5,"other_litter"
2021,3,8,4,1,1,"other_plant"
2021,3,8,4,1,2,"other_plant"
2021,3,8,4,1,3,"other_plant"
2021,3,8,4,1,4,"other_litter"
2021,3,8,4,1,5,"other_plant"
2021,3,8,4,2,1,"other_plant"
2021,3,8,4,2,2,"other_plant"
2021,3,8,4,2,3,"other_plant"
2021,3,8,4,2,4,"other_plant"
2021,3,8,4,2,5,"other_litter"
2021,3,8,4,3,1,"other_plant"
2021,3,8,4,3,2,"other_plant"
2021,3,8,4,3,3,"other_plant"
2021,3,8,4,3,4,"other_plant"
2021,3,8,4,3,5,"other_plant"
2021,3,8,4,4,1,"other_plant"
2021,3,8,4,4,2,"other_litter"
2021,3,8,4,4,3,"other_plant"
2021,3,8,4,4,4,"other_litter"
2021,3,8,4,4,5,"other_plant"
2021,3,8,4,5,1,"other_plant"
2021,3,8,4,5,2,"other_litter"
2021,3,8,4,5,3,"other_plant"
2021,3,8,4,5,4,"other_litter"
2021,3,8,4,5,5,"other_plant"
2021,3,8,5,1,1,"other_plant"
2021,3,8,5,1,2,"other_litter"
2021,3,8,5,1,3,"bare_ground"
2021,3,8,5,1,4,"bare_ground"
2021,3,8,5,1,5,"other_litter"
2021,3,8,5,2,1,"other_plant"
2021,3,8,5,2,2,"other_litter"
2021,3,8,5,2,3,"other_plant"
2021,3,8,5,2,4,"other_plant"
2021,3,8,5,2,5,"other_plant"
2021,3,8,5,3,1,"other_litter"
2021,3,8,5,3,2,"other_plant"
2021,3,8,5,3,3,"bare_ground"
2021,3,8,5,3,4,"other_plant"
2021,3,8,5,3,5,"other_plant"
2021,3,8,5,4,1,"other_litter"
2021,3,8,5,4,2,"other_plant"
2021,3,8,5,4,3,"other_plant"
2021,3,8,5,4,4,"other_plant"
2021,3,8,5,4,5,"other_plant"
2021,3,8,5,5,1,"other_plant"
2021,3,8,5,5,2,"other_plant"
2021,3,8,5,5,3,"other_litter"
2021,3,8,5,5,4,"other_litter"
2021,3,8,5,5,5,"other_litter"
2021,4,1,1,1,1,"other_plant"
2021,4,1,1,1,2,"other_plant"
2021,4,1,1,1,3,"other_litter"
2021,4,1,1,1,4,"bare_ground"
2021,4,1,1,1,5,"other_plant"
2021,4,1,1,2,1,"other_plant"
2021,4,1,1,2,2,"other_litter"
2021,4,1,1,2,3,"bare_ground"
2021,4,1,1,2,4,"other_litter"
2021,4,1,1,2,5,"bare_ground"
2021,4,1,1,3,1,"bare_ground"
2021,4,1,1,3,2,"bare_ground"
2021,4,1,1,3,3,"other_litter"
2021,4,1,1,3,4,"other_plant"
2021,4,1,1,3,5,"other_plant"
2021,4,1,1,4,1,"bare_ground"
2021,4,1,1,4,2,"other_litter"
2021,4,1,1,4,3,"other_plant"
2021,4,1,1,4,4,"other_plant"
2021,4,1,1,4,5,"other_plant"
2021,4,1,1,5,1,"other_plant"
2021,4,1,1,5,2,"other_plant"
2021,4,1,1,5,3,"other_plant"
2021,4,1,1,5,4,"other_plant"
2021,4,1,1,5,5,"other_plant"
2021,4,1,2,1,1,"other_litter"
2021,4,1,2,1,2,"other_litter"
2021,4,1,2,1,3,"other_litter"
2021,4,1,2,1,4,"other_litter"
2021,4,1,2,1,5,"other_litter"
2021,4,1,2,2,1,"other_plant"
2021,4,1,2,2,2,"other_plant"
2021,4,1,2,2,3,"other_litter"
2021,4,1,2,2,4,"other_plant"
2021,4,1,2,2,5,"other_litter"
2021,4,1,2,3,1,"other_plant"
2021,4,1,2,3,2,"other_plant"
2021,4,1,2,3,3,"bare_ground"
2021,4,1,2,3,4,"other_litter"
2021,4,1,2,3,5,"other_plant"
2021,4,1,2,4,1,"other_plant"
2021,4,1,2,4,2,"other_litter"
2021,4,1,2,4,3,"other_litter"
2021,4,1,2,4,4,"other_litter"
2021,4,1,2,4,5,"other_plant"
2021,4,1,2,5,1,"other_plant"
2021,4,1,2,5,2,"other_litter"
2021,4,1,2,5,3,"other_litter"
2021,4,1,2,5,4,"other_litter"
2021,4,1,2,5,5,"bare_ground"
2021,4,1,3,1,1,"other_plant"
2021,4,1,3,1,2,"other_litter"
2021,4,1,3,1,3,"other_plant"
2021,4,1,3,1,4,"other_plant"
2021,4,1,3,1,5,"other_plant"
2021,4,1,3,2,1,"other_plant"
2021,4,1,3,2,2,"other_litter"
2021,4,1,3,2,3,"other_litter"
2021,4,1,3,2,4,"bare_ground"
2021,4,1,3,2,5,"other_plant"
2021,4,1,3,3,1,"other_plant"
2021,4,1,3,3,2,"other_plant"
2021,4,1,3,3,3,"other_litter"
2021,4,1,3,3,4,"other_plant"
2021,4,1,3,3,5,"other_plant"
2021,4,1,3,4,1,"other_litter"
2021,4,1,3,4,2,"other_plant"
2021,4,1,3,4,3,"other_plant"
2021,4,1,3,4,4,"other_litter"
2021,4,1,3,4,5,"other_plant"
2021,4,1,3,5,1,"other_plant"
2021,4,1,3,5,2,"other_plant"
2021,4,1,3,5,3,"bare_ground"
2021,4,1,3,5,4,"bare_ground"
2021,4,1,3,5,5,"bare_ground"
2021,4,1,4,1,1,"other_litter"
2021,4,1,4,1,2,"other_litter"
2021,4,1,4,1,3,"other_litter"
2021,4,1,4,1,4,"other_plant"
2021,4,1,4,1,5,"other_plant"
2021,4,1,4,2,1,"other_litter"
2021,4,1,4,2,2,"other_litter"
2021,4,1,4,2,3,"other_plant"
2021,4,1,4,2,4,"other_plant"
2021,4,1,4,2,5,"other_plant"
2021,4,1,4,3,1,"other_plant"
2021,4,1,4,3,2,"other_litter"
2021,4,1,4,3,3,"other_plant"
2021,4,1,4,3,4,"other_plant"
2021,4,1,4,3,5,"other_plant"
2021,4,1,4,4,1,"other_litter"
2021,4,1,4,4,2,"other_plant"
2021,4,1,4,4,3,"other_plant"
2021,4,1,4,4,4,"other_plant"
2021,4,1,4,4,5,"other_plant"
2021,4,1,4,5,1,"other_plant"
2021,4,1,4,5,2,"other_plant"
2021,4,1,4,5,3,"other_plant"
2021,4,1,4,5,4,"other_plant"
2021,4,1,4,5,5,"other_litter"
2021,4,1,5,1,1,"other_litter"
2021,4,1,5,1,2,"other_litter"
2021,4,1,5,1,3,"bare_ground"
2021,4,1,5,1,4,"other_plant"
2021,4,1,5,1,5,"other_plant"
2021,4,1,5,2,1,"bare_ground"
2021,4,1,5,2,2,"bare_ground"
2021,4,1,5,2,3,"bare_ground"
2021,4,1,5,2,4,"other_plant"
2021,4,1,5,2,5,"other_plant"
2021,4,1,5,3,1,"bare_ground"
2021,4,1,5,3,2,"bare_ground"
2021,4,1,5,3,3,"bare_ground"
2021,4,1,5,3,4,"bare_ground"
2021,4,1,5,3,5,"other_plant"
2021,4,1,5,4,1,"bare_ground"
2021,4,1,5,4,2,"bare_ground"
2021,4,1,5,4,3,"bare_ground"
2021,4,1,5,4,4,"bare_ground"
2021,4,1,5,4,5,"other_plant"
2021,4,1,5,5,1,"bare_ground"
2021,4,1,5,5,2,"bare_ground"
2021,4,1,5,5,3,"bare_ground"
2021,4,1,5,5,4,"bare_ground"
2021,4,1,5,5,5,"other_litter"
2021,4,2,1,1,1,"other_litter"
2021,4,2,1,1,2,"other_litter"
2021,4,2,1,1,3,"other_litter"
2021,4,2,1,1,4,"other_litter"
2021,4,2,1,1,5,"other_litter"
2021,4,2,1,2,1,"other_litter"
2021,4,2,1,2,2,"other_litter"
2021,4,2,1,2,3,"other_litter"
2021,4,2,1,2,4,"other_litter"
2021,4,2,1,2,5,"other_litter"
2021,4,2,1,3,1,"other_litter"
2021,4,2,1,3,2,"other_litter"
2021,4,2,1,3,3,"other_litter"
2021,4,2,1,3,4,"other_litter"
2021,4,2,1,3,5,"other_litter"
2021,4,2,1,4,1,"other_litter"
2021,4,2,1,4,2,"other_litter"
2021,4,2,1,4,3,"other_litter"
2021,4,2,1,4,4,"other_litter"
2021,4,2,1,4,5,"other_litter"
2021,4,2,1,5,1,"other_litter"
2021,4,2,1,5,2,"other_litter"
2021,4,2,1,5,3,"other_litter"
2021,4,2,1,5,4,"other_litter"
2021,4,2,1,5,5,"other_litter"
2021,4,2,2,1,1,"other_litter"
2021,4,2,2,1,2,"other_litter"
2021,4,2,2,1,3,"other_litter"
2021,4,2,2,1,4,"bare_ground"
2021,4,2,2,1,5,"other_plant"
2021,4,2,2,2,1,"other_plant"
2021,4,2,2,2,2,"other_plant"
2021,4,2,2,2,3,"bare_ground"
2021,4,2,2,2,4,"other_litter"
2021,4,2,2,2,5,"other_plant"
2021,4,2,2,3,1,"other_litter"
2021,4,2,2,3,2,"bare_ground"
2021,4,2,2,3,3,"other_litter"
2021,4,2,2,3,4,"other_plant"
2021,4,2,2,3,5,"other_litter"
2021,4,2,2,4,1,"bare_ground"
2021,4,2,2,4,2,"other_plant"
2021,4,2,2,4,3,"bare_ground"
2021,4,2,2,4,4,"bare_ground"
2021,4,2,2,4,5,"other_litter"
2021,4,2,2,5,1,"other_plant"
2021,4,2,2,5,2,"other_plant"
2021,4,2,2,5,3,"other_plant"
2021,4,2,2,5,4,"bare_ground"
2021,4,2,2,5,5,"other_plant"
2021,4,2,3,1,1,"other_plant"
2021,4,2,3,1,2,"bare_ground"
2021,4,2,3,1,3,"bare_ground"
2021,4,2,3,1,4,"cheatgrass_plant"
2021,4,2,3,1,5,"other_plant"
2021,4,2,3,2,1,"other_plant"
2021,4,2,3,2,2,"other_litter"
2021,4,2,3,2,3,"other_litter"
2021,4,2,3,2,4,"other_plant"
2021,4,2,3,2,5,"bare_ground"
2021,4,2,3,3,1,"other_litter"
2021,4,2,3,3,2,"other_litter"
2021,4,2,3,3,3,"bare_ground"
2021,4,2,3,3,4,"other_litter"
2021,4,2,3,3,5,"other_litter"
2021,4,2,3,4,1,"other_litter"
2021,4,2,3,4,2,"other_plant"
2021,4,2,3,4,3,"other_litter"
2021,4,2,3,4,4,"bare_ground"
2021,4,2,3,4,5,"bare_ground"
2021,4,2,3,5,1,"other_litter"
2021,4,2,3,5,2,"other_litter"
2021,4,2,3,5,3,"other_plant"
2021,4,2,3,5,4,"bare_ground"
2021,4,2,3,5,5,"bare_ground"
2021,4,2,4,1,1,"bare_ground"
2021,4,2,4,1,2,"other_plant"
2021,4,2,4,1,3,"other_litter"
2021,4,2,4,1,4,"bare_ground"
2021,4,2,4,1,5,"other_litter"
2021,4,2,4,2,1,"other_litter"
2021,4,2,4,2,2,"other_litter"
2021,4,2,4,2,3,"other_plant"
2021,4,2,4,2,4,"other_plant"
2021,4,2,4,2,5,"other_plant"
2021,4,2,4,3,1,"other_litter"
2021,4,2,4,3,2,"other_plant"
2021,4,2,4,3,3,"other_plant"
2021,4,2,4,3,4,"other_plant"
2021,4,2,4,3,5,"other_litter"
2021,4,2,4,4,1,"other_litter"
2021,4,2,4,4,2,"other_plant"
2021,4,2,4,4,3,"other_plant"
2021,4,2,4,4,4,"other_plant"
2021,4,2,4,4,5,"other_litter"
2021,4,2,4,5,1,"bare_ground"
2021,4,2,4,5,2,"bare_ground"
2021,4,2,4,5,3,"other_plant"
2021,4,2,4,5,4,"other_plant"
2021,4,2,4,5,5,"bare_ground"
2021,4,2,5,1,1,"other_litter"
2021,4,2,5,1,2,"other_litter"
2021,4,2,5,1,3,"other_litter"
2021,4,2,5,1,4,"bare_ground"
2021,4,2,5,1,5,"other_litter"
2021,4,2,5,2,1,"bare_ground"
2021,4,2,5,2,2,"other_litter"
2021,4,2,5,2,3,"bare_ground"
2021,4,2,5,2,4,"other_litter"
2021,4,2,5,2,5,"other_litter"
2021,4,2,5,3,1,"other_litter"
2021,4,2,5,3,2,"other_litter"
2021,4,2,5,3,3,"other_plant"
2021,4,2,5,3,4,"other_litter"
2021,4,2,5,3,5,"other_litter"
2021,4,2,5,4,1,"bare_ground"
2021,4,2,5,4,2,"other_plant"
2021,4,2,5,4,3,"other_plant"
2021,4,2,5,4,4,"other_plant"
2021,4,2,5,4,5,"other_plant"
2021,4,2,5,5,1,"other_plant"
2021,4,2,5,5,2,"other_plant"
2021,4,2,5,5,3,"other_plant"
2021,4,2,5,5,4,"other_plant"
2021,4,2,5,5,5,"other_plant"
2021,4,3,1,1,1,"other_plant"
2021,4,3,1,1,2,"other_plant"
2021,4,3,1,1,3,"bare_ground"
2021,4,3,1,1,4,"bare_ground"
2021,4,3,1,1,5,"bare_ground"
2021,4,3,1,2,1,"other_litter"
2021,4,3,1,2,2,"other_plant"
2021,4,3,1,2,3,"bare_ground"
2021,4,3,1,2,4,"bare_ground"
2021,4,3,1,2,5,"bare_ground"
2021,4,3,1,3,1,"bare_ground"
2021,4,3,1,3,2,"other_litter"
2021,4,3,1,3,3,"other_plant"
2021,4,3,1,3,4,"other_plant"
2021,4,3,1,3,5,"other_plant"
2021,4,3,1,4,1,"other_litter"
2021,4,3,1,4,2,"other_plant"
2021,4,3,1,4,3,"other_litter"
2021,4,3,1,4,4,"bare_ground"
2021,4,3,1,4,5,"bare_ground"
2021,4,3,1,5,1,"other_plant"
2021,4,3,1,5,2,"other_plant"
2021,4,3,1,5,3,"other_plant"
2021,4,3,1,5,4,"bare_ground"
2021,4,3,1,5,5,"bare_ground"
2021,4,3,2,1,1,"bare_ground"
2021,4,3,2,1,2,"other_plant"
2021,4,3,2,1,3,"bare_ground"
2021,4,3,2,1,4,"other_plant"
2021,4,3,2,1,5,"other_plant"
2021,4,3,2,2,1,"other_plant"
2021,4,3,2,2,2,"other_plant"
2021,4,3,2,2,3,"bare_ground"
2021,4,3,2,2,4,"bare_ground"
2021,4,3,2,2,5,"other_plant"
2021,4,3,2,3,1,"other_plant"
2021,4,3,2,3,2,"other_litter"
2021,4,3,2,3,3,"other_plant"
2021,4,3,2,3,4,"bare_ground"
2021,4,3,2,3,5,"other_litter"
2021,4,3,2,4,1,"other_litter"
2021,4,3,2,4,2,"other_plant"
2021,4,3,2,4,3,"other_litter"
2021,4,3,2,4,4,"other_litter"
2021,4,3,2,4,5,"other_plant"
2021,4,3,2,5,1,"other_plant"
2021,4,3,2,5,2,"other_plant"
2021,4,3,2,5,3,"other_plant"
2021,4,3,2,5,4,"bare_ground"
2021,4,3,2,5,5,"bare_ground"
2021,4,3,3,1,1,"bare_ground"
2021,4,3,3,1,2,"other_litter"
2021,4,3,3,1,3,"other_plant"
2021,4,3,3,1,4,"other_litter"
2021,4,3,3,1,5,"other_litter"
2021,4,3,3,2,1,"bare_ground"
2021,4,3,3,2,2,"other_litter"
2021,4,3,3,2,3,"other_plant"
2021,4,3,3,2,4,"other_plant"
2021,4,3,3,2,5,"bare_ground"
2021,4,3,3,3,1,"bare_ground"
2021,4,3,3,3,2,"other_plant"
2021,4,3,3,3,3,"other_plant"
2021,4,3,3,3,4,"other_plant"
2021,4,3,3,3,5,"other_plant"
2021,4,3,3,4,1,"other_plant"
2021,4,3,3,4,2,"other_plant"
2021,4,3,3,4,3,"bare_ground"
2021,4,3,3,4,4,"other_litter"
2021,4,3,3,4,5,"other_plant"
2021,4,3,3,5,1,"other_plant"
2021,4,3,3,5,2,"other_litter"
2021,4,3,3,5,3,"other_plant"
2021,4,3,3,5,4,"other_litter"
2021,4,3,3,5,5,"other_litter"
2021,4,3,4,1,1,"other_plant"
2021,4,3,4,1,2,"other_plant"
2021,4,3,4,1,3,"other_plant"
2021,4,3,4,1,4,"other_plant"
2021,4,3,4,1,5,"bare_ground"
2021,4,3,4,2,1,"other_plant"
2021,4,3,4,2,2,"bare_ground"
2021,4,3,4,2,3,"other_litter"
2021,4,3,4,2,4,"other_plant"
2021,4,3,4,2,5,"bare_ground"
2021,4,3,4,3,1,"other_litter"
2021,4,3,4,3,2,"bare_ground"
2021,4,3,4,3,3,"bare_ground"
2021,4,3,4,3,4,"other_plant"
2021,4,3,4,3,5,"other_plant"
2021,4,3,4,4,1,"other_litter"
2021,4,3,4,4,2,"bare_ground"
2021,4,3,4,4,3,"bare_ground"
2021,4,3,4,4,4,"other_plant"
2021,4,3,4,4,5,"other_litter"
2021,4,3,4,5,1,"other_litter"
2021,4,3,4,5,2,"other_plant"
2021,4,3,4,5,3,"bare_ground"
2021,4,3,4,5,4,"bare_ground"
2021,4,3,4,5,5,"other_plant"
2021,4,3,5,1,1,"bare_ground"
2021,4,3,5,1,2,"other_litter"
2021,4,3,5,1,3,"other_litter"
2021,4,3,5,1,4,"bare_ground"
2021,4,3,5,1,5,"other_litter"
2021,4,3,5,2,1,"other_litter"
2021,4,3,5,2,2,"bare_ground"
2021,4,3,5,2,3,"other_plant"
2021,4,3,5,2,4,"other_plant"
2021,4,3,5,2,5,"other_plant"
2021,4,3,5,3,1,"other_litter"
2021,4,3,5,3,2,"other_litter"
2021,4,3,5,3,3,"other_plant"
2021,4,3,5,3,4,"bare_ground"
2021,4,3,5,3,5,"bare_ground"
2021,4,3,5,4,1,"bare_ground"
2021,4,3,5,4,2,"bare_ground"
2021,4,3,5,4,3,"other_plant"
2021,4,3,5,4,4,"bare_ground"
2021,4,3,5,4,5,"bare_ground"
2021,4,3,5,5,1,"other_plant"
2021,4,3,5,5,2,"other_litter"
2021,4,3,5,5,3,"other_litter"
2021,4,3,5,5,4,"bare_ground"
2021,4,3,5,5,5,"other_plant"
2021,4,4,1,1,1,"other_litter"
2021,4,4,1,1,2,"bare_ground"
2021,4,4,1,1,3,"bare_ground"
2021,4,4,1,1,4,"other_plant"
2021,4,4,1,1,5,"other_plant"
2021,4,4,1,2,1,"other_plant"
2021,4,4,1,2,2,"other_plant"
2021,4,4,1,2,3,"other_plant"
2021,4,4,1,2,4,"other_plant"
2021,4,4,1,2,5,"bare_ground"
2021,4,4,1,3,1,"other_plant"
2021,4,4,1,3,2,"other_plant"
2021,4,4,1,3,3,"other_litter"
2021,4,4,1,3,4,"other_plant"
2021,4,4,1,3,5,"other_litter"
2021,4,4,1,4,1,"bare_ground"
2021,4,4,1,4,2,"bare_ground"
2021,4,4,1,4,3,"other_plant"
2021,4,4,1,4,4,"bare_ground"
2021,4,4,1,4,5,"other_litter"
2021,4,4,1,5,1,"other_plant"
2021,4,4,1,5,2,"other_plant"
2021,4,4,1,5,3,"bare_ground"
2021,4,4,1,5,4,"bare_ground"
2021,4,4,1,5,5,"other_litter"
2021,4,4,2,1,1,"other_plant"
2021,4,4,2,1,2,"other_plant"
2021,4,4,2,1,3,"bare_ground"
2021,4,4,2,1,4,"bare_ground"
2021,4,4,2,1,5,"bare_ground"
2021,4,4,2,2,1,"other_litter"
2021,4,4,2,2,2,"bare_ground"
2021,4,4,2,2,3,"bare_ground"
2021,4,4,2,2,4,"bare_ground"
2021,4,4,2,2,5,"bare_ground"
2021,4,4,2,3,1,"other_plant"
2021,4,4,2,3,2,"other_litter"
2021,4,4,2,3,3,"bare_ground"
2021,4,4,2,3,4,"bare_ground"
2021,4,4,2,3,5,"bare_ground"
2021,4,4,2,4,1,"bare_ground"
2021,4,4,2,4,2,"other_litter"
2021,4,4,2,4,3,"other_plant"
2021,4,4,2,4,4,"other_plant"
2021,4,4,2,4,5,"bare_ground"
2021,4,4,2,5,1,"other_plant"
2021,4,4,2,5,2,"other_litter"
2021,4,4,2,5,3,"other_plant"
2021,4,4,2,5,4,"bare_ground"
2021,4,4,2,5,5,"other_plant"
2021,4,4,3,1,1,"other_litter"
2021,4,4,3,1,2,"other_plant"
2021,4,4,3,1,3,"bare_ground"
2021,4,4,3,1,4,"other_plant"
2021,4,4,3,1,5,"bare_ground"
2021,4,4,3,2,1,"other_plant"
2021,4,4,3,2,2,"bare_ground"
2021,4,4,3,2,3,"bare_ground"
2021,4,4,3,2,4,"bare_ground"
2021,4,4,3,2,5,"other_litter"
2021,4,4,3,3,1,"bare_ground"
2021,4,4,3,3,2,"bare_ground"
2021,4,4,3,3,3,"bare_ground"
2021,4,4,3,3,4,"bare_ground"
2021,4,4,3,3,5,"bare_ground"
2021,4,4,3,4,1,"bare_ground"
2021,4,4,3,4,2,"bare_ground"
2021,4,4,3,4,3,"bare_ground"
2021,4,4,3,4,4,"bare_ground"
2021,4,4,3,4,5,"other_plant"
2021,4,4,3,5,1,"bare_ground"
2021,4,4,3,5,2,"other_litter"
2021,4,4,3,5,3,"other_litter"
2021,4,4,3,5,4,"other_litter"
2021,4,4,3,5,5,"other_litter"
2021,4,4,4,1,1,"other_plant"
2021,4,4,4,1,2,"other_litter"
2021,4,4,4,1,3,"other_plant"
2021,4,4,4,1,4,"other_plant"
2021,4,4,4,1,5,"other_plant"
2021,4,4,4,2,1,"other_plant"
2021,4,4,4,2,2,"other_plant"
2021,4,4,4,2,3,"other_litter"
2021,4,4,4,2,4,"other_plant"
2021,4,4,4,2,5,"other_plant"
2021,4,4,4,3,1,"other_litter"
2021,4,4,4,3,2,"other_plant"
2021,4,4,4,3,3,"other_plant"
2021,4,4,4,3,4,"other_plant"
2021,4,4,4,3,5,"other_plant"
2021,4,4,4,4,1,"other_plant"
2021,4,4,4,4,2,"bare_ground"
2021,4,4,4,4,3,"other_plant"
2021,4,4,4,4,4,"bare_ground"
2021,4,4,4,4,5,"other_plant"
2021,4,4,4,5,1,"other_plant"
2021,4,4,4,5,2,"other_plant"
2021,4,4,4,5,3,"other_plant"
2021,4,4,4,5,4,"other_litter"
2021,4,4,4,5,5,"other_plant"
2021,4,4,5,1,1,"other_litter"
2021,4,4,5,1,2,"bare_ground"
2021,4,4,5,1,3,"bare_ground"
2021,4,4,5,1,4,"other_plant"
2021,4,4,5,1,5,"other_litter"
2021,4,4,5,2,1,"bare_ground"
2021,4,4,5,2,2,"other_plant"
2021,4,4,5,2,3,"other_litter"
2021,4,4,5,2,4,"bare_ground"
2021,4,4,5,2,5,"other_litter"
2021,4,4,5,3,1,"other_litter"
2021,4,4,5,3,2,"other_plant"
2021,4,4,5,3,3,"other_plant"
2021,4,4,5,3,4,"other_litter"
2021,4,4,5,3,5,"other_litter"
2021,4,4,5,4,1,"other_litter"
2021,4,4,5,4,2,"other_plant"
2021,4,4,5,4,3,"other_litter"
2021,4,4,5,4,4,"other_litter"
2021,4,4,5,4,5,"other_litter"
2021,4,4,5,5,1,"bare_ground"
2021,4,4,5,5,2,"other_litter"
2021,4,4,5,5,3,"other_plant"
2021,4,4,5,5,4,"other_plant"
2021,4,4,5,5,5,"other_litter"
2021,4,5,1,1,1,"bare_ground"
2021,4,5,1,1,2,"other_litter"
2021,4,5,1,1,3,"other_plant"
2021,4,5,1,1,4,"other_plant"
2021,4,5,1,1,5,"other_plant"
2021,4,5,1,2,1,"other_plant"
2021,4,5,1,2,2,"bare_ground"
2021,4,5,1,2,3,"bare_ground"
2021,4,5,1,2,4,"other_plant"
2021,4,5,1,2,5,"other_plant"
2021,4,5,1,3,1,"other_plant"
2021,4,5,1,3,2,"bare_ground"
2021,4,5,1,3,3,"bare_ground"
2021,4,5,1,3,4,"other_plant"
2021,4,5,1,3,5,"other_plant"
2021,4,5,1,4,1,"bare_ground"
2021,4,5,1,4,2,"other_plant"
2021,4,5,1,4,3,"other_litter"
2021,4,5,1,4,4,"other_plant"
2021,4,5,1,4,5,"bare_ground"
2021,4,5,1,5,1,"other_plant"
2021,4,5,1,5,2,"other_plant"
2021,4,5,1,5,3,"cheatgrass_plant"
2021,4,5,1,5,4,"other_litter"
2021,4,5,1,5,5,"other_litter"
2021,4,5,2,1,1,"bare_ground"
2021,4,5,2,1,2,"bare_ground"
2021,4,5,2,1,3,"bare_ground"
2021,4,5,2,1,4,"bare_ground"
2021,4,5,2,1,5,"bare_ground"
2021,4,5,2,2,1,"bare_ground"
2021,4,5,2,2,2,"bare_ground"
2021,4,5,2,2,3,"bare_ground"
2021,4,5,2,2,4,"bare_ground"
2021,4,5,2,2,5,"bare_ground"
2021,4,5,2,3,1,"other_plant"
2021,4,5,2,3,2,"bare_ground"
2021,4,5,2,3,3,"other_plant"
2021,4,5,2,3,4,"bare_ground"
2021,4,5,2,3,5,"other_litter"
2021,4,5,2,4,1,"other_litter"
2021,4,5,2,4,2,"other_plant"
2021,4,5,2,4,3,"other_litter"
2021,4,5,2,4,4,"other_litter"
2021,4,5,2,4,5,"other_plant"
2021,4,5,2,5,1,"other_litter"
2021,4,5,2,5,2,"other_plant"
2021,4,5,2,5,3,"bare_ground"
2021,4,5,2,5,4,"other_litter"
2021,4,5,2,5,5,"bare_ground"
2021,4,5,3,1,1,"other_plant"
2021,4,5,3,1,2,"other_plant"
2021,4,5,3,1,3,"other_plant"
2021,4,5,3,1,4,"other_litter"
2021,4,5,3,1,5,"other_litter"
2021,4,5,3,2,1,"other_plant"
2021,4,5,3,2,2,"cheatgrass_plant"
2021,4,5,3,2,3,"other_plant"
2021,4,5,3,2,4,"other_plant"
2021,4,5,3,2,5,"other_plant"
2021,4,5,3,3,1,"bare_ground"
2021,4,5,3,3,2,"bare_ground"
2021,4,5,3,3,3,"other_plant"
2021,4,5,3,3,4,"other_plant"
2021,4,5,3,3,5,"cheatgrass_plant"
2021,4,5,3,4,1,"bare_ground"
2021,4,5,3,4,2,"bare_ground"
2021,4,5,3,4,3,"bare_ground"
2021,4,5,3,4,4,"bare_ground"
2021,4,5,3,4,5,"other_litter"
2021,4,5,3,5,1,"other_litter"
2021,4,5,3,5,2,"other_litter"
2021,4,5,3,5,3,"other_plant"
2021,4,5,3,5,4,"other_litter"
2021,4,5,3,5,5,"other_litter"
2021,4,5,4,1,1,"other_litter"
2021,4,5,4,1,2,"other_plant"
2021,4,5,4,1,3,"bare_ground"
2021,4,5,4,1,4,"other_plant"
2021,4,5,4,1,5,"other_litter"
2021,4,5,4,2,1,"bare_ground"
2021,4,5,4,2,2,"bare_ground"
2021,4,5,4,2,3,"bare_ground"
2021,4,5,4,2,4,"other_plant"
2021,4,5,4,2,5,"other_litter"
2021,4,5,4,3,1,"other_plant"
2021,4,5,4,3,2,"other_plant"
2021,4,5,4,3,3,"bare_ground"
2021,4,5,4,3,4,"bare_ground"
2021,4,5,4,3,5,"bare_ground"
2021,4,5,4,4,1,"other_plant"
2021,4,5,4,4,2,"bare_ground"
2021,4,5,4,4,3,"other_plant"
2021,4,5,4,4,4,"other_plant"
2021,4,5,4,4,5,"other_plant"
2021,4,5,4,5,1,"bare_ground"
2021,4,5,4,5,2,"other_litter"
2021,4,5,4,5,3,"other_litter"
2021,4,5,4,5,4,"other_plant"
2021,4,5,4,5,5,"other_plant"
2021,4,5,5,1,1,"other_litter"
2021,4,5,5,1,2,"bare_ground"
2021,4,5,5,1,3,"bare_ground"
2021,4,5,5,1,4,"other_litter"
2021,4,5,5,1,5,"other_litter"
2021,4,5,5,2,1,"other_plant"
2021,4,5,5,2,2,"cheatgrass_plant"
2021,4,5,5,2,3,"other_litter"
2021,4,5,5,2,4,"other_litter"
2021,4,5,5,2,5,"bare_ground"
2021,4,5,5,3,1,"other_plant"
2021,4,5,5,3,2,"cheatgrass_plant"
2021,4,5,5,3,3,"other_litter"
2021,4,5,5,3,4,"other_litter"
2021,4,5,5,3,5,"other_litter"
2021,4,5,5,4,1,"cheatgrass_plant"
2021,4,5,5,4,2,"other_litter"
2021,4,5,5,4,3,"other_plant"
2021,4,5,5,4,4,"other_plant"
2021,4,5,5,4,5,"other_plant"
2021,4,5,5,5,1,"other_litter"
2021,4,5,5,5,2,"other_plant"
2021,4,5,5,5,3,"other_plant"
2021,4,5,5,5,4,"other_plant"
2021,4,5,5,5,5,"other_litter"
2021,4,6,1,1,1,"bare_ground"
2021,4,6,1,1,2,"bare_ground"
2021,4,6,1,1,3,"bare_ground"
2021,4,6,1,1,4,"bare_ground"
2021,4,6,1,1,5,"bare_ground"
2021,4,6,1,2,1,"other_litter"
2021,4,6,1,2,2,"bare_ground"
2021,4,6,1,2,3,"bare_ground"
2021,4,6,1,2,4,"bare_ground"
2021,4,6,1,2,5,"bare_ground"
2021,4,6,1,3,1,"bare_ground"
2021,4,6,1,3,2,"bare_ground"
2021,4,6,1,3,3,"bare_ground"
2021,4,6,1,3,4,"bare_ground"
2021,4,6,1,3,5,"bare_ground"
2021,4,6,1,4,1,"other_litter"
2021,4,6,1,4,2,"bare_ground"
2021,4,6,1,4,3,"other_litter"
2021,4,6,1,4,4,"other_litter"
2021,4,6,1,4,5,"other_litter"
2021,4,6,1,5,1,"bare_ground"
2021,4,6,1,5,2,"bare_ground"
2021,4,6,1,5,3,"other_litter"
2021,4,6,1,5,4,"other_litter"
2021,4,6,1,5,5,"other_litter"
2021,4,6,2,1,1,"other_plant"
2021,4,6,2,1,2,"other_litter"
2021,4,6,2,1,3,"other_litter"
2021,4,6,2,1,4,"other_litter"
2021,4,6,2,1,5,"other_plant"
2021,4,6,2,2,1,"other_plant"
2021,4,6,2,2,2,"other_litter"
2021,4,6,2,2,3,"other_plant"
2021,4,6,2,2,4,"bare_ground"
2021,4,6,2,2,5,"other_plant"
2021,4,6,2,3,1,"other_litter"
2021,4,6,2,3,2,"other_plant"
2021,4,6,2,3,3,"other_litter"
2021,4,6,2,3,4,"bare_ground"
2021,4,6,2,3,5,"bare_ground"
2021,4,6,2,4,1,"other_plant"
2021,4,6,2,4,2,"other_plant"
2021,4,6,2,4,3,"bare_ground"
2021,4,6,2,4,4,"bare_ground"
2021,4,6,2,4,5,"other_plant"
2021,4,6,2,5,1,"other_plant"
2021,4,6,2,5,2,"other_litter"
2021,4,6,2,5,3,"bare_ground"
2021,4,6,2,5,4,"other_litter"
2021,4,6,2,5,5,"other_plant"
2021,4,6,3,1,1,"other_plant"
2021,4,6,3,1,2,"other_plant"
2021,4,6,3,1,3,"other_litter"
2021,4,6,3,1,4,"bare_ground"
2021,4,6,3,1,5,"other_plant"
2021,4,6,3,2,1,"bare_ground"
2021,4,6,3,2,2,"other_plant"
2021,4,6,3,2,3,"other_plant"
2021,4,6,3,2,4,"bare_ground"
2021,4,6,3,2,5,"other_litter"
2021,4,6,3,3,1,"other_plant"
2021,4,6,3,3,2,"other_litter"
2021,4,6,3,3,3,"bare_ground"
2021,4,6,3,3,4,"bare_ground"
2021,4,6,3,3,5,"other_plant"
2021,4,6,3,4,1,"bare_ground"
2021,4,6,3,4,2,"other_litter"
2021,4,6,3,4,3,"other_plant"
2021,4,6,3,4,4,"other_litter"
2021,4,6,3,4,5,"other_plant"
2021,4,6,3,5,1,"bare_ground"
2021,4,6,3,5,2,"bare_ground"
2021,4,6,3,5,3,"bare_ground"
2021,4,6,3,5,4,"other_litter"
2021,4,6,3,5,5,"other_plant"
2021,4,6,4,1,1,"other_plant"
2021,4,6,4,1,2,"other_plant"
2021,4,6,4,1,3,"other_plant"
2021,4,6,4,1,4,"other_plant"
2021,4,6,4,1,5,"bare_ground"
2021,4,6,4,2,1,"cheatgrass_plant"
2021,4,6,4,2,2,"cheatgrass_plant"
2021,4,6,4,2,3,"bare_ground"
2021,4,6,4,2,4,"other_plant"
2021,4,6,4,2,5,"other_plant"
2021,4,6,4,3,1,"other_plant"
2021,4,6,4,3,2,"other_plant"
2021,4,6,4,3,3,"other_plant"
2021,4,6,4,3,4,"bare_ground"
2021,4,6,4,3,5,"bare_ground"
2021,4,6,4,4,1,"other_plant"
2021,4,6,4,4,2,"other_litter"
2021,4,6,4,4,3,"other_plant"
2021,4,6,4,4,4,"other_plant"
2021,4,6,4,4,5,"bare_ground"
2021,4,6,4,5,1,"other_plant"
2021,4,6,4,5,2,"other_plant"
2021,4,6,4,5,3,"other_plant"
2021,4,6,4,5,4,"other_plant"
2021,4,6,4,5,5,"other_plant"
2021,4,6,5,1,1,"other_litter"
2021,4,6,5,1,2,"other_litter"
2021,4,6,5,1,3,"other_litter"
2021,4,6,5,1,4,"other_litter"
2021,4,6,5,1,5,"other_litter"
2021,4,6,5,2,1,"other_litter"
2021,4,6,5,2,2,"other_litter"
2021,4,6,5,2,3,"other_litter"
2021,4,6,5,2,4,"other_litter"
2021,4,6,5,2,5,"other_litter"
2021,4,6,5,3,1,"other_litter"
2021,4,6,5,3,2,"other_litter"
2021,4,6,5,3,3,"other_litter"
2021,4,6,5,3,4,"other_litter"
2021,4,6,5,3,5,"other_litter"
2021,4,6,5,4,1,"other_litter"
2021,4,6,5,4,2,"other_litter"
2021,4,6,5,4,3,"other_litter"
2021,4,6,5,4,4,"other_litter"
2021,4,6,5,4,5,"other_litter"
2021,4,6,5,5,1,"other_litter"
2021,4,6,5,5,2,"other_litter"
2021,4,6,5,5,3,"other_litter"
2021,4,6,5,5,4,"other_litter"
2021,4,6,5,5,5,"other_litter"
2021,4,7,1,1,1,"bare_ground"
2021,4,7,1,1,2,"bare_ground"
2021,4,7,1,1,3,"other_litter"
2021,4,7,1,1,4,"bare_ground"
2021,4,7,1,1,5,"other_plant"
2021,4,7,1,2,1,"other_plant"
2021,4,7,1,2,2,"bare_ground"
2021,4,7,1,2,3,"other_plant"
2021,4,7,1,2,4,"bare_ground"
2021,4,7,1,2,5,"other_plant"
2021,4,7,1,3,1,"other_litter"
2021,4,7,1,3,2,"other_litter"
2021,4,7,1,3,3,"other_plant"
2021,4,7,1,3,4,"other_plant"
2021,4,7,1,3,5,"other_plant"
2021,4,7,1,4,1,"other_litter"
2021,4,7,1,4,2,"other_litter"
2021,4,7,1,4,3,"other_plant"
2021,4,7,1,4,4,"other_plant"
2021,4,7,1,4,5,"other_plant"
2021,4,7,1,5,1,"other_plant"
2021,4,7,1,5,2,"other_plant"
2021,4,7,1,5,3,"bare_ground"
2021,4,7,1,5,4,"other_plant"
2021,4,7,1,5,5,"other_plant"
2021,4,7,2,1,1,"bare_ground"
2021,4,7,2,1,2,"bare_ground"
2021,4,7,2,1,3,"bare_ground"
2021,4,7,2,1,4,"bare_ground"
2021,4,7,2,1,5,"other_litter"
2021,4,7,2,2,1,"bare_ground"
2021,4,7,2,2,2,"other_plant"
2021,4,7,2,2,3,"other_litter"
2021,4,7,2,2,4,"other_litter"
2021,4,7,2,2,5,"other_litter"
2021,4,7,2,3,1,"bare_ground"
2021,4,7,2,3,2,"other_litter"
2021,4,7,2,3,3,"bare_ground"
2021,4,7,2,3,4,"other_litter"
2021,4,7,2,3,5,"other_litter"
2021,4,7,2,4,1,"other_litter"
2021,4,7,2,4,2,"other_litter"
2021,4,7,2,4,3,"other_litter"
2021,4,7,2,4,4,"other_litter"
2021,4,7,2,4,5,"other_litter"
2021,4,7,2,5,1,"other_litter"
2021,4,7,2,5,2,"other_litter"
2021,4,7,2,5,3,"other_litter"
2021,4,7,2,5,4,"other_litter"
2021,4,7,2,5,5,"other_litter"
2021,4,7,3,1,1,"other_plant"
2021,4,7,3,1,2,"other_plant"
2021,4,7,3,1,3,"other_litter"
2021,4,7,3,1,4,"other_plant"
2021,4,7,3,1,5,"other_litter"
2021,4,7,3,2,1,"bare_ground"
2021,4,7,3,2,2,"other_plant"
2021,4,7,3,2,3,"other_plant"
2021,4,7,3,2,4,"other_litter"
2021,4,7,3,2,5,"other_litter"
2021,4,7,3,3,1,"other_plant"
2021,4,7,3,3,2,"other_plant"
2021,4,7,3,3,3,"other_litter"
2021,4,7,3,3,4,"other_plant"
2021,4,7,3,3,5,"other_litter"
2021,4,7,3,4,1,"other_plant"
2021,4,7,3,4,2,"bare_ground"
2021,4,7,3,4,3,"bare_ground"
2021,4,7,3,4,4,"other_plant"
2021,4,7,3,4,5,"other_litter"
2021,4,7,3,5,1,"other_plant"
2021,4,7,3,5,2,"other_litter"
2021,4,7,3,5,3,"other_plant"
2021,4,7,3,5,4,"other_litter"
2021,4,7,3,5,5,"bare_ground"
2021,4,7,4,1,1,"other_plant"
2021,4,7,4,1,2,"other_plant"
2021,4,7,4,1,3,"other_litter"
2021,4,7,4,1,4,"other_plant"
2021,4,7,4,1,5,"other_plant"
2021,4,7,4,2,1,"other_litter"
2021,4,7,4,2,2,"other_plant"
2021,4,7,4,2,3,"other_plant"
2021,4,7,4,2,4,"other_plant"
2021,4,7,4,2,5,"other_plant"
2021,4,7,4,3,1,"bare_ground"
2021,4,7,4,3,2,"other_plant"
2021,4,7,4,3,3,"other_plant"
2021,4,7,4,3,4,"other_plant"
2021,4,7,4,3,5,"other_plant"
2021,4,7,4,4,1,"other_plant"
2021,4,7,4,4,2,"other_plant"
2021,4,7,4,4,3,"other_litter"
2021,4,7,4,4,4,"other_plant"
2021,4,7,4,4,5,"bare_ground"
2021,4,7,4,5,1,"other_plant"
2021,4,7,4,5,2,"other_plant"
2021,4,7,4,5,3,"other_litter"
2021,4,7,4,5,4,"other_plant"
2021,4,7,4,5,5,"bare_ground"
2021,4,7,5,1,1,"other_litter"
2021,4,7,5,1,2,"other_litter"
2021,4,7,5,1,3,"other_plant"
2021,4,7,5,1,4,"other_plant"
2021,4,7,5,1,5,"bare_ground"
2021,4,7,5,2,1,"other_litter"
2021,4,7,5,2,2,"other_litter"
2021,4,7,5,2,3,"other_plant"
2021,4,7,5,2,4,"other_plant"
2021,4,7,5,2,5,"other_plant"
2021,4,7,5,3,1,"other_plant"
2021,4,7,5,3,2,"other_plant"
2021,4,7,5,3,3,"other_plant"
2021,4,7,5,3,4,"other_litter"
2021,4,7,5,3,5,"other_plant"
2021,4,7,5,4,1,"other_plant"
2021,4,7,5,4,2,"bare_ground"
2021,4,7,5,4,3,"other_litter"
2021,4,7,5,4,4,"other_plant"
2021,4,7,5,4,5,"other_litter"
2021,4,7,5,5,1,"other_plant"
2021,4,7,5,5,2,"other_plant"
2021,4,7,5,5,3,"other_plant"
2021,4,7,5,5,4,"other_plant"
2021,4,7,5,5,5,"bare_ground"
2021,4,8,1,1,1,"other_litter"
2021,4,8,1,1,2,"other_plant"
2021,4,8,1,1,3,"other_plant"
2021,4,8,1,1,4,"other_plant"
2021,4,8,1,1,5,"other_plant"
2021,4,8,1,2,1,"bare_ground"
2021,4,8,1,2,2,"bare_ground"
2021,4,8,1,2,3,"bare_ground"
2021,4,8,1,2,4,"other_plant"
2021,4,8,1,2,5,"bare_ground"
2021,4,8,1,3,1,"other_plant"
2021,4,8,1,3,2,"other_plant"
2021,4,8,1,3,3,"other_plant"
2021,4,8,1,3,4,"other_plant"
2021,4,8,1,3,5,"other_plant"
2021,4,8,1,4,1,"other_plant"
2021,4,8,1,4,2,"other_plant"
2021,4,8,1,4,3,"other_plant"
2021,4,8,1,4,4,"other_litter"
2021,4,8,1,4,5,"other_litter"
2021,4,8,1,5,1,"other_plant"
2021,4,8,1,5,2,"bare_ground"
2021,4,8,1,5,3,"bare_ground"
2021,4,8,1,5,4,"other_plant"
2021,4,8,1,5,5,"other_litter"
2021,4,8,2,1,1,"other_plant"
2021,4,8,2,1,2,"bare_ground"
2021,4,8,2,1,3,"bare_ground"
2021,4,8,2,1,4,"bare_ground"
2021,4,8,2,1,5,"bare_ground"
2021,4,8,2,2,1,"other_plant"
2021,4,8,2,2,2,"other_litter"
2021,4,8,2,2,3,"bare_ground"
2021,4,8,2,2,4,"cheatgrass_plant"
2021,4,8,2,2,5,"bare_ground"
2021,4,8,2,3,1,"other_plant"
2021,4,8,2,3,2,"other_plant"
2021,4,8,2,3,3,"other_plant"
2021,4,8,2,3,4,"other_litter"
2021,4,8,2,3,5,"bare_ground"
2021,4,8,2,4,1,"other_litter"
2021,4,8,2,4,2,"other_plant"
2021,4,8,2,4,3,"other_litter"
2021,4,8,2,4,4,"bare_ground"
2021,4,8,2,4,5,"other_plant"
2021,4,8,2,5,1,"other_litter"
2021,4,8,2,5,2,"other_plant"
2021,4,8,2,5,3,"other_plant"
2021,4,8,2,5,4,"other_plant"
2021,4,8,2,5,5,"bare_ground"
2021,4,8,3,1,1,"other_plant"
2021,4,8,3,1,2,"other_litter"
2021,4,8,3,1,3,"other_litter"
2021,4,8,3,1,4,"other_litter"
2021,4,8,3,1,5,"other_litter"
2021,4,8,3,2,1,"other_plant"
2021,4,8,3,2,2,"other_plant"
2021,4,8,3,2,3,"other_plant"
2021,4,8,3,2,4,"other_litter"
2021,4,8,3,2,5,"other_litter"
2021,4,8,3,3,1,"other_plant"
2021,4,8,3,3,2,"other_plant"
2021,4,8,3,3,3,"other_plant"
2021,4,8,3,3,4,"other_litter"
2021,4,8,3,3,5,"other_litter"
2021,4,8,3,4,1,"other_plant"
2021,4,8,3,4,2,"other_plant"
2021,4,8,3,4,3,"other_plant"
2021,4,8,3,4,4,"other_plant"
2021,4,8,3,4,5,"other_litter"
2021,4,8,3,5,1,"other_plant"
2021,4,8,3,5,2,"other_plant"
2021,4,8,3,5,3,"other_plant"
2021,4,8,3,5,4,"other_litter"
2021,4,8,3,5,5,"other_plant"
2021,4,8,4,1,1,"other_plant"
2021,4,8,4,1,2,"other_plant"
2021,4,8,4,1,3,"other_plant"
2021,4,8,4,1,4,"other_plant"
2021,4,8,4,1,5,"other_plant"
2021,4,8,4,2,1,"other_plant"
2021,4,8,4,2,2,"other_plant"
2021,4,8,4,2,3,"other_plant"
2021,4,8,4,2,4,"other_plant"
2021,4,8,4,2,5,"other_plant"
2021,4,8,4,3,1,"other_plant"
2021,4,8,4,3,2,"other_plant"
2021,4,8,4,3,3,"other_plant"
2021,4,8,4,3,4,"other_plant"
2021,4,8,4,3,5,"other_plant"
2021,4,8,4,4,1,"other_plant"
2021,4,8,4,4,2,"other_plant"
2021,4,8,4,4,3,"other_plant"
2021,4,8,4,4,4,"other_plant"
2021,4,8,4,4,5,"other_plant"
2021,4,8,4,5,1,"other_plant"
2021,4,8,4,5,2,"other_plant"
2021,4,8,4,5,3,"other_plant"
2021,4,8,4,5,4,"other_plant"
2021,4,8,4,5,5,"other_plant"
2021,4,8,5,1,1,"other_litter"
2021,4,8,5,1,2,"bare_ground"
2021,4,8,5,1,3,"other_litter"
2021,4,8,5,1,4,"other_litter"
2021,4,8,5,1,5,"other_litter"
2021,4,8,5,2,1,"other_litter"
2021,4,8,5,2,2,"other_litter"
2021,4,8,5,2,3,"bare_ground"
2021,4,8,5,2,4,"other_litter"
2021,4,8,5,2,5,"other_litter"
2021,4,8,5,3,1,"other_litter"
2021,4,8,5,3,2,"other_litter"
2021,4,8,5,3,3,"bare_ground"
2021,4,8,5,3,4,"bare_ground"
2021,4,8,5,3,5,"other_plant"
2021,4,8,5,4,1,"other_plant"
2021,4,8,5,4,2,"other_litter"
2021,4,8,5,4,3,"bare_ground"
2021,4,8,5,4,4,"other_plant"
2021,4,8,5,4,5,"other_plant"
2021,4,8,5,5,1,"other_litter"
2021,4,8,5,5,2,"other_litter"
2021,4,8,5,5,3,"other_plant"
2021,4,8,5,5,4,"other_plant"
2021,4,8,5,5,5,"other_litter"
2021,5,1,1,1,1,"other_litter"
2021,5,1,1,1,2,"other_plant"
2021,5,1,1,1,3,"other_plant"
2021,5,1,1,1,4,"other_plant"
2021,5,1,1,1,5,"other_plant"
2021,5,1,1,2,1,"other_litter"
2021,5,1,1,2,2,"other_plant"
2021,5,1,1,2,3,"other_plant"
2021,5,1,1,2,4,"other_litter"
2021,5,1,1,2,5,"other_plant"
2021,5,1,1,3,1,"other_litter"
2021,5,1,1,3,2,"other_plant"
2021,5,1,1,3,3,"other_litter"
2021,5,1,1,3,4,"other_litter"
2021,5,1,1,3,5,"other_litter"
2021,5,1,1,4,1,"other_litter"
2021,5,1,1,4,2,"other_litter"
2021,5,1,1,4,3,"other_plant"
2021,5,1,1,4,4,"other_plant"
2021,5,1,1,4,5,"other_plant"
2021,5,1,1,5,1,"other_plant"
2021,5,1,1,5,2,"other_plant"
2021,5,1,1,5,3,"other_plant"
2021,5,1,1,5,4,"other_plant"
2021,5,1,1,5,5,"other_plant"
2021,5,1,2,1,1,"other_plant"
2021,5,1,2,1,2,"other_plant"
2021,5,1,2,1,3,"other_plant"
2021,5,1,2,1,4,"other_plant"
2021,5,1,2,1,5,"other_plant"
2021,5,1,2,2,1,"bare_ground"
2021,5,1,2,2,2,"other_litter"
2021,5,1,2,2,3,"other_litter"
2021,5,1,2,2,4,"other_plant"
2021,5,1,2,2,5,"other_plant"
2021,5,1,2,3,1,"other_plant"
2021,5,1,2,3,2,"other_plant"
2021,5,1,2,3,3,"other_litter"
2021,5,1,2,3,4,"other_plant"
2021,5,1,2,3,5,"other_plant"
2021,5,1,2,4,1,"other_plant"
2021,5,1,2,4,2,"other_plant"
2021,5,1,2,4,3,"other_plant"
2021,5,1,2,4,4,"other_plant"
2021,5,1,2,4,5,"other_plant"
2021,5,1,2,5,1,"other_plant"
2021,5,1,2,5,2,"other_plant"
2021,5,1,2,5,3,"other_plant"
2021,5,1,2,5,4,"other_plant"
2021,5,1,2,5,5,"other_plant"
2021,5,1,3,1,1,"other_litter"
2021,5,1,3,1,2,"other_litter"
2021,5,1,3,1,3,"other_litter"
2021,5,1,3,1,4,"other_plant"
2021,5,1,3,1,5,"other_plant"
2021,5,1,3,2,1,"other_litter"
2021,5,1,3,2,2,"other_litter"
2021,5,1,3,2,3,"other_plant"
2021,5,1,3,2,4,"other_litter"
2021,5,1,3,2,5,"bare_ground"
2021,5,1,3,3,1,"other_plant"
2021,5,1,3,3,2,"other_plant"
2021,5,1,3,3,3,"other_litter"
2021,5,1,3,3,4,"other_litter"
2021,5,1,3,3,5,"other_plant"
2021,5,1,3,4,1,"other_plant"
2021,5,1,3,4,2,"other_litter"
2021,5,1,3,4,3,"other_plant"
2021,5,1,3,4,4,"other_plant"
2021,5,1,3,4,5,"other_litter"
2021,5,1,3,5,1,"other_litter"
2021,5,1,3,5,2,"other_litter"
2021,5,1,3,5,3,"other_plant"
2021,5,1,3,5,4,"other_plant"
2021,5,1,3,5,5,"other_plant"
2021,5,1,4,1,1,"other_litter"
2021,5,1,4,1,2,"other_plant"
2021,5,1,4,1,3,"other_litter"
2021,5,1,4,1,4,"other_plant"
2021,5,1,4,1,5,"other_plant"
2021,5,1,4,2,1,"cheatgrass_litter"
2021,5,1,4,2,2,"other_plant"
2021,5,1,4,2,3,"bare_ground"
2021,5,1,4,2,4,"other_plant"
2021,5,1,4,2,5,"other_plant"
2021,5,1,4,3,1,"bare_ground"
2021,5,1,4,3,2,"other_plant"
2021,5,1,4,3,3,"cheatgrass_plant"
2021,5,1,4,3,4,"bare_ground"
2021,5,1,4,3,5,"other_plant"
2021,5,1,4,4,1,"bare_ground"
2021,5,1,4,4,2,"other_plant"
2021,5,1,4,4,3,"other_litter"
2021,5,1,4,4,4,"other_litter"
2021,5,1,4,4,5,"other_litter"
2021,5,1,4,5,1,"bare_ground"
2021,5,1,4,5,2,"other_litter"
2021,5,1,4,5,3,"other_plant"
2021,5,1,4,5,4,"bare_ground"
2021,5,1,4,5,5,"other_plant"
2021,5,1,5,1,1,"bare_ground"
2021,5,1,5,1,2,"other_litter"
2021,5,1,5,1,3,"other_plant"
2021,5,1,5,1,4,"other_litter"
2021,5,1,5,1,5,"other_litter"
2021,5,1,5,2,1,"other_plant"
2021,5,1,5,2,2,"other_litter"
2021,5,1,5,2,3,"other_plant"
2021,5,1,5,2,4,"other_litter"
2021,5,1,5,2,5,"other_litter"
2021,5,1,5,3,1,"other_litter"
2021,5,1,5,3,2,"other_litter"
2021,5,1,5,3,3,"other_litter"
2021,5,1,5,3,4,"other_plant"
2021,5,1,5,3,5,"other_plant"
2021,5,1,5,4,1,"other_litter"
2021,5,1,5,4,2,"other_litter"
2021,5,1,5,4,3,"other_plant"
2021,5,1,5,4,4,"other_plant"
2021,5,1,5,4,5,"other_litter"
2021,5,1,5,5,1,"other_litter"
2021,5,1,5,5,2,"other_litter"
2021,5,1,5,5,3,"cheatgrass_plant"
2021,5,1,5,5,4,"cheatgrass_litter"
2021,5,1,5,5,5,"other_plant"
2021,5,2,1,1,1,"other_plant"
2021,5,2,1,1,2,"other_plant"
2021,5,2,1,1,3,"other_plant"
2021,5,2,1,1,4,"other_litter"
2021,5,2,1,1,5,"other_plant"
2021,5,2,1,2,1,"other_plant"
2021,5,2,1,2,2,"other_plant"
2021,5,2,1,2,3,"other_plant"
2021,5,2,1,2,4,"other_plant"
2021,5,2,1,2,5,"other_plant"
2021,5,2,1,3,1,"other_plant"
2021,5,2,1,3,2,"other_plant"
2021,5,2,1,3,3,"other_plant"
2021,5,2,1,3,4,"other_plant"
2021,5,2,1,3,5,"other_plant"
2021,5,2,1,4,1,"other_litter"
2021,5,2,1,4,2,"other_plant"
2021,5,2,1,4,3,"other_plant"
2021,5,2,1,4,4,"other_plant"
2021,5,2,1,4,5,"other_plant"
2021,5,2,1,5,1,"other_plant"
2021,5,2,1,5,2,"other_plant"
2021,5,2,1,5,3,"other_plant"
2021,5,2,1,5,4,"other_plant"
2021,5,2,1,5,5,"other_plant"
2021,5,2,2,1,1,"other_litter"
2021,5,2,2,1,2,"other_plant"
2021,5,2,2,1,3,"other_litter"
2021,5,2,2,1,4,"other_plant"
2021,5,2,2,1,5,"other_plant"
2021,5,2,2,2,1,"other_litter"
2021,5,2,2,2,2,"other_plant"
2021,5,2,2,2,3,"other_plant"
2021,5,2,2,2,4,"other_plant"
2021,5,2,2,2,5,"other_plant"
2021,5,2,2,3,1,"other_plant"
2021,5,2,2,3,2,"other_plant"
2021,5,2,2,3,3,"other_plant"
2021,5,2,2,3,4,"other_plant"
2021,5,2,2,3,5,"other_plant"
2021,5,2,2,4,1,"other_plant"
2021,5,2,2,4,2,"other_plant"
2021,5,2,2,4,3,"other_plant"
2021,5,2,2,4,4,"other_plant"
2021,5,2,2,4,5,"other_litter"
2021,5,2,2,5,1,"other_plant"
2021,5,2,2,5,2,"other_plant"
2021,5,2,2,5,3,"other_plant"
2021,5,2,2,5,4,"other_plant"
2021,5,2,2,5,5,"other_plant"
2021,5,2,3,1,1,"bare_ground"
2021,5,2,3,1,2,"other_plant"
2021,5,2,3,1,3,"other_litter"
2021,5,2,3,1,4,"other_plant"
2021,5,2,3,1,5,"other_plant"
2021,5,2,3,2,1,"bare_ground"
2021,5,2,3,2,2,"other_plant"
2021,5,2,3,2,3,"other_plant"
2021,5,2,3,2,4,"other_plant"
2021,5,2,3,2,5,"other_plant"
2021,5,2,3,3,1,"other_plant"
2021,5,2,3,3,2,"bare_ground"
2021,5,2,3,3,3,"other_litter"
2021,5,2,3,3,4,"other_plant"
2021,5,2,3,3,5,"other_plant"
2021,5,2,3,4,1,"other_plant"
2021,5,2,3,4,2,"other_litter"
2021,5,2,3,4,3,"other_litter"
2021,5,2,3,4,4,"other_litter"
2021,5,2,3,4,5,"other_plant"
2021,5,2,3,5,1,"other_litter"
2021,5,2,3,5,2,"other_litter"
2021,5,2,3,5,3,"other_litter"
2021,5,2,3,5,4,"other_litter"
2021,5,2,3,5,5,"other_litter"
2021,5,2,4,1,1,"other_plant"
2021,5,2,4,1,2,"other_plant"
2021,5,2,4,1,3,"other_plant"
2021,5,2,4,1,4,"other_plant"
2021,5,2,4,1,5,"bare_ground"
2021,5,2,4,2,1,"other_plant"
2021,5,2,4,2,2,"other_plant"
2021,5,2,4,2,3,"other_plant"
2021,5,2,4,2,4,"other_plant"
2021,5,2,4,2,5,"bare_ground"
2021,5,2,4,3,1,"other_plant"
2021,5,2,4,3,2,"other_plant"
2021,5,2,4,3,3,"other_litter"
2021,5,2,4,3,4,"other_plant"
2021,5,2,4,3,5,"other_litter"
2021,5,2,4,4,1,"other_plant"
2021,5,2,4,4,2,"other_plant"
2021,5,2,4,4,3,"other_plant"
2021,5,2,4,4,4,"other_plant"
2021,5,2,4,4,5,"bare_ground"
2021,5,2,4,5,1,"other_plant"
2021,5,2,4,5,2,"other_plant"
2021,5,2,4,5,3,"other_plant"
2021,5,2,4,5,4,"other_plant"
2021,5,2,4,5,5,"bare_ground"
2021,5,2,5,1,1,"cheatgrass_litter"
2021,5,2,5,1,2,"other_plant"
2021,5,2,5,1,3,"other_plant"
2021,5,2,5,1,4,"other_plant"
2021,5,2,5,1,5,"other_plant"
2021,5,2,5,2,1,"other_plant"
2021,5,2,5,2,2,"other_plant"
2021,5,2,5,2,3,"other_plant"
2021,5,2,5,2,4,"other_plant"
2021,5,2,5,2,5,"other_plant"
2021,5,2,5,3,1,"other_plant"
2021,5,2,5,3,2,"other_plant"
2021,5,2,5,3,3,"other_plant"
2021,5,2,5,3,4,"other_litter"
2021,5,2,5,3,5,"other_litter"
2021,5,2,5,4,1,"other_plant"
2021,5,2,5,4,2,"other_plant"
2021,5,2,5,4,3,"other_plant"
2021,5,2,5,4,4,"other_plant"
2021,5,2,5,4,5,"other_plant"
2021,5,2,5,5,1,"other_plant"
2021,5,2,5,5,2,"other_plant"
2021,5,2,5,5,3,"other_litter"
2021,5,2,5,5,4,"other_plant"
2021,5,2,5,5,5,"other_plant"
2021,5,3,1,1,1,"other_plant"
2021,5,3,1,1,2,"other_plant"
2021,5,3,1,1,3,"other_plant"
2021,5,3,1,1,4,"other_plant"
2021,5,3,1,1,5,"other_plant"
2021,5,3,1,2,1,"other_plant"
2021,5,3,1,2,2,"other_plant"
2021,5,3,1,2,3,"other_plant"
2021,5,3,1,2,4,"other_plant"
2021,5,3,1,2,5,"other_litter"
2021,5,3,1,3,1,"other_plant"
2021,5,3,1,3,2,"other_plant"
2021,5,3,1,3,3,"other_plant"
2021,5,3,1,3,4,"other_plant"
2021,5,3,1,3,5,"other_plant"
2021,5,3,1,4,1,"other_plant"
2021,5,3,1,4,2,"other_plant"
2021,5,3,1,4,3,"other_plant"
2021,5,3,1,4,4,"other_plant"
2021,5,3,1,4,5,"other_plant"
2021,5,3,1,5,1,"other_plant"
2021,5,3,1,5,2,"other_plant"
2021,5,3,1,5,3,"other_plant"
2021,5,3,1,5,4,"other_plant"
2021,5,3,1,5,5,"other_plant"
2021,5,3,2,1,1,"other_plant"
2021,5,3,2,1,2,"other_plant"
2021,5,3,2,1,3,"other_plant"
2021,5,3,2,1,4,"other_litter"
2021,5,3,2,1,5,"other_plant"
2021,5,3,2,2,1,"other_plant"
2021,5,3,2,2,2,"other_plant"
2021,5,3,2,2,3,"other_plant"
2021,5,3,2,2,4,"other_plant"
2021,5,3,2,2,5,"other_plant"
2021,5,3,2,3,1,"other_plant"
2021,5,3,2,3,2,"other_plant"
2021,5,3,2,3,3,"other_plant"
2021,5,3,2,3,4,"other_plant"
2021,5,3,2,3,5,"other_plant"
2021,5,3,2,4,1,"other_plant"
2021,5,3,2,4,2,"other_plant"
2021,5,3,2,4,3,"other_plant"
2021,5,3,2,4,4,"other_plant"
2021,5,3,2,4,5,"other_plant"
2021,5,3,2,5,1,"other_plant"
2021,5,3,2,5,2,"other_plant"
2021,5,3,2,5,3,"other_plant"
2021,5,3,2,5,4,"other_plant"
2021,5,3,2,5,5,"other_plant"
2021,5,3,3,1,1,"other_litter"
2021,5,3,3,1,2,"other_plant"
2021,5,3,3,1,3,"other_plant"
2021,5,3,3,1,4,"cheatgrass_plant"
2021,5,3,3,1,5,"other_litter"
2021,5,3,3,2,1,"other_plant"
2021,5,3,3,2,2,"other_plant"
2021,5,3,3,2,3,"other_plant"
2021,5,3,3,2,4,"cheatgrass_plant"
2021,5,3,3,2,5,"cheatgrass_plant"
2021,5,3,3,3,1,"other_plant"
2021,5,3,3,3,2,"other_plant"
2021,5,3,3,3,3,"other_plant"
2021,5,3,3,3,4,"other_litter"
2021,5,3,3,3,5,"other_plant"
2021,5,3,3,4,1,"other_plant"
2021,5,3,3,4,2,"other_litter"
2021,5,3,3,4,3,"other_plant"
2021,5,3,3,4,4,"other_plant"
2021,5,3,3,4,5,"other_plant"
2021,5,3,3,5,1,"other_plant"
2021,5,3,3,5,2,"other_plant"
2021,5,3,3,5,3,"other_plant"
2021,5,3,3,5,4,"other_litter"
2021,5,3,3,5,5,"other_plant"
2021,5,3,4,1,1,"other_plant"
2021,5,3,4,1,2,"bare_ground"
2021,5,3,4,1,3,"bare_ground"
2021,5,3,4,1,4,"bare_ground"
2021,5,3,4,1,5,"bare_ground"
2021,5,3,4,2,1,"other_litter"
2021,5,3,4,2,2,"other_litter"
2021,5,3,4,2,3,"other_litter"
2021,5,3,4,2,4,"bare_ground"
2021,5,3,4,2,5,"other_litter"
2021,5,3,4,3,1,"other_litter"
2021,5,3,4,3,2,"other_litter"
2021,5,3,4,3,3,"other_litter"
2021,5,3,4,3,4,"other_litter"
2021,5,3,4,3,5,"other_litter"
2021,5,3,4,4,1,"other_litter"
2021,5,3,4,4,2,"other_litter"
2021,5,3,4,4,3,"other_litter"
2021,5,3,4,4,4,"other_plant"
2021,5,3,4,4,5,"other_plant"
2021,5,3,4,5,1,"other_litter"
2021,5,3,4,5,2,"other_litter"
2021,5,3,4,5,3,"other_litter"
2021,5,3,4,5,4,"other_litter"
2021,5,3,4,5,5,"other_litter"
2021,5,3,5,1,1,"other_plant"
2021,5,3,5,1,2,"other_plant"
2021,5,3,5,1,3,"other_plant"
2021,5,3,5,1,4,"other_plant"
2021,5,3,5,1,5,"other_plant"
2021,5,3,5,2,1,"other_plant"
2021,5,3,5,2,2,"other_plant"
2021,5,3,5,2,3,"other_plant"
2021,5,3,5,2,4,"other_plant"
2021,5,3,5,2,5,"other_plant"
2021,5,3,5,3,1,"other_plant"
2021,5,3,5,3,2,"other_plant"
2021,5,3,5,3,3,"other_plant"
2021,5,3,5,3,4,"other_plant"
2021,5,3,5,3,5,"other_plant"
2021,5,3,5,4,1,"other_plant"
2021,5,3,5,4,2,"other_plant"
2021,5,3,5,4,3,"other_plant"
2021,5,3,5,4,4,"other_plant"
2021,5,3,5,4,5,"other_plant"
2021,5,3,5,5,1,"other_plant"
2021,5,3,5,5,2,"other_plant"
2021,5,3,5,5,3,"other_plant"
2021,5,3,5,5,4,"other_plant"
2021,5,3,5,5,5,"other_plant"
2021,5,4,1,1,1,"other_plant"
2021,5,4,1,1,2,"other_plant"
2021,5,4,1,1,3,"other_plant"
2021,5,4,1,1,4,"other_plant"
2021,5,4,1,1,5,"other_plant"
2021,5,4,1,2,1,"other_plant"
2021,5,4,1,2,2,"other_litter"
2021,5,4,1,2,3,"other_plant"
2021,5,4,1,2,4,"other_plant"
2021,5,4,1,2,5,"other_litter"
2021,5,4,1,3,1,"other_plant"
2021,5,4,1,3,2,"other_plant"
2021,5,4,1,3,3,"other_plant"
2021,5,4,1,3,4,"other_plant"
2021,5,4,1,3,5,"other_plant"
2021,5,4,1,4,1,"other_plant"
2021,5,4,1,4,2,"other_plant"
2021,5,4,1,4,3,"other_plant"
2021,5,4,1,4,4,"other_litter"
2021,5,4,1,4,5,"other_plant"
2021,5,4,1,5,1,"other_litter"
2021,5,4,1,5,2,"other_litter"
2021,5,4,1,5,3,"other_litter"
2021,5,4,1,5,4,"other_plant"
2021,5,4,1,5,5,"other_plant"
2021,5,4,2,1,1,"cheatgrass_litter"
2021,5,4,2,1,2,"cheatgrass_plant"
2021,5,4,2,1,3,"cheatgrass_plant"
2021,5,4,2,1,4,"bare_ground"
2021,5,4,2,1,5,"bare_ground"
2021,5,4,2,2,1,"cheatgrass_plant"
2021,5,4,2,2,2,"cheatgrass_litter"
2021,5,4,2,2,3,"cheatgrass_plant"
2021,5,4,2,2,4,"other_plant"
2021,5,4,2,2,5,"bare_ground"
2021,5,4,2,3,1,"other_plant"
2021,5,4,2,3,2,"other_plant"
2021,5,4,2,3,3,"cheatgrass_plant"
2021,5,4,2,3,4,"cheatgrass_plant"
2021,5,4,2,3,5,"bare_ground"
2021,5,4,2,4,1,"other_plant"
2021,5,4,2,4,2,"cheatgrass_litter"
2021,5,4,2,4,3,"cheatgrass_plant"
2021,5,4,2,4,4,"cheatgrass_litter"
2021,5,4,2,4,5,"other_plant"
2021,5,4,2,5,1,"other_plant"
2021,5,4,2,5,2,"cheatgrass_plant"
2021,5,4,2,5,3,"other_plant"
2021,5,4,2,5,4,"other_plant"
2021,5,4,2,5,5,"cheatgrass_litter"
2021,5,4,3,1,1,"other_plant"
2021,5,4,3,1,2,"other_plant"
2021,5,4,3,1,3,"other_plant"
2021,5,4,3,1,4,"other_plant"
2021,5,4,3,1,5,"other_plant"
2021,5,4,3,2,1,"other_plant"
2021,5,4,3,2,2,"other_plant"
2021,5,4,3,2,3,"other_plant"
2021,5,4,3,2,4,"other_plant"
2021,5,4,3,2,5,"other_plant"
2021,5,4,3,3,1,"bare_ground"
2021,5,4,3,3,2,"bare_ground"
2021,5,4,3,3,3,"other_plant"
2021,5,4,3,3,4,"other_plant"
2021,5,4,3,3,5,"other_plant"
2021,5,4,3,4,1,"other_litter"
2021,5,4,3,4,2,"other_litter"
2021,5,4,3,4,3,"other_plant"
2021,5,4,3,4,4,"other_litter"
2021,5,4,3,4,5,"other_litter"
2021,5,4,3,5,1,"bare_ground"
2021,5,4,3,5,2,"other_plant"
2021,5,4,3,5,3,"bare_ground"
2021,5,4,3,5,4,"bare_ground"
2021,5,4,3,5,5,"other_plant"
2021,5,4,4,1,1,"other_litter"
2021,5,4,4,1,2,"other_plant"
2021,5,4,4,1,3,"other_plant"
2021,5,4,4,1,4,"other_plant"
2021,5,4,4,1,5,"other_plant"
2021,5,4,4,2,1,"other_plant"
2021,5,4,4,2,2,"other_plant"
2021,5,4,4,2,3,"other_plant"
2021,5,4,4,2,4,"other_plant"
2021,5,4,4,2,5,"other_plant"
2021,5,4,4,3,1,"bare_ground"
2021,5,4,4,3,2,"other_plant"
2021,5,4,4,3,3,"other_plant"
2021,5,4,4,3,4,"other_litter"
2021,5,4,4,3,5,"other_plant"
2021,5,4,4,4,1,"other_litter"
2021,5,4,4,4,2,"other_plant"
2021,5,4,4,4,3,"other_plant"
2021,5,4,4,4,4,"other_plant"
2021,5,4,4,4,5,"other_plant"
2021,5,4,4,5,1,"other_plant"
2021,5,4,4,5,2,"other_plant"
2021,5,4,4,5,3,"other_plant"
2021,5,4,4,5,4,"other_plant"
2021,5,4,4,5,5,"other_litter"
2021,5,4,5,1,1,"bare_ground"
2021,5,4,5,1,2,"bare_ground"
2021,5,4,5,1,3,"other_plant"
2021,5,4,5,1,4,"other_plant"
2021,5,4,5,1,5,"other_plant"
2021,5,4,5,2,1,"bare_ground"
2021,5,4,5,2,2,"other_plant"
2021,5,4,5,2,3,"other_plant"
2021,5,4,5,2,4,"other_plant"
2021,5,4,5,2,5,"other_plant"
2021,5,4,5,3,1,"other_plant"
2021,5,4,5,3,2,"other_plant"
2021,5,4,5,3,3,"other_plant"
2021,5,4,5,3,4,"other_plant"
2021,5,4,5,3,5,"other_plant"
2021,5,4,5,4,1,"other_plant"
2021,5,4,5,4,2,"other_plant"
2021,5,4,5,4,3,"other_plant"
2021,5,4,5,4,4,"other_plant"
2021,5,4,5,4,5,"other_plant"
2021,5,4,5,5,1,"other_plant"
2021,5,4,5,5,2,"other_plant"
2021,5,4,5,5,3,"other_plant"
2021,5,4,5,5,4,"other_plant"
2021,5,4,5,5,5,"other_plant"
2021,5,5,1,1,1,"other_litter"
2021,5,5,1,1,2,"other_plant"
2021,5,5,1,1,3,"other_plant"
2021,5,5,1,1,4,"other_plant"
2021,5,5,1,1,5,"other_plant"
2021,5,5,1,2,1,"other_plant"
2021,5,5,1,2,2,"other_plant"
2021,5,5,1,2,3,"other_plant"
2021,5,5,1,2,4,"other_plant"
2021,5,5,1,2,5,"other_plant"
2021,5,5,1,3,1,"other_litter"
2021,5,5,1,3,2,"other_plant"
2021,5,5,1,3,3,"other_plant"
2021,5,5,1,3,4,"other_plant"
2021,5,5,1,3,5,"other_plant"
2021,5,5,1,4,1,"other_plant"
2021,5,5,1,4,2,"other_litter"
2021,5,5,1,4,3,"other_plant"
2021,5,5,1,4,4,"other_plant"
2021,5,5,1,4,5,"other_plant"
2021,5,5,1,5,1,"other_litter"
2021,5,5,1,5,2,"other_litter"
2021,5,5,1,5,3,"other_plant"
2021,5,5,1,5,4,"other_plant"
2021,5,5,1,5,5,"other_plant"
2021,5,5,2,1,1,"cheatgrass_litter"
2021,5,5,2,1,2,"other_plant"
2021,5,5,2,1,3,"other_plant"
2021,5,5,2,1,4,"other_plant"
2021,5,5,2,1,5,"other_litter"
2021,5,5,2,2,1,"other_plant"
2021,5,5,2,2,2,"other_plant"
2021,5,5,2,2,3,"bare_ground"
2021,5,5,2,2,4,"other_plant"
2021,5,5,2,2,5,"other_plant"
2021,5,5,2,3,1,"other_litter"
2021,5,5,2,3,2,"other_plant"
2021,5,5,2,3,3,"other_plant"
2021,5,5,2,3,4,"other_plant"
2021,5,5,2,3,5,"other_plant"
2021,5,5,2,4,1,"other_plant"
2021,5,5,2,4,2,"other_plant"
2021,5,5,2,4,3,"other_plant"
2021,5,5,2,4,4,"bare_ground"
2021,5,5,2,4,5,"other_plant"
2021,5,5,2,5,1,"other_plant"
2021,5,5,2,5,2,"other_plant"
2021,5,5,2,5,3,"other_plant"
2021,5,5,2,5,4,"other_plant"
2021,5,5,2,5,5,"other_plant"
2021,5,5,3,1,1,"other_plant"
2021,5,5,3,1,2,"other_plant"
2021,5,5,3,1,3,"other_plant"
2021,5,5,3,1,4,"other_plant"
2021,5,5,3,1,5,"other_plant"
2021,5,5,3,2,1,"other_plant"
2021,5,5,3,2,2,"other_plant"
2021,5,5,3,2,3,"other_plant"
2021,5,5,3,2,4,"other_plant"
2021,5,5,3,2,5,"other_plant"
2021,5,5,3,3,1,"other_plant"
2021,5,5,3,3,2,"other_plant"
2021,5,5,3,3,3,"other_plant"
2021,5,5,3,3,4,"other_plant"
2021,5,5,3,3,5,"other_plant"
2021,5,5,3,4,1,"other_plant"
2021,5,5,3,4,2,"other_plant"
2021,5,5,3,4,3,"other_plant"
2021,5,5,3,4,4,"other_plant"
2021,5,5,3,4,5,"other_plant"
2021,5,5,3,5,1,"other_plant"
2021,5,5,3,5,2,"other_plant"
2021,5,5,3,5,3,"other_plant"
2021,5,5,3,5,4,"other_plant"
2021,5,5,3,5,5,"other_plant"
2021,5,5,4,1,1,"cheatgrass_plant"
2021,5,5,4,1,2,"cheatgrass_plant"
2021,5,5,4,1,3,"cheatgrass_plant"
2021,5,5,4,1,4,"cheatgrass_plant"
2021,5,5,4,1,5,"cheatgrass_plant"
2021,5,5,4,2,1,"cheatgrass_plant"
2021,5,5,4,2,2,"cheatgrass_plant"
2021,5,5,4,2,3,"cheatgrass_plant"
2021,5,5,4,2,4,"cheatgrass_plant"
2021,5,5,4,2,5,"cheatgrass_plant"
2021,5,5,4,3,1,"other_plant"
2021,5,5,4,3,2,"other_plant"
2021,5,5,4,3,3,"cheatgrass_plant"
2021,5,5,4,3,4,"cheatgrass_plant"
2021,5,5,4,3,5,"cheatgrass_plant"
2021,5,5,4,4,1,"cheatgrass_plant"
2021,5,5,4,4,2,"cheatgrass_plant"
2021,5,5,4,4,3,"other_plant"
2021,5,5,4,4,4,"cheatgrass_plant"
2021,5,5,4,4,5,"cheatgrass_plant"
2021,5,5,4,5,1,"cheatgrass_plant"
2021,5,5,4,5,2,"cheatgrass_plant"
2021,5,5,4,5,3,"cheatgrass_plant"
2021,5,5,4,5,4,"other_plant"
2021,5,5,4,5,5,"other_plant"
2021,5,5,5,1,1,"other_plant"
2021,5,5,5,1,2,"other_plant"
2021,5,5,5,1,3,"other_plant"
2021,5,5,5,1,4,"other_plant"
2021,5,5,5,1,5,"other_plant"
2021,5,5,5,2,1,"other_plant"
2021,5,5,5,2,2,"other_plant"
2021,5,5,5,2,3,"other_plant"
2021,5,5,5,2,4,"other_plant"
2021,5,5,5,2,5,"other_plant"
2021,5,5,5,3,1,"other_plant"
2021,5,5,5,3,2,"other_plant"
2021,5,5,5,3,3,"other_plant"
2021,5,5,5,3,4,"other_plant"
2021,5,5,5,3,5,"other_plant"
2021,5,5,5,4,1,"other_plant"
2021,5,5,5,4,2,"other_plant"
2021,5,5,5,4,3,"other_plant"
2021,5,5,5,4,4,"other_plant"
2021,5,5,5,4,5,"other_plant"
2021,5,5,5,5,1,"other_plant"
2021,5,5,5,5,2,"other_plant"
2021,5,5,5,5,3,"other_plant"
2021,5,5,5,5,4,"other_plant"
2021,5,5,5,5,5,"other_plant"
2021,5,6,1,1,1,"other_plant"
2021,5,6,1,1,2,"other_plant"
2021,5,6,1,1,3,"other_plant"
2021,5,6,1,1,4,"other_plant"
2021,5,6,1,1,5,"other_plant"
2021,5,6,1,2,1,"other_plant"
2021,5,6,1,2,2,"other_plant"
2021,5,6,1,2,3,"other_plant"
2021,5,6,1,2,4,"other_plant"
2021,5,6,1,2,5,"other_plant"
2021,5,6,1,3,1,"other_plant"
2021,5,6,1,3,2,"other_plant"
2021,5,6,1,3,3,"other_plant"
2021,5,6,1,3,4,"other_litter"
2021,5,6,1,3,5,"other_plant"
2021,5,6,1,4,1,"other_plant"
2021,5,6,1,4,2,"other_litter"
2021,5,6,1,4,3,"other_plant"
2021,5,6,1,4,4,"other_plant"
2021,5,6,1,4,5,"other_plant"
2021,5,6,1,5,1,"other_litter"
2021,5,6,1,5,2,"other_litter"
2021,5,6,1,5,3,"other_plant"
2021,5,6,1,5,4,"other_plant"
2021,5,6,1,5,5,"other_plant"
2021,5,6,2,1,1,"other_plant"
2021,5,6,2,1,2,"other_plant"
2021,5,6,2,1,3,"other_plant"
2021,5,6,2,1,4,"other_plant"
2021,5,6,2,1,5,"other_litter"
2021,5,6,2,2,1,"other_plant"
2021,5,6,2,2,2,"other_plant"
2021,5,6,2,2,3,"other_plant"
2021,5,6,2,2,4,"other_plant"
2021,5,6,2,2,5,"other_plant"
2021,5,6,2,3,1,"other_plant"
2021,5,6,2,3,2,"other_plant"
2021,5,6,2,3,3,"other_plant"
2021,5,6,2,3,4,"other_plant"
2021,5,6,2,3,5,"other_plant"
2021,5,6,2,4,1,"other_litter"
2021,5,6,2,4,2,"other_litter"
2021,5,6,2,4,3,"other_plant"
2021,5,6,2,4,4,"other_plant"
2021,5,6,2,4,5,"other_litter"
2021,5,6,2,5,1,"bare_ground"
2021,5,6,2,5,2,"other_plant"
2021,5,6,2,5,3,"other_plant"
2021,5,6,2,5,4,"other_plant"
2021,5,6,2,5,5,"other_litter"
2021,5,6,3,1,1,"bare_ground"
2021,5,6,3,1,2,"other_plant"
2021,5,6,3,1,3,"other_plant"
2021,5,6,3,1,4,"bare_ground"
2021,5,6,3,1,5,"other_plant"
2021,5,6,3,2,1,"other_plant"
2021,5,6,3,2,2,"other_litter"
2021,5,6,3,2,3,"other_litter"
2021,5,6,3,2,4,"bare_ground"
2021,5,6,3,2,5,"bare_ground"
2021,5,6,3,3,1,"other_plant"
2021,5,6,3,3,2,"other_plant"
2021,5,6,3,3,3,"other_litter"
2021,5,6,3,3,4,"other_plant"
2021,5,6,3,3,5,"other_litter"
2021,5,6,3,4,1,"bare_ground"
2021,5,6,3,4,2,"other_plant"
2021,5,6,3,4,3,"other_litter"
2021,5,6,3,4,4,"other_plant"
2021,5,6,3,4,5,"bare_ground"
2021,5,6,3,5,1,"bare_ground"
2021,5,6,3,5,2,"other_litter"
2021,5,6,3,5,3,"other_plant"
2021,5,6,3,5,4,"bare_ground"
2021,5,6,3,5,5,"bare_ground"
2021,5,6,4,1,1,"other_litter"
2021,5,6,4,1,2,"other_litter"
2021,5,6,4,1,3,"other_plant"
2021,5,6,4,1,4,"other_plant"
2021,5,6,4,1,5,"other_litter"
2021,5,6,4,2,1,"bare_ground"
2021,5,6,4,2,2,"other_plant"
2021,5,6,4,2,3,"other_litter"
2021,5,6,4,2,4,"other_plant"
2021,5,6,4,2,5,"other_plant"
2021,5,6,4,3,1,"other_litter"
2021,5,6,4,3,2,"other_plant"
2021,5,6,4,3,3,"other_litter"
2021,5,6,4,3,4,"other_litter"
2021,5,6,4,3,5,"other_litter"
2021,5,6,4,4,1,"other_plant"
2021,5,6,4,4,2,"other_plant"
2021,5,6,4,4,3,"other_plant"
2021,5,6,4,4,4,"other_plant"
2021,5,6,4,4,5,"other_plant"
2021,5,6,4,5,1,"other_plant"
2021,5,6,4,5,2,"other_plant"
2021,5,6,4,5,3,"other_plant"
2021,5,6,4,5,4,"other_plant"
2021,5,6,4,5,5,"other_plant"
2021,5,6,5,1,1,"other_plant"
2021,5,6,5,1,2,"other_plant"
2021,5,6,5,1,3,"other_plant"
2021,5,6,5,1,4,"other_plant"
2021,5,6,5,1,5,"other_plant"
2021,5,6,5,2,1,"other_plant"
2021,5,6,5,2,2,"other_plant"
2021,5,6,5,2,3,"other_plant"
2021,5,6,5,2,4,"other_plant"
2021,5,6,5,2,5,"other_plant"
2021,5,6,5,3,1,"other_plant"
2021,5,6,5,3,2,"other_plant"
2021,5,6,5,3,3,"other_plant"
2021,5,6,5,3,4,"other_plant"
2021,5,6,5,3,5,"other_plant"
2021,5,6,5,4,1,"other_plant"
2021,5,6,5,4,2,"other_plant"
2021,5,6,5,4,3,"other_plant"
2021,5,6,5,4,4,"other_plant"
2021,5,6,5,4,5,"other_plant"
2021,5,6,5,5,1,"other_plant"
2021,5,6,5,5,2,"other_plant"
2021,5,6,5,5,3,"other_plant"
2021,5,6,5,5,4,"other_plant"
2021,5,6,5,5,5,"other_plant"
2021,5,7,1,1,1,"other_plant"
2021,5,7,1,1,2,"other_plant"
2021,5,7,1,1,3,"other_plant"
2021,5,7,1,1,4,"other_plant"
2021,5,7,1,1,5,"other_litter"
2021,5,7,1,2,1,"other_plant"
2021,5,7,1,2,2,"other_plant"
2021,5,7,1,2,3,"other_plant"
2021,5,7,1,2,4,"other_plant"
2021,5,7,1,2,5,"other_litter"
2021,5,7,1,3,1,"other_plant"
2021,5,7,1,3,2,"other_litter"
2021,5,7,1,3,3,"other_plant"
2021,5,7,1,3,4,"other_plant"
2021,5,7,1,3,5,"other_plant"
2021,5,7,1,4,1,"other_plant"
2021,5,7,1,4,2,"other_plant"
2021,5,7,1,4,3,"other_plant"
2021,5,7,1,4,4,"other_plant"
2021,5,7,1,4,5,"other_plant"
2021,5,7,1,5,1,"other_plant"
2021,5,7,1,5,2,"other_litter"
2021,5,7,1,5,3,"other_plant"
2021,5,7,1,5,4,"other_plant"
2021,5,7,1,5,5,"other_plant"
2021,5,7,2,1,1,"bare_ground"
2021,5,7,2,1,2,"other_plant"
2021,5,7,2,1,3,"bare_ground"
2021,5,7,2,1,4,"other_plant"
2021,5,7,2,1,5,"other_plant"
2021,5,7,2,2,1,"other_plant"
2021,5,7,2,2,2,"other_plant"
2021,5,7,2,2,3,"other_plant"
2021,5,7,2,2,4,"other_plant"
2021,5,7,2,2,5,"other_plant"
2021,5,7,2,3,1,"other_plant"
2021,5,7,2,3,2,"other_plant"
2021,5,7,2,3,3,"other_plant"
2021,5,7,2,3,4,"other_plant"
2021,5,7,2,3,5,"other_plant"
2021,5,7,2,4,1,"other_plant"
2021,5,7,2,4,2,"other_plant"
2021,5,7,2,4,3,"other_plant"
2021,5,7,2,4,4,"other_litter"
2021,5,7,2,4,5,"other_plant"
2021,5,7,2,5,1,"other_plant"
2021,5,7,2,5,2,"other_plant"
2021,5,7,2,5,3,"other_plant"
2021,5,7,2,5,4,"other_litter"
2021,5,7,2,5,5,"other_plant"
2021,5,7,3,1,1,"other_plant"
2021,5,7,3,1,2,"other_plant"
2021,5,7,3,1,3,"other_plant"
2021,5,7,3,1,4,"other_litter"
2021,5,7,3,1,5,"other_litter"
2021,5,7,3,2,1,"other_plant"
2021,5,7,3,2,2,"other_plant"
2021,5,7,3,2,3,"other_plant"
2021,5,7,3,2,4,"other_plant"
2021,5,7,3,2,5,"other_plant"
2021,5,7,3,3,1,"other_plant"
2021,5,7,3,3,2,"other_plant"
2021,5,7,3,3,3,"other_plant"
2021,5,7,3,3,4,"other_plant"
2021,5,7,3,3,5,"other_plant"
2021,5,7,3,4,1,"other_plant"
2021,5,7,3,4,2,"other_plant"
2021,5,7,3,4,3,"other_litter"
2021,5,7,3,4,4,"other_plant"
2021,5,7,3,4,5,"other_plant"
2021,5,7,3,5,1,"other_plant"
2021,5,7,3,5,2,"other_plant"
2021,5,7,3,5,3,"other_plant"
2021,5,7,3,5,4,"other_plant"
2021,5,7,3,5,5,"other_plant"
2021,5,7,4,1,1,"other_plant"
2021,5,7,4,1,2,"other_litter"
2021,5,7,4,1,3,"other_plant"
2021,5,7,4,1,4,"other_plant"
2021,5,7,4,1,5,"other_plant"
2021,5,7,4,2,1,"other_plant"
2021,5,7,4,2,2,"other_plant"
2021,5,7,4,2,3,"other_litter"
2021,5,7,4,2,4,"other_litter"
2021,5,7,4,2,5,"other_plant"
2021,5,7,4,3,1,"other_plant"
2021,5,7,4,3,2,"other_plant"
2021,5,7,4,3,3,"other_plant"
2021,5,7,4,3,4,"other_plant"
2021,5,7,4,3,5,"other_litter"
2021,5,7,4,4,1,"other_plant"
2021,5,7,4,4,2,"other_litter"
2021,5,7,4,4,3,"other_plant"
2021,5,7,4,4,4,"other_plant"
2021,5,7,4,4,5,"other_plant"
2021,5,7,4,5,1,"other_plant"
2021,5,7,4,5,2,"other_plant"
2021,5,7,4,5,3,"other_litter"
2021,5,7,4,5,4,"other_plant"
2021,5,7,4,5,5,"other_litter"
2021,5,7,5,1,1,"other_plant"
2021,5,7,5,1,2,"other_plant"
2021,5,7,5,1,3,"other_plant"
2021,5,7,5,1,4,"other_plant"
2021,5,7,5,1,5,"other_plant"
2021,5,7,5,2,1,"other_plant"
2021,5,7,5,2,2,"other_plant"
2021,5,7,5,2,3,"other_plant"
2021,5,7,5,2,4,"other_plant"
2021,5,7,5,2,5,"other_litter"
2021,5,7,5,3,1,"other_plant"
2021,5,7,5,3,2,"other_plant"
2021,5,7,5,3,3,"other_plant"
2021,5,7,5,3,4,"other_plant"
2021,5,7,5,3,5,"other_plant"
2021,5,7,5,4,1,"other_litter"
2021,5,7,5,4,2,"other_plant"
2021,5,7,5,4,3,"other_plant"
2021,5,7,5,4,4,"other_plant"
2021,5,7,5,4,5,"other_litter"
2021,5,7,5,5,1,"other_plant"
2021,5,7,5,5,2,"other_plant"
2021,5,7,5,5,3,"other_plant"
2021,5,7,5,5,4,"other_plant"
2021,5,7,5,5,5,"other_litter"
2021,5,8,1,1,1,"bare_ground"
2021,5,8,1,1,2,"other_plant"
2021,5,8,1,1,3,"other_plant"
2021,5,8,1,1,4,"other_plant"
2021,5,8,1,1,5,"other_plant"
2021,5,8,1,2,1,"other_plant"
2021,5,8,1,2,2,"other_plant"
2021,5,8,1,2,3,"other_plant"
2021,5,8,1,2,4,"other_plant"
2021,5,8,1,2,5,"other_plant"
2021,5,8,1,3,1,"other_plant"
2021,5,8,1,3,2,"bare_ground"
2021,5,8,1,3,3,"other_plant"
2021,5,8,1,3,4,"other_litter"
2021,5,8,1,3,5,"other_plant"
2021,5,8,1,4,1,"other_plant"
2021,5,8,1,4,2,"bare_ground"
2021,5,8,1,4,3,"bare_ground"
2021,5,8,1,4,4,"bare_ground"
2021,5,8,1,4,5,"bare_ground"
2021,5,8,1,5,1,"other_plant"
2021,5,8,1,5,2,"other_plant"
2021,5,8,1,5,3,"other_plant"
2021,5,8,1,5,4,"other_plant"
2021,5,8,1,5,5,"other_plant"
2021,5,8,2,1,1,"other_plant"
2021,5,8,2,1,2,"other_plant"
2021,5,8,2,1,3,"other_litter"
2021,5,8,2,1,4,"other_plant"
2021,5,8,2,1,5,"other_litter"
2021,5,8,2,2,1,"other_litter"
2021,5,8,2,2,2,"other_plant"
2021,5,8,2,2,3,"other_plant"
2021,5,8,2,2,4,"bare_ground"
2021,5,8,2,2,5,"other_litter"
2021,5,8,2,3,1,"other_plant"
2021,5,8,2,3,2,"other_plant"
2021,5,8,2,3,3,"other_litter"
2021,5,8,2,3,4,"other_plant"
2021,5,8,2,3,5,"other_plant"
2021,5,8,2,4,1,"other_plant"
2021,5,8,2,4,2,"other_plant"
2021,5,8,2,4,3,"other_litter"
2021,5,8,2,4,4,"other_plant"
2021,5,8,2,4,5,"other_plant"
2021,5,8,2,5,1,"other_plant"
2021,5,8,2,5,2,"other_litter"
2021,5,8,2,5,3,"other_plant"
2021,5,8,2,5,4,"other_litter"
2021,5,8,2,5,5,"other_plant"
2021,5,8,3,1,1,"other_plant"
2021,5,8,3,1,2,"other_plant"
2021,5,8,3,1,3,"other_plant"
2021,5,8,3,1,4,"other_litter"
2021,5,8,3,1,5,"other_litter"
2021,5,8,3,2,1,"other_litter"
2021,5,8,3,2,2,"other_plant"
2021,5,8,3,2,3,"other_litter"
2021,5,8,3,2,4,"other_litter"
2021,5,8,3,2,5,"other_litter"
2021,5,8,3,3,1,"other_plant"
2021,5,8,3,3,2,"other_plant"
2021,5,8,3,3,3,"bare_ground"
2021,5,8,3,3,4,"bare_ground"
2021,5,8,3,3,5,"other_litter"
2021,5,8,3,4,1,"other_plant"
2021,5,8,3,4,2,"other_plant"
2021,5,8,3,4,3,"other_plant"
2021,5,8,3,4,4,"other_litter"
2021,5,8,3,4,5,"other_plant"
2021,5,8,3,5,1,"other_plant"
2021,5,8,3,5,2,"other_plant"
2021,5,8,3,5,3,"other_litter"
2021,5,8,3,5,4,"other_plant"
2021,5,8,3,5,5,"other_litter"
2021,5,8,4,1,1,"other_litter"
2021,5,8,4,1,2,"other_litter"
2021,5,8,4,1,3,"other_litter"
2021,5,8,4,1,4,"other_plant"
2021,5,8,4,1,5,"other_litter"
2021,5,8,4,2,1,"other_litter"
2021,5,8,4,2,2,"other_litter"
2021,5,8,4,2,3,"other_litter"
2021,5,8,4,2,4,"other_litter"
2021,5,8,4,2,5,"other_litter"
2021,5,8,4,3,1,"other_litter"
2021,5,8,4,3,2,"other_litter"
2021,5,8,4,3,3,"other_plant"
2021,5,8,4,3,4,"other_plant"
2021,5,8,4,3,5,"other_plant"
2021,5,8,4,4,1,"other_plant"
2021,5,8,4,4,2,"other_plant"
2021,5,8,4,4,3,"other_plant"
2021,5,8,4,4,4,"other_plant"
2021,5,8,4,4,5,"bare_ground"
2021,5,8,4,5,1,"other_litter"
2021,5,8,4,5,2,"other_litter"
2021,5,8,4,5,3,"other_plant"
2021,5,8,4,5,4,"other_plant"
2021,5,8,4,5,5,"other_litter"
2021,5,8,5,1,1,"other_plant"
2021,5,8,5,1,2,"bare_ground"
2021,5,8,5,1,3,"other_plant"
2021,5,8,5,1,4,"other_plant"
2021,5,8,5,1,5,"other_plant"
2021,5,8,5,2,1,"other_plant"
2021,5,8,5,2,2,"bare_ground"
2021,5,8,5,2,3,"bare_ground"
2021,5,8,5,2,4,"other_plant"
2021,5,8,5,2,5,"other_plant"
2021,5,8,5,3,1,"other_plant"
2021,5,8,5,3,2,"bare_ground"
2021,5,8,5,3,3,"other_plant"
2021,5,8,5,3,4,"other_plant"
2021,5,8,5,3,5,"other_plant"
2021,5,8,5,4,1,"other_plant"
2021,5,8,5,4,2,"other_plant"
2021,5,8,5,4,3,"other_plant"
2021,5,8,5,4,4,"other_plant"
2021,5,8,5,4,5,"bare_ground"
2021,5,8,5,5,1,"other_plant"
2021,5,8,5,5,2,"other_plant"
2021,5,8,5,5,3,"other_plant"
2021,5,8,5,5,4,"other_plant"
2021,5,8,5,5,5,"bare_ground"
2021,6,1,1,1,1,"other_litter"
2021,6,1,1,1,2,"other_litter"
2021,6,1,1,1,3,"other_plant"
2021,6,1,1,1,4,"other_plant"
2021,6,1,1,1,5,"other_plant"
2021,6,1,1,2,1,"other_plant"
2021,6,1,1,2,2,"other_plant"
2021,6,1,1,2,3,"other_litter"
2021,6,1,1,2,4,"other_plant"
2021,6,1,1,2,5,"other_plant"
2021,6,1,1,3,1,"other_plant"
2021,6,1,1,3,2,"other_plant"
2021,6,1,1,3,3,"other_plant"
2021,6,1,1,3,4,"other_plant"
2021,6,1,1,3,5,"other_litter"
2021,6,1,1,4,1,"bare_ground"
2021,6,1,1,4,2,"bare_ground"
2021,6,1,1,4,3,"bare_ground"
2021,6,1,1,4,4,"other_plant"
2021,6,1,1,4,5,"other_litter"
2021,6,1,1,5,1,"other_plant"
2021,6,1,1,5,2,"other_plant"
2021,6,1,1,5,3,"other_plant"
2021,6,1,1,5,4,"other_plant"
2021,6,1,1,5,5,"other_plant"
2021,6,1,2,1,1,"other_plant"
2021,6,1,2,1,2,"other_plant"
2021,6,1,2,1,3,"other_plant"
2021,6,1,2,1,4,"other_plant"
2021,6,1,2,1,5,"other_plant"
2021,6,1,2,2,1,"other_plant"
2021,6,1,2,2,2,"other_plant"
2021,6,1,2,2,3,"other_plant"
2021,6,1,2,2,4,"other_plant"
2021,6,1,2,2,5,"other_plant"
2021,6,1,2,3,1,"other_plant"
2021,6,1,2,3,2,"other_plant"
2021,6,1,2,3,3,"other_plant"
2021,6,1,2,3,4,"other_plant"
2021,6,1,2,3,5,"other_plant"
2021,6,1,2,4,1,"other_plant"
2021,6,1,2,4,2,"other_plant"
2021,6,1,2,4,3,"other_plant"
2021,6,1,2,4,4,"other_plant"
2021,6,1,2,4,5,"other_plant"
2021,6,1,2,5,1,"other_plant"
2021,6,1,2,5,2,"other_plant"
2021,6,1,2,5,3,"other_plant"
2021,6,1,2,5,4,"other_plant"
2021,6,1,2,5,5,"other_plant"
2021,6,1,3,1,1,"other_plant"
2021,6,1,3,1,2,"cheatgrass_plant"
2021,6,1,3,1,3,"cheatgrass_plant"
2021,6,1,3,1,4,"cheatgrass_plant"
2021,6,1,3,1,5,"other_plant"
2021,6,1,3,2,1,"bare_ground"
2021,6,1,3,2,2,"cheatgrass_plant"
2021,6,1,3,2,3,"other_plant"
2021,6,1,3,2,4,"cheatgrass_plant"
2021,6,1,3,2,5,"cheatgrass_plant"
2021,6,1,3,3,1,"cheatgrass_plant"
2021,6,1,3,3,2,"cheatgrass_plant"
2021,6,1,3,3,3,"cheatgrass_plant"
2021,6,1,3,3,4,"cheatgrass_plant"
2021,6,1,3,3,5,"cheatgrass_plant"
2021,6,1,3,4,1,"cheatgrass_plant"
2021,6,1,3,4,2,"cheatgrass_litter"
2021,6,1,3,4,3,"bare_ground"
2021,6,1,3,4,4,"bare_ground"
2021,6,1,3,4,5,"cheatgrass_plant"
2021,6,1,3,5,1,"cheatgrass_litter"
2021,6,1,3,5,2,"bare_ground"
2021,6,1,3,5,3,"bare_ground"
2021,6,1,3,5,4,"bare_ground"
2021,6,1,3,5,5,"cheatgrass_plant"
2021,6,1,4,1,1,"cheatgrass_plant"
2021,6,1,4,1,2,"cheatgrass_plant"
2021,6,1,4,1,3,"cheatgrass_plant"
2021,6,1,4,1,4,"cheatgrass_plant"
2021,6,1,4,1,5,"cheatgrass_plant"
2021,6,1,4,2,1,"cheatgrass_plant"
2021,6,1,4,2,2,"cheatgrass_plant"
2021,6,1,4,2,3,"cheatgrass_plant"
2021,6,1,4,2,4,"cheatgrass_plant"
2021,6,1,4,2,5,"cheatgrass_plant"
2021,6,1,4,3,1,"cheatgrass_plant"
2021,6,1,4,3,2,"cheatgrass_plant"
2021,6,1,4,3,3,"cheatgrass_plant"
2021,6,1,4,3,4,"other_plant"
2021,6,1,4,3,5,"cheatgrass_plant"
2021,6,1,4,4,1,"cheatgrass_plant"
2021,6,1,4,4,2,"cheatgrass_plant"
2021,6,1,4,4,3,"cheatgrass_plant"
2021,6,1,4,4,4,"cheatgrass_litter"
2021,6,1,4,4,5,"bare_ground"
2021,6,1,4,5,1,"other_plant"
2021,6,1,4,5,2,"cheatgrass_plant"
2021,6,1,4,5,3,"other_plant"
2021,6,1,4,5,4,"other_plant"
2021,6,1,4,5,5,"other_plant"
2021,6,1,5,1,1,"other_plant"
2021,6,1,5,1,2,"other_plant"
2021,6,1,5,1,3,"other_plant"
2021,6,1,5,1,4,"other_plant"
2021,6,1,5,1,5,"other_litter"
2021,6,1,5,2,1,"other_plant"
2021,6,1,5,2,2,"other_plant"
2021,6,1,5,2,3,"other_litter"
2021,6,1,5,2,4,"other_litter"
2021,6,1,5,2,5,"other_plant"
2021,6,1,5,3,1,"bare_ground"
2021,6,1,5,3,2,"bare_ground"
2021,6,1,5,3,3,"other_plant"
2021,6,1,5,3,4,"other_litter"
2021,6,1,5,3,5,"other_plant"
2021,6,1,5,4,1,"bare_ground"
2021,6,1,5,4,2,"bare_ground"
2021,6,1,5,4,3,"other_litter"
2021,6,1,5,4,4,"other_litter"
2021,6,1,5,4,5,"bare_ground"
2021,6,1,5,5,1,"bare_ground"
2021,6,1,5,5,2,"bare_ground"
2021,6,1,5,5,3,"other_plant"
2021,6,1,5,5,4,"other_plant"
2021,6,1,5,5,5,"other_plant"
2021,6,2,1,1,1,"other_plant"
2021,6,2,1,1,2,"other_plant"
2021,6,2,1,1,3,"other_litter"
2021,6,2,1,1,4,"other_plant"
2021,6,2,1,1,5,"other_litter"
2021,6,2,1,2,1,"other_plant"
2021,6,2,1,2,2,"other_plant"
2021,6,2,1,2,3,"other_litter"
2021,6,2,1,2,4,"bare_ground"
2021,6,2,1,2,5,"other_plant"
2021,6,2,1,3,1,"other_plant"
2021,6,2,1,3,2,"other_plant"
2021,6,2,1,3,3,"other_plant"
2021,6,2,1,3,4,"bare_ground"
2021,6,2,1,3,5,"other_plant"
2021,6,2,1,4,1,"other_litter"
2021,6,2,1,4,2,"other_plant"
2021,6,2,1,4,3,"other_litter"
2021,6,2,1,4,4,"other_litter"
2021,6,2,1,4,5,"other_plant"
2021,6,2,1,5,1,"other_plant"
2021,6,2,1,5,2,"other_plant"
2021,6,2,1,5,3,"other_plant"
2021,6,2,1,5,4,"other_litter"
2021,6,2,1,5,5,"other_plant"
2021,6,2,2,1,1,"other_plant"
2021,6,2,2,1,2,"other_litter"
2021,6,2,2,1,3,"other_litter"
2021,6,2,2,1,4,"other_plant"
2021,6,2,2,1,5,"other_plant"
2021,6,2,2,2,1,"other_plant"
2021,6,2,2,2,2,"other_litter"
2021,6,2,2,2,3,"bare_ground"
2021,6,2,2,2,4,"other_litter"
2021,6,2,2,2,5,"other_plant"
2021,6,2,2,3,1,"other_litter"
2021,6,2,2,3,2,"other_litter"
2021,6,2,2,3,3,"other_litter"
2021,6,2,2,3,4,"other_plant"
2021,6,2,2,3,5,"other_litter"
2021,6,2,2,4,1,"other_litter"
2021,6,2,2,4,2,"bare_ground"
2021,6,2,2,4,3,"other_plant"
2021,6,2,2,4,4,"other_plant"
2021,6,2,2,4,5,"other_plant"
2021,6,2,2,5,1,"other_litter"
2021,6,2,2,5,2,"other_litter"
2021,6,2,2,5,3,"other_plant"
2021,6,2,2,5,4,"other_plant"
2021,6,2,2,5,5,"other_plant"
2021,6,2,3,1,1,"other_litter"
2021,6,2,3,1,2,"other_plant"
2021,6,2,3,1,3,"other_plant"
2021,6,2,3,1,4,"other_plant"
2021,6,2,3,1,5,"other_plant"
2021,6,2,3,2,1,"other_plant"
2021,6,2,3,2,2,"other_plant"
2021,6,2,3,2,3,"other_plant"
2021,6,2,3,2,4,"other_plant"
2021,6,2,3,2,5,"other_plant"
2021,6,2,3,3,1,"other_plant"
2021,6,2,3,3,2,"other_plant"
2021,6,2,3,3,3,"other_plant"
2021,6,2,3,3,4,"other_plant"
2021,6,2,3,3,5,"other_plant"
2021,6,2,3,4,1,"other_plant"
2021,6,2,3,4,2,"other_plant"
2021,6,2,3,4,3,"other_plant"
2021,6,2,3,4,4,"other_litter"
2021,6,2,3,4,5,"other_litter"
2021,6,2,3,5,1,"other_plant"
2021,6,2,3,5,2,"other_plant"
2021,6,2,3,5,3,"other_plant"
2021,6,2,3,5,4,"other_plant"
2021,6,2,3,5,5,"other_plant"
2021,6,2,4,1,1,"other_litter"
2021,6,2,4,1,2,"other_plant"
2021,6,2,4,1,3,"other_plant"
2021,6,2,4,1,4,"other_plant"
2021,6,2,4,1,5,"other_plant"
2021,6,2,4,2,1,"other_litter"
2021,6,2,4,2,2,"other_plant"
2021,6,2,4,2,3,"other_litter"
2021,6,2,4,2,4,"other_plant"
2021,6,2,4,2,5,"other_plant"
2021,6,2,4,3,1,"other_plant"
2021,6,2,4,3,2,"other_plant"
2021,6,2,4,3,3,"other_litter"
2021,6,2,4,3,4,"other_plant"
2021,6,2,4,3,5,"other_plant"
2021,6,2,4,4,1,"other_plant"
2021,6,2,4,4,2,"other_litter"
2021,6,2,4,4,3,"other_plant"
2021,6,2,4,4,4,"other_plant"
2021,6,2,4,4,5,"other_litter"
2021,6,2,4,5,1,"other_plant"
2021,6,2,4,5,2,"other_plant"
2021,6,2,4,5,3,"other_plant"
2021,6,2,4,5,4,"other_litter"
2021,6,2,4,5,5,"other_litter"
2021,6,2,5,1,1,"cheatgrass_plant"
2021,6,2,5,1,2,"other_plant"
2021,6,2,5,1,3,"other_plant"
2021,6,2,5,1,4,"other_litter"
2021,6,2,5,1,5,"bare_ground"
2021,6,2,5,2,1,"other_plant"
2021,6,2,5,2,2,"other_plant"
2021,6,2,5,2,3,"cheatgrass_plant"
2021,6,2,5,2,4,"cheatgrass_plant"
2021,6,2,5,2,5,"cheatgrass_litter"
2021,6,2,5,3,1,"other_plant"
2021,6,2,5,3,2,"bare_ground"
2021,6,2,5,3,3,"cheatgrass_plant"
2021,6,2,5,3,4,"cheatgrass_plant"
2021,6,2,5,3,5,"cheatgrass_plant"
2021,6,2,5,4,1,"cheatgrass_plant"
2021,6,2,5,4,2,"cheatgrass_plant"
2021,6,2,5,4,3,"bare_ground"
2021,6,2,5,4,4,"cheatgrass_plant"
2021,6,2,5,4,5,"bare_ground"
2021,6,2,5,5,1,"other_litter"
2021,6,2,5,5,2,"other_plant"
2021,6,2,5,5,3,"cheatgrass_plant"
2021,6,2,5,5,4,"cheatgrass_plant"
2021,6,2,5,5,5,"other_plant"
2021,6,3,1,1,1,"other_plant"
2021,6,3,1,1,2,"other_plant"
2021,6,3,1,1,3,"other_plant"
2021,6,3,1,1,4,"other_plant"
2021,6,3,1,1,5,"other_plant"
2021,6,3,1,2,1,"other_plant"
2021,6,3,1,2,2,"other_plant"
2021,6,3,1,2,3,"other_plant"
2021,6,3,1,2,4,"other_plant"
2021,6,3,1,2,5,"other_plant"
2021,6,3,1,3,1,"other_plant"
2021,6,3,1,3,2,"other_plant"
2021,6,3,1,3,3,"other_plant"
2021,6,3,1,3,4,"other_plant"
2021,6,3,1,3,5,"other_plant"
2021,6,3,1,4,1,"other_plant"
2021,6,3,1,4,2,"other_plant"
2021,6,3,1,4,3,"other_plant"
2021,6,3,1,4,4,"other_plant"
2021,6,3,1,4,5,"other_plant"
2021,6,3,1,5,1,"other_plant"
2021,6,3,1,5,2,"other_plant"
2021,6,3,1,5,3,"other_plant"
2021,6,3,1,5,4,"other_plant"
2021,6,3,1,5,5,"other_litter"
2021,6,3,2,1,1,"other_plant"
2021,6,3,2,1,2,"other_litter"
2021,6,3,2,1,3,"other_plant"
2021,6,3,2,1,4,"other_litter"
2021,6,3,2,1,5,"other_plant"
2021,6,3,2,2,1,"other_litter"
2021,6,3,2,2,2,"other_litter"
2021,6,3,2,2,3,"other_plant"
2021,6,3,2,2,4,"other_litter"
2021,6,3,2,2,5,"other_litter"
2021,6,3,2,3,1,"other_plant"
2021,6,3,2,3,2,"other_plant"
2021,6,3,2,3,3,"other_plant"
2021,6,3,2,3,4,"other_plant"
2021,6,3,2,3,5,"other_plant"
2021,6,3,2,4,1,"other_plant"
2021,6,3,2,4,2,"other_plant"
2021,6,3,2,4,3,"other_plant"
2021,6,3,2,4,4,"other_plant"
2021,6,3,2,4,5,"other_plant"
2021,6,3,2,5,1,"other_litter"
2021,6,3,2,5,2,"other_plant"
2021,6,3,2,5,3,"other_plant"
2021,6,3,2,5,4,"other_litter"
2021,6,3,2,5,5,"other_plant"
2021,6,3,3,1,1,"bare_ground"
2021,6,3,3,1,2,"bare_ground"
2021,6,3,3,1,3,"bare_ground"
2021,6,3,3,1,4,"other_plant"
2021,6,3,3,1,5,"other_plant"
2021,6,3,3,2,1,"other_litter"
2021,6,3,3,2,2,"other_litter"
2021,6,3,3,2,3,"other_litter"
2021,6,3,3,2,4,"other_plant"
2021,6,3,3,2,5,"other_plant"
2021,6,3,3,3,1,"other_litter"
2021,6,3,3,3,2,"other_plant"
2021,6,3,3,3,3,"other_plant"
2021,6,3,3,3,4,"other_plant"
2021,6,3,3,3,5,"other_plant"
2021,6,3,3,4,1,"bare_ground"
2021,6,3,3,4,2,"bare_ground"
2021,6,3,3,4,3,"other_plant"
2021,6,3,3,4,4,"other_plant"
2021,6,3,3,4,5,"other_plant"
2021,6,3,3,5,1,"other_plant"
2021,6,3,3,5,2,"other_plant"
2021,6,3,3,5,3,"other_plant"
2021,6,3,3,5,4,"other_plant"
2021,6,3,3,5,5,"other_plant"
2021,6,3,4,1,1,"other_plant"
2021,6,3,4,1,2,"other_plant"
2021,6,3,4,1,3,"other_plant"
2021,6,3,4,1,4,"other_plant"
2021,6,3,4,1,5,"other_litter"
2021,6,3,4,2,1,"other_plant"
2021,6,3,4,2,2,"other_plant"
2021,6,3,4,2,3,"other_litter"
2021,6,3,4,2,4,"other_litter"
2021,6,3,4,2,5,"other_plant"
2021,6,3,4,3,1,"other_plant"
2021,6,3,4,3,2,"other_plant"
2021,6,3,4,3,3,"other_litter"
2021,6,3,4,3,4,"other_plant"
2021,6,3,4,3,5,"other_plant"
2021,6,3,4,4,1,"other_plant"
2021,6,3,4,4,2,"other_litter"
2021,6,3,4,4,3,"other_plant"
2021,6,3,4,4,4,"other_plant"
2021,6,3,4,4,5,"other_litter"
2021,6,3,4,5,1,"other_plant"
2021,6,3,4,5,2,"other_plant"
2021,6,3,4,5,3,"other_plant"
2021,6,3,4,5,4,"other_plant"
2021,6,3,4,5,5,"other_plant"
2021,6,3,5,1,1,"other_plant"
2021,6,3,5,1,2,"other_plant"
2021,6,3,5,1,3,"other_plant"
2021,6,3,5,1,4,"other_plant"
2021,6,3,5,1,5,"other_plant"
2021,6,3,5,2,1,"other_plant"
2021,6,3,5,2,2,"other_plant"
2021,6,3,5,2,3,"other_plant"
2021,6,3,5,2,4,"other_plant"
2021,6,3,5,2,5,"other_plant"
2021,6,3,5,3,1,"other_plant"
2021,6,3,5,3,2,"other_plant"
2021,6,3,5,3,3,"other_plant"
2021,6,3,5,3,4,"other_plant"
2021,6,3,5,3,5,"other_plant"
2021,6,3,5,4,1,"other_plant"
2021,6,3,5,4,2,"other_plant"
2021,6,3,5,4,3,"other_plant"
2021,6,3,5,4,4,"other_plant"
2021,6,3,5,4,5,"other_plant"
2021,6,3,5,5,1,"other_plant"
2021,6,3,5,5,2,"other_plant"
2021,6,3,5,5,3,"other_plant"
2021,6,3,5,5,4,"other_plant"
2021,6,3,5,5,5,"other_plant"
2021,6,4,1,1,1,"other_plant"
2021,6,4,1,1,2,"other_litter"
2021,6,4,1,1,3,"other_plant"
2021,6,4,1,1,4,"other_litter"
2021,6,4,1,1,5,"other_plant"
2021,6,4,1,2,1,"other_plant"
2021,6,4,1,2,2,"other_plant"
2021,6,4,1,2,3,"other_plant"
2021,6,4,1,2,4,"other_plant"
2021,6,4,1,2,5,"other_plant"
2021,6,4,1,3,1,"other_plant"
2021,6,4,1,3,2,"other_plant"
2021,6,4,1,3,3,"other_litter"
2021,6,4,1,3,4,"other_litter"
2021,6,4,1,3,5,"other_plant"
2021,6,4,1,4,1,"other_plant"
2021,6,4,1,4,2,"other_plant"
2021,6,4,1,4,3,"other_litter"
2021,6,4,1,4,4,"other_plant"
2021,6,4,1,4,5,"other_litter"
2021,6,4,1,5,1,"other_plant"
2021,6,4,1,5,2,"other_plant"
2021,6,4,1,5,3,"other_plant"
2021,6,4,1,5,4,"other_litter"
2021,6,4,1,5,5,"other_plant"
2021,6,4,2,1,1,"other_litter"
2021,6,4,2,1,2,"other_plant"
2021,6,4,2,1,3,"other_plant"
2021,6,4,2,1,4,"other_plant"
2021,6,4,2,1,5,"other_plant"
2021,6,4,2,2,1,"other_plant"
2021,6,4,2,2,2,"other_plant"
2021,6,4,2,2,3,"other_plant"
2021,6,4,2,2,4,"other_plant"
2021,6,4,2,2,5,"other_plant"
2021,6,4,2,3,1,"other_plant"
2021,6,4,2,3,2,"other_plant"
2021,6,4,2,3,3,"other_plant"
2021,6,4,2,3,4,"other_plant"
2021,6,4,2,3,5,"other_plant"
2021,6,4,2,4,1,"other_plant"
2021,6,4,2,4,2,"other_plant"
2021,6,4,2,4,3,"other_plant"
2021,6,4,2,4,4,"other_plant"
2021,6,4,2,4,5,"other_plant"
2021,6,4,2,5,1,"other_plant"
2021,6,4,2,5,2,"other_litter"
2021,6,4,2,5,3,"other_plant"
2021,6,4,2,5,4,"bare_ground"
2021,6,4,2,5,5,"other_plant"
2021,6,4,3,1,1,"other_litter"
2021,6,4,3,1,2,"other_plant"
2021,6,4,3,1,3,"other_plant"
2021,6,4,3,1,4,"other_litter"
2021,6,4,3,1,5,"other_litter"
2021,6,4,3,2,1,"other_plant"
2021,6,4,3,2,2,"other_plant"
2021,6,4,3,2,3,"other_plant"
2021,6,4,3,2,4,"other_plant"
2021,6,4,3,2,5,"other_litter"
2021,6,4,3,3,1,"cheatgrass_plant"
2021,6,4,3,3,2,"bare_ground"
2021,6,4,3,3,3,"bare_ground"
2021,6,4,3,3,4,"other_plant"
2021,6,4,3,3,5,"other_plant"
2021,6,4,3,4,1,"other_litter"
2021,6,4,3,4,2,"cheatgrass_litter"
2021,6,4,3,4,3,"other_plant"
2021,6,4,3,4,4,"other_plant"
2021,6,4,3,4,5,"cheatgrass_litter"
2021,6,4,3,5,1,"other_litter"
2021,6,4,3,5,2,"other_litter"
2021,6,4,3,5,3,"other_litter"
2021,6,4,3,5,4,"other_plant"
2021,6,4,3,5,5,"cheatgrass_plant"
2021,6,4,4,1,1,"other_litter"
2021,6,4,4,1,2,"cheatgrass_litter"
2021,6,4,4,1,3,"cheatgrass_litter"
2021,6,4,4,1,4,"cheatgrass_litter"
2021,6,4,4,1,5,"cheatgrass_plant"
2021,6,4,4,2,1,"other_plant"
2021,6,4,4,2,2,"cheatgrass_plant"
2021,6,4,4,2,3,"cheatgrass_plant"
2021,6,4,4,2,4,"cheatgrass_litter"
2021,6,4,4,2,5,"cheatgrass_plant"
2021,6,4,4,3,1,"cheatgrass_plant"
2021,6,4,4,3,2,"cheatgrass_litter"
2021,6,4,4,3,3,"cheatgrass_litter"
2021,6,4,4,3,4,"cheatgrass_plant"
2021,6,4,4,3,5,"other_plant"
2021,6,4,4,4,1,"cheatgrass_plant"
2021,6,4,4,4,2,"cheatgrass_litter"
2021,6,4,4,4,3,"cheatgrass_plant"
2021,6,4,4,4,4,"cheatgrass_plant"
2021,6,4,4,4,5,"cheatgrass_plant"
2021,6,4,4,5,1,"cheatgrass_plant"
2021,6,4,4,5,2,"cheatgrass_plant"
2021,6,4,4,5,3,"cheatgrass_plant"
2021,6,4,4,5,4,"cheatgrass_litter"
2021,6,4,4,5,5,"other_plant"
2021,6,4,5,1,1,"other_plant"
2021,6,4,5,1,2,"other_plant"
2021,6,4,5,1,3,"other_plant"
2021,6,4,5,1,4,"other_plant"
2021,6,4,5,1,5,"other_plant"
2021,6,4,5,2,1,"other_plant"
2021,6,4,5,2,2,"other_plant"
2021,6,4,5,2,3,"other_plant"
2021,6,4,5,2,4,"other_plant"
2021,6,4,5,2,5,"other_plant"
2021,6,4,5,3,1,"other_plant"
2021,6,4,5,3,2,"other_plant"
2021,6,4,5,3,3,"other_plant"
2021,6,4,5,3,4,"other_plant"
2021,6,4,5,3,5,"other_plant"
2021,6,4,5,4,1,"other_plant"
2021,6,4,5,4,2,"other_plant"
2021,6,4,5,4,3,"other_plant"
2021,6,4,5,4,4,"other_plant"
2021,6,4,5,4,5,"other_plant"
2021,6,4,5,5,1,"other_plant"
2021,6,4,5,5,2,"other_plant"
2021,6,4,5,5,3,"other_plant"
2021,6,4,5,5,4,"other_plant"
2021,6,4,5,5,5,"other_plant"
2021,6,5,1,1,1,"other_plant"
2021,6,5,1,1,2,"other_plant"
2021,6,5,1,1,3,"other_litter"
2021,6,5,1,1,4,"other_plant"
2021,6,5,1,1,5,"other_plant"
2021,6,5,1,2,1,"other_plant"
2021,6,5,1,2,2,"other_plant"
2021,6,5,1,2,3,"other_plant"
2021,6,5,1,2,4,"other_plant"
2021,6,5,1,2,5,"other_litter"
2021,6,5,1,3,1,"other_plant"
2021,6,5,1,3,2,"other_plant"
2021,6,5,1,3,3,"other_plant"
2021,6,5,1,3,4,"bare_ground"
2021,6,5,1,3,5,"other_litter"
2021,6,5,1,4,1,"other_plant"
2021,6,5,1,4,2,"other_plant"
2021,6,5,1,4,3,"other_plant"
2021,6,5,1,4,4,"other_plant"
2021,6,5,1,4,5,"other_litter"
2021,6,5,1,5,1,"other_litter"
2021,6,5,1,5,2,"other_plant"
2021,6,5,1,5,3,"other_plant"
2021,6,5,1,5,4,"other_plant"
2021,6,5,1,5,5,"other_plant"
2021,6,5,2,1,1,"bare_ground"
2021,6,5,2,1,2,"other_plant"
2021,6,5,2,1,3,"bare_ground"
2021,6,5,2,1,4,"other_plant"
2021,6,5,2,1,5,"other_plant"
2021,6,5,2,2,1,"other_plant"
2021,6,5,2,2,2,"other_plant"
2021,6,5,2,2,3,"bare_ground"
2021,6,5,2,2,4,"other_plant"
2021,6,5,2,2,5,"other_plant"
2021,6,5,2,3,1,"other_plant"
2021,6,5,2,3,2,"other_plant"
2021,6,5,2,3,3,"other_plant"
2021,6,5,2,3,4,"other_plant"
2021,6,5,2,3,5,"other_litter"
2021,6,5,2,4,1,"other_plant"
2021,6,5,2,4,2,"other_plant"
2021,6,5,2,4,3,"other_plant"
2021,6,5,2,4,4,"other_plant"
2021,6,5,2,4,5,"other_plant"
2021,6,5,2,5,1,"other_plant"
2021,6,5,2,5,2,"other_plant"
2021,6,5,2,5,3,"other_plant"
2021,6,5,2,5,4,"other_plant"
2021,6,5,2,5,5,"other_plant"
2021,6,5,3,1,1,"other_plant"
2021,6,5,3,1,2,"other_plant"
2021,6,5,3,1,3,"other_plant"
2021,6,5,3,1,4,"other_plant"
2021,6,5,3,1,5,"other_plant"
2021,6,5,3,2,1,"other_plant"
2021,6,5,3,2,2,"other_plant"
2021,6,5,3,2,3,"other_plant"
2021,6,5,3,2,4,"other_plant"
2021,6,5,3,2,5,"other_plant"
2021,6,5,3,3,1,"other_plant"
2021,6,5,3,3,2,"other_plant"
2021,6,5,3,3,3,"other_litter"
2021,6,5,3,3,4,"other_plant"
2021,6,5,3,3,5,"other_plant"
2021,6,5,3,4,1,"other_plant"
2021,6,5,3,4,2,"other_litter"
2021,6,5,3,4,3,"other_litter"
2021,6,5,3,4,4,"other_plant"
2021,6,5,3,4,5,"other_plant"
2021,6,5,3,5,1,"other_plant"
2021,6,5,3,5,2,"other_plant"
2021,6,5,3,5,3,"other_plant"
2021,6,5,3,5,4,"other_plant"
2021,6,5,3,5,5,"other_plant"
2021,6,5,4,1,1,"other_plant"
2021,6,5,4,1,2,"other_plant"
2021,6,5,4,1,3,"bare_ground"
2021,6,5,4,1,4,"other_plant"
2021,6,5,4,1,5,"other_plant"
2021,6,5,4,2,1,"other_plant"
2021,6,5,4,2,2,"other_litter"
2021,6,5,4,2,3,"other_plant"
2021,6,5,4,2,4,"other_litter"
2021,6,5,4,2,5,"other_litter"
2021,6,5,4,3,1,"other_litter"
2021,6,5,4,3,2,"other_plant"
2021,6,5,4,3,3,"other_plant"
2021,6,5,4,3,4,"other_litter"
2021,6,5,4,3,5,"bare_ground"
2021,6,5,4,4,1,"other_plant"
2021,6,5,4,4,2,"other_litter"
2021,6,5,4,4,3,"bare_ground"
2021,6,5,4,4,4,"other_litter"
2021,6,5,4,4,5,"other_litter"
2021,6,5,4,5,1,"other_plant"
2021,6,5,4,5,2,"other_litter"
2021,6,5,4,5,3,"other_litter"
2021,6,5,4,5,4,"other_plant"
2021,6,5,4,5,5,"other_plant"
2021,6,5,5,1,1,"bare_ground"
2021,6,5,5,1,2,"other_plant"
2021,6,5,5,1,3,"bare_ground"
2021,6,5,5,1,4,"other_plant"
2021,6,5,5,1,5,"other_litter"
2021,6,5,5,2,1,"other_plant"
2021,6,5,5,2,2,"other_plant"
2021,6,5,5,2,3,"other_plant"
2021,6,5,5,2,4,"other_litter"
2021,6,5,5,2,5,"other_plant"
2021,6,5,5,3,1,"other_plant"
2021,6,5,5,3,2,"bare_ground"
2021,6,5,5,3,3,"other_litter"
2021,6,5,5,3,4,"bare_ground"
2021,6,5,5,3,5,"bare_ground"
2021,6,5,5,4,1,"other_plant"
2021,6,5,5,4,2,"bare_ground"
2021,6,5,5,4,3,"other_plant"
2021,6,5,5,4,4,"other_plant"
2021,6,5,5,4,5,"bare_ground"
2021,6,5,5,5,1,"other_litter"
2021,6,5,5,5,2,"bare_ground"
2021,6,5,5,5,3,"other_litter"
2021,6,5,5,5,4,"other_plant"
2021,6,5,5,5,5,"bare_ground"
2021,6,6,1,1,1,"other_plant"
2021,6,6,1,1,2,"other_litter"
2021,6,6,1,1,3,"other_plant"
2021,6,6,1,1,4,"other_plant"
2021,6,6,1,1,5,"other_plant"
2021,6,6,1,2,1,"other_litter"
2021,6,6,1,2,2,"other_litter"
2021,6,6,1,2,3,"other_litter"
2021,6,6,1,2,4,"other_litter"
2021,6,6,1,2,5,"other_litter"
2021,6,6,1,3,1,"other_plant"
2021,6,6,1,3,2,"other_plant"
2021,6,6,1,3,3,"other_plant"
2021,6,6,1,3,4,"other_litter"
2021,6,6,1,3,5,"other_litter"
2021,6,6,1,4,1,"other_plant"
2021,6,6,1,4,2,"other_plant"
2021,6,6,1,4,3,"other_litter"
2021,6,6,1,4,4,"other_litter"
2021,6,6,1,4,5,"other_plant"
2021,6,6,1,5,1,"other_plant"
2021,6,6,1,5,2,"other_plant"
2021,6,6,1,5,3,"other_plant"
2021,6,6,1,5,4,"other_plant"
2021,6,6,1,5,5,"other_plant"
2021,6,6,2,1,1,"other_plant"
2021,6,6,2,1,2,"other_plant"
2021,6,6,2,1,3,"other_plant"
2021,6,6,2,1,4,"bare_ground"
2021,6,6,2,1,5,"bare_ground"
2021,6,6,2,2,1,"other_litter"
2021,6,6,2,2,2,"bare_ground"
2021,6,6,2,2,3,"bare_ground"
2021,6,6,2,2,4,"other_litter"
2021,6,6,2,2,5,"other_litter"
2021,6,6,2,3,1,"other_litter"
2021,6,6,2,3,2,"other_plant"
2021,6,6,2,3,3,"bare_ground"
2021,6,6,2,3,4,"other_litter"
2021,6,6,2,3,5,"other_litter"
2021,6,6,2,4,1,"other_plant"
2021,6,6,2,4,2,"bare_ground"
2021,6,6,2,4,3,"other_plant"
2021,6,6,2,4,4,"other_litter"
2021,6,6,2,4,5,"other_litter"
2021,6,6,2,5,1,"bare_ground"
2021,6,6,2,5,2,"bare_ground"
2021,6,6,2,5,3,"bare_ground"
2021,6,6,2,5,4,"other_plant"
2021,6,6,2,5,5,"other_plant"
2021,6,6,3,1,1,"bare_ground"
2021,6,6,3,1,2,"other_plant"
2021,6,6,3,1,3,"bare_ground"
2021,6,6,3,1,4,"other_plant"
2021,6,6,3,1,5,"other_plant"
2021,6,6,3,2,1,"bare_ground"
2021,6,6,3,2,2,"other_plant"
2021,6,6,3,2,3,"other_plant"
2021,6,6,3,2,4,"bare_ground"
2021,6,6,3,2,5,"other_plant"
2021,6,6,3,3,1,"bare_ground"
2021,6,6,3,3,2,"other_plant"
2021,6,6,3,3,3,"bare_ground"
2021,6,6,3,3,4,"bare_ground"
2021,6,6,3,3,5,"bare_ground"
2021,6,6,3,4,1,"other_litter"
2021,6,6,3,4,2,"other_plant"
2021,6,6,3,4,3,"bare_ground"
2021,6,6,3,4,4,"bare_ground"
2021,6,6,3,4,5,"other_litter"
2021,6,6,3,5,1,"other_litter"
2021,6,6,3,5,2,"bare_ground"
2021,6,6,3,5,3,"bare_ground"
2021,6,6,3,5,4,"bare_ground"
2021,6,6,3,5,5,"other_litter"
2021,6,6,4,1,1,"other_litter"
2021,6,6,4,1,2,"other_litter"
2021,6,6,4,1,3,"other_plant"
2021,6,6,4,1,4,"other_plant"
2021,6,6,4,1,5,"other_plant"
2021,6,6,4,2,1,"other_litter"
2021,6,6,4,2,2,"other_litter"
2021,6,6,4,2,3,"other_plant"
2021,6,6,4,2,4,"other_plant"
2021,6,6,4,2,5,"other_plant"
2021,6,6,4,3,1,"other_litter"
2021,6,6,4,3,2,"other_plant"
2021,6,6,4,3,3,"other_plant"
2021,6,6,4,3,4,"other_plant"
2021,6,6,4,3,5,"other_plant"
2021,6,6,4,4,1,"other_litter"
2021,6,6,4,4,2,"other_plant"
2021,6,6,4,4,3,"other_plant"
2021,6,6,4,4,4,"other_plant"
2021,6,6,4,4,5,"other_plant"
2021,6,6,4,5,1,"other_litter"
2021,6,6,4,5,2,"other_plant"
2021,6,6,4,5,3,"other_litter"
2021,6,6,4,5,4,"other_plant"
2021,6,6,4,5,5,"other_litter"
2021,6,6,5,1,1,"other_plant"
2021,6,6,5,1,2,"other_plant"
2021,6,6,5,1,3,"other_plant"
2021,6,6,5,1,4,"other_plant"
2021,6,6,5,1,5,"other_plant"
2021,6,6,5,2,1,"cheatgrass_litter"
2021,6,6,5,2,2,"other_plant"
2021,6,6,5,2,3,"other_plant"
2021,6,6,5,2,4,"other_plant"
2021,6,6,5,2,5,"other_plant"
2021,6,6,5,3,1,"other_plant"
2021,6,6,5,3,2,"other_plant"
2021,6,6,5,3,3,"other_litter"
2021,6,6,5,3,4,"other_plant"
2021,6,6,5,3,5,"other_plant"
2021,6,6,5,4,1,"cheatgrass_plant"
2021,6,6,5,4,2,"other_plant"
2021,6,6,5,4,3,"cheatgrass_plant"
2021,6,6,5,4,4,"other_plant"
2021,6,6,5,4,5,"other_plant"
2021,6,6,5,5,1,"other_plant"
2021,6,6,5,5,2,"cheatgrass_litter"
2021,6,6,5,5,3,"other_plant"
2021,6,6,5,5,4,"other_plant"
2021,6,6,5,5,5,"other_plant"
2021,6,7,1,1,1,"other_litter"
2021,6,7,1,1,2,"other_litter"
2021,6,7,1,1,3,"other_litter"
2021,6,7,1,1,4,"other_plant"
2021,6,7,1,1,5,"other_plant"
2021,6,7,1,2,1,"other_litter"
2021,6,7,1,2,2,"other_plant"
2021,6,7,1,2,3,"other_plant"
2021,6,7,1,2,4,"other_litter"
2021,6,7,1,2,5,"other_litter"
2021,6,7,1,3,1,"other_litter"
2021,6,7,1,3,2,"other_litter"
2021,6,7,1,3,3,"other_litter"
2021,6,7,1,3,4,"other_plant"
2021,6,7,1,3,5,"other_plant"
2021,6,7,1,4,1,"other_plant"
2021,6,7,1,4,2,"other_plant"
2021,6,7,1,4,3,"other_plant"
2021,6,7,1,4,4,"other_litter"
2021,6,7,1,4,5,"other_plant"
2021,6,7,1,5,1,"other_plant"
2021,6,7,1,5,2,"other_plant"
2021,6,7,1,5,3,"other_plant"
2021,6,7,1,5,4,"other_plant"
2021,6,7,1,5,5,"other_plant"
2021,6,7,2,1,1,"other_litter"
2021,6,7,2,1,2,"other_plant"
2021,6,7,2,1,3,"other_litter"
2021,6,7,2,1,4,"other_litter"
2021,6,7,2,1,5,"bare_ground"
2021,6,7,2,2,1,"other_litter"
2021,6,7,2,2,2,"other_plant"
2021,6,7,2,2,3,"other_plant"
2021,6,7,2,2,4,"other_plant"
2021,6,7,2,2,5,"bare_ground"
2021,6,7,2,3,1,"other_plant"
2021,6,7,2,3,2,"other_litter"
2021,6,7,2,3,3,"other_litter"
2021,6,7,2,3,4,"other_litter"
2021,6,7,2,3,5,"bare_ground"
2021,6,7,2,4,1,"other_plant"
2021,6,7,2,4,2,"other_plant"
2021,6,7,2,4,3,"other_plant"
2021,6,7,2,4,4,"other_litter"
2021,6,7,2,4,5,"other_litter"
2021,6,7,2,5,1,"other_litter"
2021,6,7,2,5,2,"other_plant"
2021,6,7,2,5,3,"other_plant"
2021,6,7,2,5,4,"other_plant"
2021,6,7,2,5,5,"other_plant"
2021,6,7,3,1,1,"other_plant"
2021,6,7,3,1,2,"bare_ground"
2021,6,7,3,1,3,"bare_ground"
2021,6,7,3,1,4,"bare_ground"
2021,6,7,3,1,5,"bare_ground"
2021,6,7,3,2,1,"other_plant"
2021,6,7,3,2,2,"other_plant"
2021,6,7,3,2,3,"bare_ground"
2021,6,7,3,2,4,"bare_ground"
2021,6,7,3,2,5,"bare_ground"
2021,6,7,3,3,1,"other_plant"
2021,6,7,3,3,2,"other_plant"
2021,6,7,3,3,3,"other_plant"
2021,6,7,3,3,4,"other_plant"
2021,6,7,3,3,5,"bare_ground"
2021,6,7,3,4,1,"other_plant"
2021,6,7,3,4,2,"other_litter"
2021,6,7,3,4,3,"other_litter"
2021,6,7,3,4,4,"other_plant"
2021,6,7,3,4,5,"other_plant"
2021,6,7,3,5,1,"other_litter"
2021,6,7,3,5,2,"bare_ground"
2021,6,7,3,5,3,"other_litter"
2021,6,7,3,5,4,"other_plant"
2021,6,7,3,5,5,"other_litter"
2021,6,7,4,1,1,"other_plant"
2021,6,7,4,1,2,"other_litter"
2021,6,7,4,1,3,"bare_ground"
2021,6,7,4,1,4,"other_plant"
2021,6,7,4,1,5,"other_plant"
2021,6,7,4,2,1,"other_plant"
2021,6,7,4,2,2,"other_plant"
2021,6,7,4,2,3,"other_litter"
2021,6,7,4,2,4,"other_plant"
2021,6,7,4,2,5,"other_litter"
2021,6,7,4,3,1,"other_litter"
2021,6,7,4,3,2,"other_litter"
2021,6,7,4,3,3,"other_plant"
2021,6,7,4,3,4,"other_litter"
2021,6,7,4,3,5,"other_litter"
2021,6,7,4,4,1,"bare_ground"
2021,6,7,4,4,2,"bare_ground"
2021,6,7,4,4,3,"other_litter"
2021,6,7,4,4,4,"bare_ground"
2021,6,7,4,4,5,"bare_ground"
2021,6,7,4,5,1,"bare_ground"
2021,6,7,4,5,2,"bare_ground"
2021,6,7,4,5,3,"bare_ground"
2021,6,7,4,5,4,"bare_ground"
2021,6,7,4,5,5,"bare_ground"
2021,6,7,5,1,1,"other_plant"
2021,6,7,5,1,2,"other_plant"
2021,6,7,5,1,3,"other_plant"
2021,6,7,5,1,4,"other_plant"
2021,6,7,5,1,5,"other_plant"
2021,6,7,5,2,1,"other_plant"
2021,6,7,5,2,2,"other_plant"
2021,6,7,5,2,3,"other_plant"
2021,6,7,5,2,4,"other_plant"
2021,6,7,5,2,5,"other_plant"
2021,6,7,5,3,1,"other_plant"
2021,6,7,5,3,2,"other_plant"
2021,6,7,5,3,3,"other_plant"
2021,6,7,5,3,4,"other_plant"
2021,6,7,5,3,5,"other_plant"
2021,6,7,5,4,1,"other_plant"
2021,6,7,5,4,2,"other_plant"
2021,6,7,5,4,3,"other_plant"
2021,6,7,5,4,4,"other_plant"
2021,6,7,5,4,5,"other_plant"
2021,6,7,5,5,1,"other_plant"
2021,6,7,5,5,2,"other_plant"
2021,6,7,5,5,3,"other_plant"
2021,6,7,5,5,4,"other_plant"
2021,6,7,5,5,5,"other_plant"
2021,6,8,1,1,1,"bare_ground"
2021,6,8,1,1,2,"bare_ground"
2021,6,8,1,1,3,"other_plant"
2021,6,8,1,1,4,"other_plant"
2021,6,8,1,1,5,"other_litter"
2021,6,8,1,2,1,"other_litter"
2021,6,8,1,2,2,"other_plant"
2021,6,8,1,2,3,"other_plant"
2021,6,8,1,2,4,"other_plant"
2021,6,8,1,2,5,"other_plant"
2021,6,8,1,3,1,"bare_ground"
2021,6,8,1,3,2,"other_litter"
2021,6,8,1,3,3,"bare_ground"
2021,6,8,1,3,4,"other_litter"
2021,6,8,1,3,5,"bare_ground"
2021,6,8,1,4,1,"other_plant"
2021,6,8,1,4,2,"bare_ground"
2021,6,8,1,4,3,"bare_ground"
2021,6,8,1,4,4,"other_plant"
2021,6,8,1,4,5,"bare_ground"
2021,6,8,1,5,1,"other_plant"
2021,6,8,1,5,2,"bare_ground"
2021,6,8,1,5,3,"other_plant"
2021,6,8,1,5,4,"bare_ground"
2021,6,8,1,5,5,"bare_ground"
2021,6,8,2,1,1,"other_litter"
2021,6,8,2,1,2,"other_plant"
2021,6,8,2,1,3,"other_plant"
2021,6,8,2,1,4,"bare_ground"
2021,6,8,2,1,5,"bare_ground"
2021,6,8,2,2,1,"other_plant"
2021,6,8,2,2,2,"other_plant"
2021,6,8,2,2,3,"other_plant"
2021,6,8,2,2,4,"other_litter"
2021,6,8,2,2,5,"bare_ground"
2021,6,8,2,3,1,"other_plant"
2021,6,8,2,3,2,"other_plant"
2021,6,8,2,3,3,"bare_ground"
2021,6,8,2,3,4,"bare_ground"
2021,6,8,2,3,5,"other_litter"
2021,6,8,2,4,1,"other_plant"
2021,6,8,2,4,2,"bare_ground"
2021,6,8,2,4,3,"bare_ground"
2021,6,8,2,4,4,"other_litter"
2021,6,8,2,4,5,"other_litter"
2021,6,8,2,5,1,"bare_ground"
2021,6,8,2,5,2,"other_plant"
2021,6,8,2,5,3,"other_plant"
2021,6,8,2,5,4,"other_litter"
2021,6,8,2,5,5,"other_litter"
2021,6,8,3,1,1,"other_plant"
2021,6,8,3,1,2,"cheatgrass_litter"
2021,6,8,3,1,3,"other_litter"
2021,6,8,3,1,4,"other_plant"
2021,6,8,3,1,5,"other_plant"
2021,6,8,3,2,1,"bare_ground"
2021,6,8,3,2,2,"cheatgrass_litter"
2021,6,8,3,2,3,"other_litter"
2021,6,8,3,2,4,"bare_ground"
2021,6,8,3,2,5,"bare_ground"
2021,6,8,3,3,1,"other_plant"
2021,6,8,3,3,2,"bare_ground"
2021,6,8,3,3,3,"bare_ground"
2021,6,8,3,3,4,"other_plant"
2021,6,8,3,3,5,"bare_ground"
2021,6,8,3,4,1,"other_plant"
2021,6,8,3,4,2,"bare_ground"
2021,6,8,3,4,3,"other_litter"
2021,6,8,3,4,4,"other_plant"
2021,6,8,3,4,5,"other_plant"
2021,6,8,3,5,1,"bare_ground"
2021,6,8,3,5,2,"other_plant"
2021,6,8,3,5,3,"other_plant"
2021,6,8,3,5,4,"other_plant"
2021,6,8,3,5,5,"bare_ground"
2021,6,8,4,1,1,"other_plant"
2021,6,8,4,1,2,"other_plant"
2021,6,8,4,1,3,"other_plant"
2021,6,8,4,1,4,"other_plant"
2021,6,8,4,1,5,"other_plant"
2021,6,8,4,2,1,"other_plant"
2021,6,8,4,2,2,"other_plant"
2021,6,8,4,2,3,"other_plant"
2021,6,8,4,2,4,"other_plant"
2021,6,8,4,2,5,"other_plant"
2021,6,8,4,3,1,"other_plant"
2021,6,8,4,3,2,"other_plant"
2021,6,8,4,3,3,"other_plant"
2021,6,8,4,3,4,"other_plant"
2021,6,8,4,3,5,"other_plant"
2021,6,8,4,4,1,"other_plant"
2021,6,8,4,4,2,"other_plant"
2021,6,8,4,4,3,"other_plant"
2021,6,8,4,4,4,"other_plant"
2021,6,8,4,4,5,"other_plant"
2021,6,8,4,5,1,"other_plant"
2021,6,8,4,5,2,"other_plant"
2021,6,8,4,5,3,"other_plant"
2021,6,8,4,5,4,"other_plant"
2021,6,8,4,5,5,"other_plant"
2021,6,8,5,1,1,"other_plant"
2021,6,8,5,1,2,"other_plant"
2021,6,8,5,1,3,"other_plant"
2021,6,8,5,1,4,"other_plant"
2021,6,8,5,1,5,"other_plant"
2021,6,8,5,2,1,"other_plant"
2021,6,8,5,2,2,"other_plant"
2021,6,8,5,2,3,"other_plant"
2021,6,8,5,2,4,"other_plant"
2021,6,8,5,2,5,"other_plant"
2021,6,8,5,3,1,"other_plant"
2021,6,8,5,3,2,"other_plant"
2021,6,8,5,3,3,"other_plant"
2021,6,8,5,3,4,"other_plant"
2021,6,8,5,3,5,"other_plant"
2021,6,8,5,4,1,"other_plant"
2021,6,8,5,4,2,"other_plant"
2021,6,8,5,4,3,"other_plant"
2021,6,8,5,4,4,"other_plant"
2021,6,8,5,4,5,"other_plant"
2021,6,8,5,5,1,"bare_ground"
2021,6,8,5,5,2,"cheatgrass_plant"
2021,6,8,5,5,3,"other_plant"
2021,6,8,5,5,4,"other_plant"
2021,6,8,5,5,5,"other_plant"
2021,7,1,1,1,1,"bare_ground"
2021,7,1,1,1,2,"bare_ground"
2021,7,1,1,1,3,"other_litter"
2021,7,1,1,1,4,"bare_ground"
2021,7,1,1,1,5,"bare_ground"
2021,7,1,1,2,1,"cheatgrass_plant"
2021,7,1,1,2,2,"other_plant"
2021,7,1,1,2,3,"other_plant"
2021,7,1,1,2,4,"other_litter"
2021,7,1,1,2,5,"bare_ground"
2021,7,1,1,3,1,"cheatgrass_litter"
2021,7,1,1,3,2,"other_plant"
2021,7,1,1,3,3,"other_plant"
2021,7,1,1,3,4,"cheatgrass_plant"
2021,7,1,1,3,5,"other_plant"
2021,7,1,1,4,1,"other_plant"
2021,7,1,1,4,2,"other_plant"
2021,7,1,1,4,3,"cheatgrass_plant"
2021,7,1,1,4,4,"cheatgrass_plant"
2021,7,1,1,4,5,"other_plant"
2021,7,1,1,5,1,"other_litter"
2021,7,1,1,5,2,"cheatgrass_plant"
2021,7,1,1,5,3,"other_plant"
2021,7,1,1,5,4,"cheatgrass_litter"
2021,7,1,1,5,5,"cheatgrass_litter"
2021,7,1,2,1,1,"other_plant"
2021,7,1,2,1,2,"other_plant"
2021,7,1,2,1,3,"other_plant"
2021,7,1,2,1,4,"other_plant"
2021,7,1,2,1,5,"other_plant"
2021,7,1,2,2,1,"other_plant"
2021,7,1,2,2,2,"other_plant"
2021,7,1,2,2,3,"other_plant"
2021,7,1,2,2,4,"other_plant"
2021,7,1,2,2,5,"other_plant"
2021,7,1,2,3,1,"other_plant"
2021,7,1,2,3,2,"other_plant"
2021,7,1,2,3,3,"other_plant"
2021,7,1,2,3,4,"other_plant"
2021,7,1,2,3,5,"other_plant"
2021,7,1,2,4,1,"other_plant"
2021,7,1,2,4,2,"other_plant"
2021,7,1,2,4,3,"other_plant"
2021,7,1,2,4,4,"other_plant"
2021,7,1,2,4,5,"other_plant"
2021,7,1,2,5,1,"other_plant"
2021,7,1,2,5,2,"other_plant"
2021,7,1,2,5,3,"other_plant"
2021,7,1,2,5,4,"other_plant"
2021,7,1,2,5,5,"other_plant"
2021,7,1,3,1,1,"other_plant"
2021,7,1,3,1,2,"other_plant"
2021,7,1,3,1,3,"other_plant"
2021,7,1,3,1,4,"other_plant"
2021,7,1,3,1,5,"other_plant"
2021,7,1,3,2,1,"other_plant"
2021,7,1,3,2,2,"other_plant"
2021,7,1,3,2,3,"other_plant"
2021,7,1,3,2,4,"other_plant"
2021,7,1,3,2,5,"other_plant"
2021,7,1,3,3,1,"other_plant"
2021,7,1,3,3,2,"other_plant"
2021,7,1,3,3,3,"other_plant"
2021,7,1,3,3,4,"other_plant"
2021,7,1,3,3,5,"other_plant"
2021,7,1,3,4,1,"other_litter"
2021,7,1,3,4,2,"other_plant"
2021,7,1,3,4,3,"other_plant"
2021,7,1,3,4,4,"other_plant"
2021,7,1,3,4,5,"other_litter"
2021,7,1,3,5,1,"other_litter"
2021,7,1,3,5,2,"other_litter"
2021,7,1,3,5,3,"other_plant"
2021,7,1,3,5,4,"other_plant"
2021,7,1,3,5,5,"other_plant"
2021,7,1,4,1,1,"other_plant"
2021,7,1,4,1,2,"other_litter"
2021,7,1,4,1,3,"bare_ground"
2021,7,1,4,1,4,"bare_ground"
2021,7,1,4,1,5,"other_plant"
2021,7,1,4,2,1,"other_plant"
2021,7,1,4,2,2,"other_litter"
2021,7,1,4,2,3,"other_litter"
2021,7,1,4,2,4,"other_plant"
2021,7,1,4,2,5,"cheatgrass_litter"
2021,7,1,4,3,1,"other_litter"
2021,7,1,4,3,2,"other_plant"
2021,7,1,4,3,3,"cheatgrass_litter"
2021,7,1,4,3,4,"cheatgrass_plant"
2021,7,1,4,3,5,"other_plant"
2021,7,1,4,4,1,"other_plant"
2021,7,1,4,4,2,"other_litter"
2021,7,1,4,4,3,"cheatgrass_litter"
2021,7,1,4,4,4,"other_plant"
2021,7,1,4,4,5,"other_plant"
2021,7,1,4,5,1,"other_litter"
2021,7,1,4,5,2,"other_plant"
2021,7,1,4,5,3,"other_plant"
2021,7,1,4,5,4,"other_litter"
2021,7,1,4,5,5,"cheatgrass_litter"
2021,7,1,5,1,1,"bare_ground"
2021,7,1,5,1,2,"other_plant"
2021,7,1,5,1,3,"other_plant"
2021,7,1,5,1,4,"other_plant"
2021,7,1,5,1,5,"other_plant"
2021,7,1,5,2,1,"bare_ground"
2021,7,1,5,2,2,"cheatgrass_litter"
2021,7,1,5,2,3,"other_litter"
2021,7,1,5,2,4,"other_plant"
2021,7,1,5,2,5,"other_plant"
2021,7,1,5,3,1,"bare_ground"
2021,7,1,5,3,2,"cheatgrass_plant"
2021,7,1,5,3,3,"other_litter"
2021,7,1,5,3,4,"other_litter"
2021,7,1,5,3,5,"other_plant"
2021,7,1,5,4,1,"other_plant"
2021,7,1,5,4,2,"other_litter"
2021,7,1,5,4,3,"other_plant"
2021,7,1,5,4,4,"cheatgrass_plant"
2021,7,1,5,4,5,"other_plant"
2021,7,1,5,5,1,"cheatgrass_plant"
2021,7,1,5,5,2,"other_plant"
2021,7,1,5,5,3,"other_plant"
2021,7,1,5,5,4,"cheatgrass_litter"
2021,7,1,5,5,5,"cheatgrass_plant"
2021,7,2,1,1,1,"other_litter"
2021,7,2,1,1,2,"cheatgrass_litter"
2021,7,2,1,1,3,"other_plant"
2021,7,2,1,1,4,"bare_ground"
2021,7,2,1,1,5,"other_plant"
2021,7,2,1,2,1,"other_litter"
2021,7,2,1,2,2,"other_litter"
2021,7,2,1,2,3,"other_litter"
2021,7,2,1,2,4,"cheatgrass_plant"
2021,7,2,1,2,5,"other_plant"
2021,7,2,1,3,1,"other_litter"
2021,7,2,1,3,2,"other_litter"
2021,7,2,1,3,3,"other_litter"
2021,7,2,1,3,4,"other_plant"
2021,7,2,1,3,5,"other_plant"
2021,7,2,1,4,1,"other_litter"
2021,7,2,1,4,2,"other_plant"
2021,7,2,1,4,3,"other_plant"
2021,7,2,1,4,4,"other_plant"
2021,7,2,1,4,5,"cheatgrass_plant"
2021,7,2,1,5,1,"other_plant"
2021,7,2,1,5,2,"other_plant"
2021,7,2,1,5,3,"other_litter"
2021,7,2,1,5,4,"other_plant"
2021,7,2,1,5,5,"other_plant"
2021,7,2,2,1,1,"other_litter"
2021,7,2,2,1,2,"other_plant"
2021,7,2,2,1,3,"other_plant"
2021,7,2,2,1,4,"other_plant"
2021,7,2,2,1,5,"other_plant"
2021,7,2,2,2,1,"other_litter"
2021,7,2,2,2,2,"other_litter"
2021,7,2,2,2,3,"other_plant"
2021,7,2,2,2,4,"other_plant"
2021,7,2,2,2,5,"other_litter"
2021,7,2,2,3,1,"other_plant"
2021,7,2,2,3,2,"other_plant"
2021,7,2,2,3,3,"other_litter"
2021,7,2,2,3,4,"other_plant"
2021,7,2,2,3,5,"other_plant"
2021,7,2,2,4,1,"other_plant"
2021,7,2,2,4,2,"other_plant"
2021,7,2,2,4,3,"other_plant"
2021,7,2,2,4,4,"other_plant"
2021,7,2,2,4,5,"other_plant"
2021,7,2,2,5,1,"other_litter"
2021,7,2,2,5,2,"other_plant"
2021,7,2,2,5,3,"other_plant"
2021,7,2,2,5,4,"other_plant"
2021,7,2,2,5,5,"other_litter"
2021,7,2,3,1,1,"other_plant"
2021,7,2,3,1,2,"other_litter"
2021,7,2,3,1,3,"other_litter"
2021,7,2,3,1,4,"other_litter"
2021,7,2,3,1,5,"other_plant"
2021,7,2,3,2,1,"other_litter"
2021,7,2,3,2,2,"other_plant"
2021,7,2,3,2,3,"other_litter"
2021,7,2,3,2,4,"other_litter"
2021,7,2,3,2,5,"other_plant"
2021,7,2,3,3,1,"other_plant"
2021,7,2,3,3,2,"other_plant"
2021,7,2,3,3,3,"other_plant"
2021,7,2,3,3,4,"other_plant"
2021,7,2,3,3,5,"other_plant"
2021,7,2,3,4,1,"other_litter"
2021,7,2,3,4,2,"other_plant"
2021,7,2,3,4,3,"other_plant"
2021,7,2,3,4,4,"other_plant"
2021,7,2,3,4,5,"other_plant"
2021,7,2,3,5,1,"other_plant"
2021,7,2,3,5,2,"other_plant"
2021,7,2,3,5,3,"other_litter"
2021,7,2,3,5,4,"other_plant"
2021,7,2,3,5,5,"other_plant"
2021,7,2,4,1,1,"cheatgrass_litter"
2021,7,2,4,1,2,"bare_ground"
2021,7,2,4,1,3,"other_litter"
2021,7,2,4,1,4,"other_plant"
2021,7,2,4,1,5,"other_plant"
2021,7,2,4,2,1,"other_plant"
2021,7,2,4,2,2,"other_litter"
2021,7,2,4,2,3,"other_plant"
2021,7,2,4,2,4,"other_plant"
2021,7,2,4,2,5,"other_litter"
2021,7,2,4,3,1,"cheatgrass_litter"
2021,7,2,4,3,2,"cheatgrass_litter"
2021,7,2,4,3,3,"other_plant"
2021,7,2,4,3,4,"other_litter"
2021,7,2,4,3,5,"other_litter"
2021,7,2,4,4,1,"other_litter"
2021,7,2,4,4,2,"other_plant"
2021,7,2,4,4,3,"other_plant"
2021,7,2,4,4,4,"other_plant"
2021,7,2,4,4,5,"other_litter"
2021,7,2,4,5,1,"other_plant"
2021,7,2,4,5,2,"other_plant"
2021,7,2,4,5,3,"other_litter"
2021,7,2,4,5,4,"other_plant"
2021,7,2,4,5,5,"other_plant"
2021,7,2,5,1,1,"cheatgrass_plant"
2021,7,2,5,1,2,"other_plant"
2021,7,2,5,1,3,"other_plant"
2021,7,2,5,1,4,"other_plant"
2021,7,2,5,1,5,"cheatgrass_plant"
2021,7,2,5,2,1,"cheatgrass_plant"
2021,7,2,5,2,2,"cheatgrass_plant"
2021,7,2,5,2,3,"cheatgrass_plant"
2021,7,2,5,2,4,"other_plant"
2021,7,2,5,2,5,"cheatgrass_plant"
2021,7,2,5,3,1,"cheatgrass_plant"
2021,7,2,5,3,2,"cheatgrass_plant"
2021,7,2,5,3,3,"other_litter"
2021,7,2,5,3,4,"cheatgrass_plant"
2021,7,2,5,3,5,"cheatgrass_plant"
2021,7,2,5,4,1,"cheatgrass_plant"
2021,7,2,5,4,2,"other_plant"
2021,7,2,5,4,3,"cheatgrass_plant"
2021,7,2,5,4,4,"other_litter"
2021,7,2,5,4,5,"other_plant"
2021,7,2,5,5,1,"cheatgrass_plant"
2021,7,2,5,5,2,"cheatgrass_plant"
2021,7,2,5,5,3,"cheatgrass_plant"
2021,7,2,5,5,4,"cheatgrass_plant"
2021,7,2,5,5,5,"cheatgrass_litter"
2021,7,3,1,1,1,"other_litter"
2021,7,3,1,1,2,"other_litter"
2021,7,3,1,1,3,"cheatgrass_plant"
2021,7,3,1,1,4,"bare_ground"
2021,7,3,1,1,5,"other_plant"
2021,7,3,1,2,1,"bare_ground"
2021,7,3,1,2,2,"cheatgrass_plant"
2021,7,3,1,2,3,"cheatgrass_plant"
2021,7,3,1,2,4,"cheatgrass_plant"
2021,7,3,1,2,5,"bare_ground"
2021,7,3,1,3,1,"cheatgrass_plant"
2021,7,3,1,3,2,"cheatgrass_plant"
2021,7,3,1,3,3,"cheatgrass_litter"
2021,7,3,1,3,4,"other_plant"
2021,7,3,1,3,5,"cheatgrass_litter"
2021,7,3,1,4,1,"cheatgrass_plant"
2021,7,3,1,4,2,"cheatgrass_plant"
2021,7,3,1,4,3,"cheatgrass_plant"
2021,7,3,1,4,4,"other_plant"
2021,7,3,1,4,5,"cheatgrass_plant"
2021,7,3,1,5,1,"bare_ground"
2021,7,3,1,5,2,"cheatgrass_plant"
2021,7,3,1,5,3,"cheatgrass_plant"
2021,7,3,1,5,4,"other_plant"
2021,7,3,1,5,5,"other_plant"
2021,7,3,2,1,1,"other_plant"
2021,7,3,2,1,2,"other_plant"
2021,7,3,2,1,3,"other_plant"
2021,7,3,2,1,4,"other_plant"
2021,7,3,2,1,5,"other_plant"
2021,7,3,2,2,1,"other_plant"
2021,7,3,2,2,2,"other_plant"
2021,7,3,2,2,3,"other_plant"
2021,7,3,2,2,4,"other_plant"
2021,7,3,2,2,5,"other_plant"
2021,7,3,2,3,1,"other_plant"
2021,7,3,2,3,2,"other_plant"
2021,7,3,2,3,3,"other_plant"
2021,7,3,2,3,4,"other_plant"
2021,7,3,2,3,5,"other_plant"
2021,7,3,2,4,1,"other_plant"
2021,7,3,2,4,2,"other_plant"
2021,7,3,2,4,3,"other_plant"
2021,7,3,2,4,4,"other_plant"
2021,7,3,2,4,5,"other_plant"
2021,7,3,2,5,1,"other_plant"
2021,7,3,2,5,2,"other_plant"
2021,7,3,2,5,3,"other_plant"
2021,7,3,2,5,4,"other_plant"
2021,7,3,2,5,5,"other_plant"
2021,7,3,3,1,1,"other_plant"
2021,7,3,3,1,2,"other_plant"
2021,7,3,3,1,3,"other_plant"
2021,7,3,3,1,4,"other_plant"
2021,7,3,3,1,5,"other_plant"
2021,7,3,3,2,1,"other_litter"
2021,7,3,3,2,2,"other_plant"
2021,7,3,3,2,3,"cheatgrass_plant"
2021,7,3,3,2,4,"cheatgrass_litter"
2021,7,3,3,2,5,"other_plant"
2021,7,3,3,3,1,"other_plant"
2021,7,3,3,3,2,"other_plant"
2021,7,3,3,3,3,"other_plant"
2021,7,3,3,3,4,"other_plant"
2021,7,3,3,3,5,"other_plant"
2021,7,3,3,4,1,"cheatgrass_plant"
2021,7,3,3,4,2,"other_plant"
2021,7,3,3,4,3,"cheatgrass_litter"
2021,7,3,3,4,4,"other_plant"
2021,7,3,3,4,5,"cheatgrass_litter"
2021,7,3,3,5,1,"cheatgrass_plant"
2021,7,3,3,5,2,"other_litter"
2021,7,3,3,5,3,"other_litter"
2021,7,3,3,5,4,"cheatgrass_plant"
2021,7,3,3,5,5,"cheatgrass_plant"
2021,7,3,4,1,1,"other_plant"
2021,7,3,4,1,2,"other_litter"
2021,7,3,4,1,3,"other_plant"
2021,7,3,4,1,4,"other_litter"
2021,7,3,4,1,5,"other_plant"
2021,7,3,4,2,1,"other_litter"
2021,7,3,4,2,2,"other_plant"
2021,7,3,4,2,3,"other_plant"
2021,7,3,4,2,4,"other_plant"
2021,7,3,4,2,5,"other_litter"
2021,7,3,4,3,1,"other_litter"
2021,7,3,4,3,2,"other_plant"
2021,7,3,4,3,3,"other_plant"
2021,7,3,4,3,4,"bare_ground"
2021,7,3,4,3,5,"other_litter"
2021,7,3,4,4,1,"other_plant"
2021,7,3,4,4,2,"other_plant"
2021,7,3,4,4,3,"bare_ground"
2021,7,3,4,4,4,"other_plant"
2021,7,3,4,4,5,"cheatgrass_plant"
2021,7,3,4,5,1,"other_plant"
2021,7,3,4,5,2,"other_plant"
2021,7,3,4,5,3,"other_litter"
2021,7,3,4,5,4,"other_plant"
2021,7,3,4,5,5,"other_plant"
2021,7,3,5,1,1,"other_litter"
2021,7,3,5,1,2,"other_plant"
2021,7,3,5,1,3,"other_litter"
2021,7,3,5,1,4,"other_litter"
2021,7,3,5,1,5,"other_plant"
2021,7,3,5,2,1,"other_plant"
2021,7,3,5,2,2,"other_litter"
2021,7,3,5,2,3,"cheatgrass_plant"
2021,7,3,5,2,4,"other_litter"
2021,7,3,5,2,5,"cheatgrass_litter"
2021,7,3,5,3,1,"other_plant"
2021,7,3,5,3,2,"cheatgrass_plant"
2021,7,3,5,3,3,"cheatgrass_plant"
2021,7,3,5,3,4,"other_litter"
2021,7,3,5,3,5,"other_litter"
2021,7,3,5,4,1,"cheatgrass_litter"
2021,7,3,5,4,2,"other_plant"
2021,7,3,5,4,3,"other_litter"
2021,7,3,5,4,4,"cheatgrass_plant"
2021,7,3,5,4,5,"cheatgrass_litter"
2021,7,3,5,5,1,"cheatgrass_litter"
2021,7,3,5,5,2,"cheatgrass_plant"
2021,7,3,5,5,3,"other_plant"
2021,7,3,5,5,4,"cheatgrass_litter"
2021,7,3,5,5,5,"bare_ground"
2021,7,4,1,1,1,"bare_ground"
2021,7,4,1,1,2,"bare_ground"
2021,7,4,1,1,3,"other_litter"
2021,7,4,1,1,4,"bare_ground"
2021,7,4,1,1,5,"other_litter"
2021,7,4,1,2,1,"bare_ground"
2021,7,4,1,2,2,"bare_ground"
2021,7,4,1,2,3,"bare_ground"
2021,7,4,1,2,4,"other_litter"
2021,7,4,1,2,5,"other_litter"
2021,7,4,1,3,1,"bare_ground"
2021,7,4,1,3,2,"bare_ground"
2021,7,4,1,3,3,"bare_ground"
2021,7,4,1,3,4,"bare_ground"
2021,7,4,1,3,5,"other_litter"
2021,7,4,1,4,1,"bare_ground"
2021,7,4,1,4,2,"other_plant"
2021,7,4,1,4,3,"other_litter"
2021,7,4,1,4,4,"other_litter"
2021,7,4,1,4,5,"other_litter"
2021,7,4,1,5,1,"other_litter"
2021,7,4,1,5,2,"bare_ground"
2021,7,4,1,5,3,"other_litter"
2021,7,4,1,5,4,"bare_ground"
2021,7,4,1,5,5,"bare_ground"
2021,7,4,2,1,1,"other_plant"
2021,7,4,2,1,2,"cheatgrass_litter"
2021,7,4,2,1,3,"other_plant"
2021,7,4,2,1,4,"cheatgrass_litter"
2021,7,4,2,1,5,"other_litter"
2021,7,4,2,2,1,"cheatgrass_plant"
2021,7,4,2,2,2,"cheatgrass_plant"
2021,7,4,2,2,3,"cheatgrass_litter"
2021,7,4,2,2,4,"cheatgrass_plant"
2021,7,4,2,2,5,"other_plant"
2021,7,4,2,3,1,"cheatgrass_plant"
2021,7,4,2,3,2,"cheatgrass_plant"
2021,7,4,2,3,3,"cheatgrass_plant"
2021,7,4,2,3,4,"other_plant"
2021,7,4,2,3,5,"cheatgrass_litter"
2021,7,4,2,4,1,"cheatgrass_plant"
2021,7,4,2,4,2,"other_plant"
2021,7,4,2,4,3,"other_plant"
2021,7,4,2,4,4,"bare_ground"
2021,7,4,2,4,5,"cheatgrass_litter"
2021,7,4,2,5,1,"other_plant"
2021,7,4,2,5,2,"other_plant"
2021,7,4,2,5,3,"cheatgrass_plant"
2021,7,4,2,5,4,"other_litter"
2021,7,4,2,5,5,"other_litter"
2021,7,4,3,1,1,"other_plant"
2021,7,4,3,1,2,"other_plant"
2021,7,4,3,1,3,"cheatgrass_litter"
2021,7,4,3,1,4,"other_plant"
2021,7,4,3,1,5,"other_plant"
2021,7,4,3,2,1,"other_plant"
2021,7,4,3,2,2,"other_plant"
2021,7,4,3,2,3,"cheatgrass_plant"
2021,7,4,3,2,4,"other_plant"
2021,7,4,3,2,5,"other_plant"
2021,7,4,3,3,1,"other_litter"
2021,7,4,3,3,2,"other_litter"
2021,7,4,3,3,3,"other_litter"
2021,7,4,3,3,4,"other_litter"
2021,7,4,3,3,5,"bare_ground"
2021,7,4,3,4,1,"other_litter"
2021,7,4,3,4,2,"other_litter"
2021,7,4,3,4,3,"cheatgrass_litter"
2021,7,4,3,4,4,"cheatgrass_plant"
2021,7,4,3,4,5,"cheatgrass_plant"
2021,7,4,3,5,1,"other_plant"
2021,7,4,3,5,2,"bare_ground"
2021,7,4,3,5,3,"other_plant"
2021,7,4,3,5,4,"cheatgrass_litter"
2021,7,4,3,5,5,"cheatgrass_plant"
2021,7,4,4,1,1,"other_litter"
2021,7,4,4,1,2,"cheatgrass_litter"
2021,7,4,4,1,3,"cheatgrass_litter"
2021,7,4,4,1,4,"other_litter"
2021,7,4,4,1,5,"other_litter"
2021,7,4,4,2,1,"other_litter"
2021,7,4,4,2,2,"other_litter"
2021,7,4,4,2,3,"cheatgrass_litter"
2021,7,4,4,2,4,"other_litter"
2021,7,4,4,2,5,"other_litter"
2021,7,4,4,3,1,"bare_ground"
2021,7,4,4,3,2,"bare_ground"
2021,7,4,4,3,3,"other_litter"
2021,7,4,4,3,4,"other_litter"
2021,7,4,4,3,5,"bare_ground"
2021,7,4,4,4,1,"other_litter"
2021,7,4,4,4,2,"other_litter"
2021,7,4,4,4,3,"other_litter"
2021,7,4,4,4,4,"other_litter"
2021,7,4,4,4,5,"other_litter"
2021,7,4,4,5,1,"other_litter"
2021,7,4,4,5,2,"other_litter"
2021,7,4,4,5,3,"other_litter"
2021,7,4,4,5,4,"other_litter"
2021,7,4,4,5,5,"other_litter"
2021,7,4,5,1,1,"bare_ground"
2021,7,4,5,1,2,"other_plant"
2021,7,4,5,1,3,"bare_ground"
2021,7,4,5,1,4,"other_litter"
2021,7,4,5,1,5,"other_litter"
2021,7,4,5,2,1,"bare_ground"
2021,7,4,5,2,2,"bare_ground"
2021,7,4,5,2,3,"bare_ground"
2021,7,4,5,2,4,"other_litter"
2021,7,4,5,2,5,"other_plant"
2021,7,4,5,3,1,"bare_ground"
2021,7,4,5,3,2,"bare_ground"
2021,7,4,5,3,3,"bare_ground"
2021,7,4,5,3,4,"other_plant"
2021,7,4,5,3,5,"other_plant"
2021,7,4,5,4,1,"bare_ground"
2021,7,4,5,4,2,"bare_ground"
2021,7,4,5,4,3,"other_litter"
2021,7,4,5,4,4,"other_litter"
2021,7,4,5,4,5,"other_plant"
2021,7,4,5,5,1,"bare_ground"
2021,7,4,5,5,2,"bare_ground"
2021,7,4,5,5,3,"other_plant"
2021,7,4,5,5,4,"other_plant"
2021,7,4,5,5,5,"other_plant"
2021,7,5,1,1,1,"other_plant"
2021,7,5,1,1,2,"cheatgrass_plant"
2021,7,5,1,1,3,"other_plant"
2021,7,5,1,1,4,"cheatgrass_plant"
2021,7,5,1,1,5,"bare_ground"
2021,7,5,1,2,1,"cheatgrass_plant"
2021,7,5,1,2,2,"other_plant"
2021,7,5,1,2,3,"other_plant"
2021,7,5,1,2,4,"cheatgrass_plant"
2021,7,5,1,2,5,"cheatgrass_plant"
2021,7,5,1,3,1,"cheatgrass_litter"
2021,7,5,1,3,2,"cheatgrass_litter"
2021,7,5,1,3,3,"other_plant"
2021,7,5,1,3,4,"cheatgrass_plant"
2021,7,5,1,3,5,"cheatgrass_plant"
2021,7,5,1,4,1,"other_litter"
2021,7,5,1,4,2,"cheatgrass_plant"
2021,7,5,1,4,3,"cheatgrass_plant"
2021,7,5,1,4,4,"cheatgrass_plant"
2021,7,5,1,4,5,"cheatgrass_plant"
2021,7,5,1,5,1,"cheatgrass_plant"
2021,7,5,1,5,2,"cheatgrass_plant"
2021,7,5,1,5,3,"cheatgrass_plant"
2021,7,5,1,5,4,"other_litter"
2021,7,5,1,5,5,"other_plant"
2021,7,5,2,1,1,"other_plant"
2021,7,5,2,1,2,"bare_ground"
2021,7,5,2,1,3,"other_plant"
2021,7,5,2,1,4,"other_plant"
2021,7,5,2,1,5,"cheatgrass_litter"
2021,7,5,2,2,1,"other_plant"
2021,7,5,2,2,2,"bare_ground"
2021,7,5,2,2,3,"cheatgrass_plant"
2021,7,5,2,2,4,"bare_ground"
2021,7,5,2,2,5,"cheatgrass_plant"
2021,7,5,2,3,1,"bare_ground"
2021,7,5,2,3,2,"cheatgrass_litter"
2021,7,5,2,3,3,"other_litter"
2021,7,5,2,3,4,"cheatgrass_litter"
2021,7,5,2,3,5,"cheatgrass_litter"
2021,7,5,2,4,1,"bare_ground"
2021,7,5,2,4,2,"other_plant"
2021,7,5,2,4,3,"bare_ground"
2021,7,5,2,4,4,"cheatgrass_plant"
2021,7,5,2,4,5,"cheatgrass_plant"
2021,7,5,2,5,1,"bare_ground"
2021,7,5,2,5,2,"other_litter"
2021,7,5,2,5,3,"bare_ground"
2021,7,5,2,5,4,"bare_ground"
2021,7,5,2,5,5,"bare_ground"
2021,7,5,3,1,1,"bare_ground"
2021,7,5,3,1,2,"other_litter"
2021,7,5,3,1,3,"bare_ground"
2021,7,5,3,1,4,"bare_ground"
2021,7,5,3,1,5,"bare_ground"
2021,7,5,3,2,1,"bare_ground"
2021,7,5,3,2,2,"bare_ground"
2021,7,5,3,2,3,"bare_ground"
2021,7,5,3,2,4,"bare_ground"
2021,7,5,3,2,5,"bare_ground"
2021,7,5,3,3,1,"bare_ground"
2021,7,5,3,3,2,"bare_ground"
2021,7,5,3,3,3,"bare_ground"
2021,7,5,3,3,4,"bare_ground"
2021,7,5,3,3,5,"bare_ground"
2021,7,5,3,4,1,"bare_ground"
2021,7,5,3,4,2,"bare_ground"
2021,7,5,3,4,3,"bare_ground"
2021,7,5,3,4,4,"bare_ground"
2021,7,5,3,4,5,"bare_ground"
2021,7,5,3,5,1,"bare_ground"
2021,7,5,3,5,2,"bare_ground"
2021,7,5,3,5,3,"bare_ground"
2021,7,5,3,5,4,"bare_ground"
2021,7,5,3,5,5,"bare_ground"
2021,7,5,4,1,1,"bare_ground"
2021,7,5,4,1,2,"other_plant"
2021,7,5,4,1,3,"other_plant"
2021,7,5,4,1,4,"bare_ground"
2021,7,5,4,1,5,"bare_ground"
2021,7,5,4,2,1,"bare_ground"
2021,7,5,4,2,2,"other_litter"
2021,7,5,4,2,3,"other_plant"
2021,7,5,4,2,4,"bare_ground"
2021,7,5,4,2,5,"bare_ground"
2021,7,5,4,3,1,"other_plant"
2021,7,5,4,3,2,"other_litter"
2021,7,5,4,3,3,"other_plant"
2021,7,5,4,3,4,"other_plant"
2021,7,5,4,3,5,"bare_ground"
2021,7,5,4,4,1,"other_plant"
2021,7,5,4,4,2,"other_plant"
2021,7,5,4,4,3,"other_plant"
2021,7,5,4,4,4,"other_plant"
2021,7,5,4,4,5,"other_litter"
2021,7,5,4,5,1,"bare_ground"
2021,7,5,4,5,2,"other_litter"
2021,7,5,4,5,3,"other_litter"
2021,7,5,4,5,4,"other_litter"
2021,7,5,4,5,5,"other_litter"
2021,7,5,5,1,1,"cheatgrass_litter"
2021,7,5,5,1,2,"other_plant"
2021,7,5,5,1,3,"other_plant"
2021,7,5,5,1,4,"other_plant"
2021,7,5,5,1,5,"other_plant"
2021,7,5,5,2,1,"other_plant"
2021,7,5,5,2,2,"other_plant"
2021,7,5,5,2,3,"other_plant"
2021,7,5,5,2,4,"other_plant"
2021,7,5,5,2,5,"other_plant"
2021,7,5,5,3,1,"other_litter"
2021,7,5,5,3,2,"bare_ground"
2021,7,5,5,3,3,"bare_ground"
2021,7,5,5,3,4,"other_plant"
2021,7,5,5,3,5,"other_plant"
2021,7,5,5,4,1,"bare_ground"
2021,7,5,5,4,2,"bare_ground"
2021,7,5,5,4,3,"bare_ground"
2021,7,5,5,4,4,"other_plant"
2021,7,5,5,4,5,"other_plant"
2021,7,5,5,5,1,"bare_ground"
2021,7,5,5,5,2,"bare_ground"
2021,7,5,5,5,3,"bare_ground"
2021,7,5,5,5,4,"other_plant"
2021,7,5,5,5,5,"other_plant"
2021,7,6,1,1,1,"other_plant"
2021,7,6,1,1,2,"other_plant"
2021,7,6,1,1,3,"other_plant"
2021,7,6,1,1,4,"cheatgrass_litter"
2021,7,6,1,1,5,"bare_ground"
2021,7,6,1,2,1,"cheatgrass_litter"
2021,7,6,1,2,2,"other_plant"
2021,7,6,1,2,3,"other_litter"
2021,7,6,1,2,4,"other_plant"
2021,7,6,1,2,5,"other_plant"
2021,7,6,1,3,1,"other_plant"
2021,7,6,1,3,2,"other_plant"
2021,7,6,1,3,3,"bare_ground"
2021,7,6,1,3,4,"other_plant"
2021,7,6,1,3,5,"other_plant"
2021,7,6,1,4,1,"other_plant"
2021,7,6,1,4,2,"other_plant"
2021,7,6,1,4,3,"other_plant"
2021,7,6,1,4,4,"other_plant"
2021,7,6,1,4,5,"other_plant"
2021,7,6,1,5,1,"other_plant"
2021,7,6,1,5,2,"other_plant"
2021,7,6,1,5,3,"bare_ground"
2021,7,6,1,5,4,"other_plant"
2021,7,6,1,5,5,"cheatgrass_plant"
2021,7,6,2,1,1,"other_litter"
2021,7,6,2,1,2,"other_plant"
2021,7,6,2,1,3,"other_plant"
2021,7,6,2,1,4,"other_plant"
2021,7,6,2,1,5,"other_plant"
2021,7,6,2,2,1,"other_plant"
2021,7,6,2,2,2,"other_plant"
2021,7,6,2,2,3,"other_plant"
2021,7,6,2,2,4,"other_plant"
2021,7,6,2,2,5,"other_litter"
2021,7,6,2,3,1,"bare_ground"
2021,7,6,2,3,2,"other_plant"
2021,7,6,2,3,3,"other_litter"
2021,7,6,2,3,4,"other_litter"
2021,7,6,2,3,5,"other_litter"
2021,7,6,2,4,1,"bare_ground"
2021,7,6,2,4,2,"cheatgrass_plant"
2021,7,6,2,4,3,"other_litter"
2021,7,6,2,4,4,"other_plant"
2021,7,6,2,4,5,"other_plant"
2021,7,6,2,5,1,"cheatgrass_litter"
2021,7,6,2,5,2,"other_litter"
2021,7,6,2,5,3,"other_litter"
2021,7,6,2,5,4,"other_plant"
2021,7,6,2,5,5,"other_plant"
2021,7,6,3,1,1,"other_plant"
2021,7,6,3,1,2,"other_plant"
2021,7,6,3,1,3,"other_plant"
2021,7,6,3,1,4,"other_plant"
2021,7,6,3,1,5,"other_plant"
2021,7,6,3,2,1,"other_plant"
2021,7,6,3,2,2,"other_plant"
2021,7,6,3,2,3,"other_plant"
2021,7,6,3,2,4,"other_plant"
2021,7,6,3,2,5,"other_plant"
2021,7,6,3,3,1,"other_plant"
2021,7,6,3,3,2,"other_plant"
2021,7,6,3,3,3,"other_plant"
2021,7,6,3,3,4,"other_plant"
2021,7,6,3,3,5,"other_plant"
2021,7,6,3,4,1,"other_plant"
2021,7,6,3,4,2,"other_plant"
2021,7,6,3,4,3,"other_plant"
2021,7,6,3,4,4,"other_plant"
2021,7,6,3,4,5,"other_plant"
2021,7,6,3,5,1,"other_plant"
2021,7,6,3,5,2,"other_plant"
2021,7,6,3,5,3,"other_plant"
2021,7,6,3,5,4,"other_plant"
2021,7,6,3,5,5,"other_plant"
2021,7,6,4,1,1,"bare_ground"
2021,7,6,4,1,2,"bare_ground"
2021,7,6,4,1,3,"bare_ground"
2021,7,6,4,1,4,"bare_ground"
2021,7,6,4,1,5,"bare_ground"
2021,7,6,4,2,1,"bare_ground"
2021,7,6,4,2,2,"bare_ground"
2021,7,6,4,2,3,"bare_ground"
2021,7,6,4,2,4,"bare_ground"
2021,7,6,4,2,5,"bare_ground"
2021,7,6,4,3,1,"bare_ground"
2021,7,6,4,3,2,"bare_ground"
2021,7,6,4,3,3,"bare_ground"
2021,7,6,4,3,4,"bare_ground"
2021,7,6,4,3,5,"bare_ground"
2021,7,6,4,4,1,"bare_ground"
2021,7,6,4,4,2,"bare_ground"
2021,7,6,4,4,3,"bare_ground"
2021,7,6,4,4,4,"bare_ground"
2021,7,6,4,4,5,"bare_ground"
2021,7,6,4,5,1,"bare_ground"
2021,7,6,4,5,2,"bare_ground"
2021,7,6,4,5,3,"bare_ground"
2021,7,6,4,5,4,"bare_ground"
2021,7,6,4,5,5,"bare_ground"
2021,7,6,5,1,1,"bare_ground"
2021,7,6,5,1,2,"bare_ground"
2021,7,6,5,1,3,"bare_ground"
2021,7,6,5,1,4,"other_litter"
2021,7,6,5,1,5,"other_litter"
2021,7,6,5,2,1,"bare_ground"
2021,7,6,5,2,2,"bare_ground"
2021,7,6,5,2,3,"bare_ground"
2021,7,6,5,2,4,"other_litter"
2021,7,6,5,2,5,"other_plant"
2021,7,6,5,3,1,"bare_ground"
2021,7,6,5,3,2,"bare_ground"
2021,7,6,5,3,3,"bare_ground"
2021,7,6,5,3,4,"bare_ground"
2021,7,6,5,3,5,"other_plant"
2021,7,6,5,4,1,"other_plant"
2021,7,6,5,4,2,"other_plant"
2021,7,6,5,4,3,"other_litter"
2021,7,6,5,4,4,"other_litter"
2021,7,6,5,4,5,"other_plant"
2021,7,6,5,5,1,"other_litter"
2021,7,6,5,5,2,"other_plant"
2021,7,6,5,5,3,"other_plant"
2021,7,6,5,5,4,"other_plant"
2021,7,6,5,5,5,"other_litter"
2021,7,7,1,1,1,"other_plant"
2021,7,7,1,1,2,"cheatgrass_litter"
2021,7,7,1,1,3,"cheatgrass_plant"
2021,7,7,1,1,4,"cheatgrass_litter"
2021,7,7,1,1,5,"cheatgrass_litter"
2021,7,7,1,2,1,"other_plant"
2021,7,7,1,2,2,"other_plant"
2021,7,7,1,2,3,"cheatgrass_plant"
2021,7,7,1,2,4,"other_plant"
2021,7,7,1,2,5,"other_plant"
2021,7,7,1,3,1,"other_plant"
2021,7,7,1,3,2,"other_plant"
2021,7,7,1,3,3,"cheatgrass_litter"
2021,7,7,1,3,4,"other_plant"
2021,7,7,1,3,5,"other_plant"
2021,7,7,1,4,1,"other_plant"
2021,7,7,1,4,2,"other_plant"
2021,7,7,1,4,3,"other_plant"
2021,7,7,1,4,4,"other_plant"
2021,7,7,1,4,5,"other_litter"
2021,7,7,1,5,1,"other_plant"
2021,7,7,1,5,2,"other_litter"
2021,7,7,1,5,3,"other_litter"
2021,7,7,1,5,4,"cheatgrass_litter"
2021,7,7,1,5,5,"other_plant"
2021,7,7,2,1,1,"other_plant"
2021,7,7,2,1,2,"other_plant"
2021,7,7,2,1,3,"cheatgrass_plant"
2021,7,7,2,1,4,"other_plant"
2021,7,7,2,1,5,"other_plant"
2021,7,7,2,2,1,"other_plant"
2021,7,7,2,2,2,"other_plant"
2021,7,7,2,2,3,"other_plant"
2021,7,7,2,2,4,"other_plant"
2021,7,7,2,2,5,"cheatgrass_litter"
2021,7,7,2,3,1,"other_plant"
2021,7,7,2,3,2,"other_plant"
2021,7,7,2,3,3,"other_plant"
2021,7,7,2,3,4,"other_plant"
2021,7,7,2,3,5,"other_plant"
2021,7,7,2,4,1,"cheatgrass_plant"
2021,7,7,2,4,2,"cheatgrass_plant"
2021,7,7,2,4,3,"other_plant"
2021,7,7,2,4,4,"other_plant"
2021,7,7,2,4,5,"cheatgrass_plant"
2021,7,7,2,5,1,"other_litter"
2021,7,7,2,5,2,"cheatgrass_plant"
2021,7,7,2,5,3,"other_plant"
2021,7,7,2,5,4,"other_plant"
2021,7,7,2,5,5,"other_plant"
2021,7,7,3,1,1,"cheatgrass_plant"
2021,7,7,3,1,2,"other_litter"
2021,7,7,3,1,3,"cheatgrass_plant"
2021,7,7,3,1,4,"cheatgrass_litter"
2021,7,7,3,1,5,"other_plant"
2021,7,7,3,2,1,"cheatgrass_plant"
2021,7,7,3,2,2,"other_plant"
2021,7,7,3,2,3,"other_plant"
2021,7,7,3,2,4,"cheatgrass_litter"
2021,7,7,3,2,5,"cheatgrass_litter"
2021,7,7,3,3,1,"cheatgrass_plant"
2021,7,7,3,3,2,"cheatgrass_plant"
2021,7,7,3,3,3,"other_plant"
2021,7,7,3,3,4,"other_litter"
2021,7,7,3,3,5,"bare_ground"
2021,7,7,3,4,1,"other_litter"
2021,7,7,3,4,2,"bare_ground"
2021,7,7,3,4,3,"bare_ground"
2021,7,7,3,4,4,"bare_ground"
2021,7,7,3,4,5,"bare_ground"
2021,7,7,3,5,1,"bare_ground"
2021,7,7,3,5,2,"bare_ground"
2021,7,7,3,5,3,"other_plant"
2021,7,7,3,5,4,"other_plant"
2021,7,7,3,5,5,"cheatgrass_plant"
2021,7,7,4,1,1,"other_litter"
2021,7,7,4,1,2,"cheatgrass_plant"
2021,7,7,4,1,3,"cheatgrass_plant"
2021,7,7,4,1,4,"cheatgrass_litter"
2021,7,7,4,1,5,"other_plant"
2021,7,7,4,2,1,"bare_ground"
2021,7,7,4,2,2,"bare_ground"
2021,7,7,4,2,3,"cheatgrass_plant"
2021,7,7,4,2,4,"other_litter"
2021,7,7,4,2,5,"other_litter"
2021,7,7,4,3,1,"bare_ground"
2021,7,7,4,3,2,"bare_ground"
2021,7,7,4,3,3,"other_litter"
2021,7,7,4,3,4,"cheatgrass_plant"
2021,7,7,4,3,5,"cheatgrass_plant"
2021,7,7,4,4,1,"bare_ground"
2021,7,7,4,4,2,"cheatgrass_plant"
2021,7,7,4,4,3,"bare_ground"
2021,7,7,4,4,4,"other_plant"
2021,7,7,4,4,5,"cheatgrass_plant"
2021,7,7,4,5,1,"other_litter"
2021,7,7,4,5,2,"cheatgrass_plant"
2021,7,7,4,5,3,"cheatgrass_plant"
2021,7,7,4,5,4,"other_litter"
2021,7,7,4,5,5,"other_plant"
2021,7,7,5,1,1,"other_litter"
2021,7,7,5,1,2,"other_plant"
2021,7,7,5,1,3,"other_litter"
2021,7,7,5,1,4,"other_plant"
2021,7,7,5,1,5,"bare_ground"
2021,7,7,5,2,1,"other_litter"
2021,7,7,5,2,2,"cheatgrass_plant"
2021,7,7,5,2,3,"bare_ground"
2021,7,7,5,2,4,"cheatgrass_plant"
2021,7,7,5,2,5,"other_plant"
2021,7,7,5,3,1,"cheatgrass_plant"
2021,7,7,5,3,2,"cheatgrass_plant"
2021,7,7,5,3,3,"cheatgrass_plant"
2021,7,7,5,3,4,"cheatgrass_plant"
2021,7,7,5,3,5,"other_plant"
2021,7,7,5,4,1,"other_plant"
2021,7,7,5,4,2,"cheatgrass_plant"
2021,7,7,5,4,3,"cheatgrass_plant"
2021,7,7,5,4,4,"other_plant"
2021,7,7,5,4,5,"cheatgrass_plant"
2021,7,7,5,5,1,"other_plant"
2021,7,7,5,5,2,"other_litter"
2021,7,7,5,5,3,"cheatgrass_litter"
2021,7,7,5,5,4,"cheatgrass_plant"
2021,7,7,5,5,5,"cheatgrass_litter"
2021,7,8,1,1,1,"other_plant"
2021,7,8,1,1,2,"cheatgrass_litter"
2021,7,8,1,1,3,"other_plant"
2021,7,8,1,1,4,"other_plant"
2021,7,8,1,1,5,"other_plant"
2021,7,8,1,2,1,"other_litter"
2021,7,8,1,2,2,"other_plant"
2021,7,8,1,2,3,"other_plant"
2021,7,8,1,2,4,"other_plant"
2021,7,8,1,2,5,"other_litter"
2021,7,8,1,3,1,"other_plant"
2021,7,8,1,3,2,"cheatgrass_litter"
2021,7,8,1,3,3,"other_plant"
2021,7,8,1,3,4,"other_plant"
2021,7,8,1,3,5,"other_plant"
2021,7,8,1,4,1,"other_plant"
2021,7,8,1,4,2,"other_plant"
2021,7,8,1,4,3,"other_plant"
2021,7,8,1,4,4,"other_plant"
2021,7,8,1,4,5,"other_plant"
2021,7,8,1,5,1,"other_litter"
2021,7,8,1,5,2,"other_plant"
2021,7,8,1,5,3,"cheatgrass_litter"
2021,7,8,1,5,4,"other_plant"
2021,7,8,1,5,5,"other_plant"
2021,7,8,2,1,1,"cheatgrass_litter"
2021,7,8,2,1,2,"cheatgrass_litter"
2021,7,8,2,1,3,"other_plant"
2021,7,8,2,1,4,"other_plant"
2021,7,8,2,1,5,"other_plant"
2021,7,8,2,2,1,"other_plant"
2021,7,8,2,2,2,"other_plant"
2021,7,8,2,2,3,"other_plant"
2021,7,8,2,2,4,"cheatgrass_litter"
2021,7,8,2,2,5,"other_plant"
2021,7,8,2,3,1,"other_plant"
2021,7,8,2,3,2,"cheatgrass_litter"
2021,7,8,2,3,3,"other_plant"
2021,7,8,2,3,4,"cheatgrass_plant"
2021,7,8,2,3,5,"other_plant"
2021,7,8,2,4,1,"cheatgrass_plant"
2021,7,8,2,4,2,"other_plant"
2021,7,8,2,4,3,"other_plant"
2021,7,8,2,4,4,"other_plant"
2021,7,8,2,4,5,"other_plant"
2021,7,8,2,5,1,"other_litter"
2021,7,8,2,5,2,"other_plant"
2021,7,8,2,5,3,"other_litter"
2021,7,8,2,5,4,"other_plant"
2021,7,8,2,5,5,"other_plant"
2021,7,8,3,1,1,"other_plant"
2021,7,8,3,1,2,"other_plant"
2021,7,8,3,1,3,"other_plant"
2021,7,8,3,1,4,"other_plant"
2021,7,8,3,1,5,"other_plant"
2021,7,8,3,2,1,"other_plant"
2021,7,8,3,2,2,"other_plant"
2021,7,8,3,2,3,"other_plant"
2021,7,8,3,2,4,"other_plant"
2021,7,8,3,2,5,"other_plant"
2021,7,8,3,3,1,"other_plant"
2021,7,8,3,3,2,"other_plant"
2021,7,8,3,3,3,"other_plant"
2021,7,8,3,3,4,"other_plant"
2021,7,8,3,3,5,"other_plant"
2021,7,8,3,4,1,"other_litter"
2021,7,8,3,4,2,"other_plant"
2021,7,8,3,4,3,"other_plant"
2021,7,8,3,4,4,"other_litter"
2021,7,8,3,4,5,"other_plant"
2021,7,8,3,5,1,"cheatgrass_plant"
2021,7,8,3,5,2,"other_plant"
2021,7,8,3,5,3,"other_plant"
2021,7,8,3,5,4,"other_litter"
2021,7,8,3,5,5,"other_plant"
2021,7,8,4,1,1,"cheatgrass_plant"
2021,7,8,4,1,2,"other_plant"
2021,7,8,4,1,3,"other_plant"
2021,7,8,4,1,4,"other_litter"
2021,7,8,4,1,5,"other_plant"
2021,7,8,4,2,1,"cheatgrass_plant"
2021,7,8,4,2,2,"cheatgrass_plant"
2021,7,8,4,2,3,"other_plant"
2021,7,8,4,2,4,"other_plant"
2021,7,8,4,2,5,"other_plant"
2021,7,8,4,3,1,"other_plant"
2021,7,8,4,3,2,"cheatgrass_plant"
2021,7,8,4,3,3,"cheatgrass_plant"
2021,7,8,4,3,4,"other_plant"
2021,7,8,4,3,5,"other_plant"
2021,7,8,4,4,1,"other_litter"
2021,7,8,4,4,2,"cheatgrass_plant"
2021,7,8,4,4,3,"bare_ground"
2021,7,8,4,4,4,"cheatgrass_plant"
2021,7,8,4,4,5,"other_plant"
2021,7,8,4,5,1,"cheatgrass_plant"
2021,7,8,4,5,2,"bare_ground"
2021,7,8,4,5,3,"cheatgrass_plant"
2021,7,8,4,5,4,"other_plant"
2021,7,8,4,5,5,"other_plant"
2021,7,8,5,1,1,"cheatgrass_plant"
2021,7,8,5,1,2,"cheatgrass_plant"
2021,7,8,5,1,3,"cheatgrass_plant"
2021,7,8,5,1,4,"cheatgrass_plant"
2021,7,8,5,1,5,"cheatgrass_plant"
2021,7,8,5,2,1,"bare_ground"
2021,7,8,5,2,2,"cheatgrass_litter"
2021,7,8,5,2,3,"cheatgrass_plant"
2021,7,8,5,2,4,"cheatgrass_plant"
2021,7,8,5,2,5,"cheatgrass_plant"
2021,7,8,5,3,1,"other_plant"
2021,7,8,5,3,2,"bare_ground"
2021,7,8,5,3,3,"cheatgrass_plant"
2021,7,8,5,3,4,"other_litter"
2021,7,8,5,3,5,"cheatgrass_plant"
2021,7,8,5,4,1,"cheatgrass_plant"
2021,7,8,5,4,2,"cheatgrass_plant"
2021,7,8,5,4,3,"cheatgrass_plant"
2021,7,8,5,4,4,"other_plant"
2021,7,8,5,4,5,"other_plant"
2021,7,8,5,5,1,"cheatgrass_plant"
2021,7,8,5,5,2,"cheatgrass_plant"
2021,7,8,5,5,3,"other_litter"
2021,7,8,5,5,4,"cheatgrass_plant"
2021,7,8,5,5,5,"cheatgrass_plant"
2021,8,1,1,1,1,"other_plant"
2021,8,1,1,1,2,"other_litter"
2021,8,1,1,1,3,"other_plant"
2021,8,1,1,1,4,"other_plant"
2021,8,1,1,1,5,"other_plant"
2021,8,1,1,2,1,"other_plant"
2021,8,1,1,2,2,"other_litter"
2021,8,1,1,2,3,"other_plant"
2021,8,1,1,2,4,"other_litter"
2021,8,1,1,2,5,"other_litter"
2021,8,1,1,3,1,"other_plant"
2021,8,1,1,3,2,"other_litter"
2021,8,1,1,3,3,"other_litter"
2021,8,1,1,3,4,"other_litter"
2021,8,1,1,3,5,"other_plant"
2021,8,1,1,4,1,"other_plant"
2021,8,1,1,4,2,"other_plant"
2021,8,1,1,4,3,"other_litter"
2021,8,1,1,4,4,"other_litter"
2021,8,1,1,4,5,"other_plant"
2021,8,1,1,5,1,"other_litter"
2021,8,1,1,5,2,"other_litter"
2021,8,1,1,5,3,"other_litter"
2021,8,1,1,5,4,"other_plant"
2021,8,1,1,5,5,"other_litter"
2021,8,1,2,1,1,"cheatgrass_plant"
2021,8,1,2,1,2,"other_plant"
2021,8,1,2,1,3,"bare_ground"
2021,8,1,2,1,4,"other_plant"
2021,8,1,2,1,5,"other_plant"
2021,8,1,2,2,1,"bare_ground"
2021,8,1,2,2,2,"other_litter"
2021,8,1,2,2,3,"cheatgrass_plant"
2021,8,1,2,2,4,"other_litter"
2021,8,1,2,2,5,"bare_ground"
2021,8,1,2,3,1,"other_plant"
2021,8,1,2,3,2,"bare_ground"
2021,8,1,2,3,3,"other_plant"
2021,8,1,2,3,4,"cheatgrass_plant"
2021,8,1,2,3,5,"cheatgrass_plant"
2021,8,1,2,4,1,"other_plant"
2021,8,1,2,4,2,"cheatgrass_litter"
2021,8,1,2,4,3,"cheatgrass_litter"
2021,8,1,2,4,4,"other_plant"
2021,8,1,2,4,5,"other_plant"
2021,8,1,2,5,1,"other_plant"
2021,8,1,2,5,2,"other_litter"
2021,8,1,2,5,3,"other_plant"
2021,8,1,2,5,4,"other_plant"
2021,8,1,2,5,5,"other_plant"
2021,8,1,3,1,1,"other_litter"
2021,8,1,3,1,2,"other_litter"
2021,8,1,3,1,3,"other_plant"
2021,8,1,3,1,4,"other_litter"
2021,8,1,3,1,5,"cheatgrass_plant"
2021,8,1,3,2,1,"cheatgrass_plant"
2021,8,1,3,2,2,"other_litter"
2021,8,1,3,2,3,"cheatgrass_plant"
2021,8,1,3,2,4,"other_plant"
2021,8,1,3,2,5,"cheatgrass_plant"
2021,8,1,3,3,1,"cheatgrass_plant"
2021,8,1,3,3,2,"cheatgrass_plant"
2021,8,1,3,3,3,"cheatgrass_litter"
2021,8,1,3,3,4,"cheatgrass_litter"
2021,8,1,3,3,5,"cheatgrass_plant"
2021,8,1,3,4,1,"cheatgrass_plant"
2021,8,1,3,4,2,"cheatgrass_litter"
2021,8,1,3,4,3,"cheatgrass_plant"
2021,8,1,3,4,4,"cheatgrass_plant"
2021,8,1,3,4,5,"cheatgrass_plant"
2021,8,1,3,5,1,"cheatgrass_plant"
2021,8,1,3,5,2,"cheatgrass_plant"
2021,8,1,3,5,3,"cheatgrass_litter"
2021,8,1,3,5,4,"cheatgrass_plant"
2021,8,1,3,5,5,"cheatgrass_plant"
2021,8,1,4,1,1,"other_litter"
2021,8,1,4,1,2,"other_plant"
2021,8,1,4,1,3,"other_plant"
2021,8,1,4,1,4,"other_plant"
2021,8,1,4,1,5,"bare_ground"
2021,8,1,4,2,1,"other_litter"
2021,8,1,4,2,2,"other_plant"
2021,8,1,4,2,3,"other_litter"
2021,8,1,4,2,4,"other_plant"
2021,8,1,4,2,5,"other_plant"
2021,8,1,4,3,1,"other_litter"
2021,8,1,4,3,2,"other_plant"
2021,8,1,4,3,3,"other_plant"
2021,8,1,4,3,4,"other_litter"
2021,8,1,4,3,5,"other_litter"
2021,8,1,4,4,1,"other_plant"
2021,8,1,4,4,2,"other_plant"
2021,8,1,4,4,3,"other_plant"
2021,8,1,4,4,4,"other_litter"
2021,8,1,4,4,5,"other_plant"
2021,8,1,4,5,1,"other_plant"
2021,8,1,4,5,2,"other_plant"
2021,8,1,4,5,3,"other_plant"
2021,8,1,4,5,4,"other_plant"
2021,8,1,4,5,5,"bare_ground"
2021,8,1,5,1,1,"other_plant"
2021,8,1,5,1,2,"other_litter"
2021,8,1,5,1,3,"other_litter"
2021,8,1,5,1,4,"other_plant"
2021,8,1,5,1,5,"other_litter"
2021,8,1,5,2,1,"other_plant"
2021,8,1,5,2,2,"other_litter"
2021,8,1,5,2,3,"bare_ground"
2021,8,1,5,2,4,"other_plant"
2021,8,1,5,2,5,"other_plant"
2021,8,1,5,3,1,"other_plant"
2021,8,1,5,3,2,"other_plant"
2021,8,1,5,3,3,"other_plant"
2021,8,1,5,3,4,"other_litter"
2021,8,1,5,3,5,"other_litter"
2021,8,1,5,4,1,"other_plant"
2021,8,1,5,4,2,"other_plant"
2021,8,1,5,4,3,"other_litter"
2021,8,1,5,4,4,"other_plant"
2021,8,1,5,4,5,"other_litter"
2021,8,1,5,5,1,"other_plant"
2021,8,1,5,5,2,"other_plant"
2021,8,1,5,5,3,"other_plant"
2021,8,1,5,5,4,"other_litter"
2021,8,1,5,5,5,"other_plant"
2021,8,2,1,1,1,"cheatgrass_plant"
2021,8,2,1,1,2,"other_plant"
2021,8,2,1,1,3,"other_litter"
2021,8,2,1,1,4,"other_plant"
2021,8,2,1,1,5,"other_litter"
2021,8,2,1,2,1,"bare_ground"
2021,8,2,1,2,2,"other_plant"
2021,8,2,1,2,3,"other_litter"
2021,8,2,1,2,4,"other_litter"
2021,8,2,1,2,5,"other_litter"
2021,8,2,1,3,1,"cheatgrass_litter"
2021,8,2,1,3,2,"cheatgrass_litter"
2021,8,2,1,3,3,"other_litter"
2021,8,2,1,3,4,"other_litter"
2021,8,2,1,3,5,"bare_ground"
2021,8,2,1,4,1,"cheatgrass_litter"
2021,8,2,1,4,2,"cheatgrass_litter"
2021,8,2,1,4,3,"other_litter"
2021,8,2,1,4,4,"other_plant"
2021,8,2,1,4,5,"other_litter"
2021,8,2,1,5,1,"cheatgrass_plant"
2021,8,2,1,5,2,"other_plant"
2021,8,2,1,5,3,"other_litter"
2021,8,2,1,5,4,"other_litter"
2021,8,2,1,5,5,"other_litter"
2021,8,2,2,1,1,"other_litter"
2021,8,2,2,1,2,"other_plant"
2021,8,2,2,1,3,"other_litter"
2021,8,2,2,1,4,"other_litter"
2021,8,2,2,1,5,"other_litter"
2021,8,2,2,2,1,"other_plant"
2021,8,2,2,2,2,"other_plant"
2021,8,2,2,2,3,"other_plant"
2021,8,2,2,2,4,"other_litter"
2021,8,2,2,2,5,"other_plant"
2021,8,2,2,3,1,"other_litter"
2021,8,2,2,3,2,"other_plant"
2021,8,2,2,3,3,"other_litter"
2021,8,2,2,3,4,"other_plant"
2021,8,2,2,3,5,"other_litter"
2021,8,2,2,4,1,"other_plant"
2021,8,2,2,4,2,"other_plant"
2021,8,2,2,4,3,"other_litter"
2021,8,2,2,4,4,"bare_ground"
2021,8,2,2,4,5,"other_plant"
2021,8,2,2,5,1,"other_litter"
2021,8,2,2,5,2,"other_plant"
2021,8,2,2,5,3,"other_plant"
2021,8,2,2,5,4,"other_litter"
2021,8,2,2,5,5,"other_plant"
2021,8,2,3,1,1,"other_plant"
2021,8,2,3,1,2,"other_litter"
2021,8,2,3,1,3,"other_plant"
2021,8,2,3,1,4,"other_plant"
2021,8,2,3,1,5,"other_plant"
2021,8,2,3,2,1,"other_plant"
2021,8,2,3,2,2,"other_plant"
2021,8,2,3,2,3,"other_litter"
2021,8,2,3,2,4,"other_plant"
2021,8,2,3,2,5,"other_plant"
2021,8,2,3,3,1,"other_plant"
2021,8,2,3,3,2,"other_litter"
2021,8,2,3,3,3,"other_plant"
2021,8,2,3,3,4,"other_plant"
2021,8,2,3,3,5,"other_plant"
2021,8,2,3,4,1,"other_litter"
2021,8,2,3,4,2,"other_litter"
2021,8,2,3,4,3,"other_plant"
2021,8,2,3,4,4,"other_plant"
2021,8,2,3,4,5,"other_plant"
2021,8,2,3,5,1,"other_plant"
2021,8,2,3,5,2,"other_plant"
2021,8,2,3,5,3,"bare_ground"
2021,8,2,3,5,4,"other_plant"
2021,8,2,3,5,5,"other_plant"
2021,8,2,4,1,1,"other_litter"
2021,8,2,4,1,2,"other_plant"
2021,8,2,4,1,3,"other_litter"
2021,8,2,4,1,4,"other_litter"
2021,8,2,4,1,5,"other_plant"
2021,8,2,4,2,1,"other_plant"
2021,8,2,4,2,2,"other_plant"
2021,8,2,4,2,3,"cheatgrass_plant"
2021,8,2,4,2,4,"cheatgrass_plant"
2021,8,2,4,2,5,"other_plant"
2021,8,2,4,3,1,"other_plant"
2021,8,2,4,3,2,"cheatgrass_plant"
2021,8,2,4,3,3,"other_plant"
2021,8,2,4,3,4,"other_litter"
2021,8,2,4,3,5,"bare_ground"
2021,8,2,4,4,1,"other_litter"
2021,8,2,4,4,2,"bare_ground"
2021,8,2,4,4,3,"other_plant"
2021,8,2,4,4,4,"other_plant"
2021,8,2,4,4,5,"bare_ground"
2021,8,2,4,5,1,"other_litter"
2021,8,2,4,5,2,"other_plant"
2021,8,2,4,5,3,"other_plant"
2021,8,2,4,5,4,"other_plant"
2021,8,2,4,5,5,"bare_ground"
2021,8,2,5,1,1,"bare_ground"
2021,8,2,5,1,2,"cheatgrass_plant"
2021,8,2,5,1,3,"other_litter"
2021,8,2,5,1,4,"cheatgrass_litter"
2021,8,2,5,1,5,"other_plant"
2021,8,2,5,2,1,"cheatgrass_plant"
2021,8,2,5,2,2,"bare_ground"
2021,8,2,5,2,3,"other_litter"
2021,8,2,5,2,4,"cheatgrass_litter"
2021,8,2,5,2,5,"other_plant"
2021,8,2,5,3,1,"bare_ground"
2021,8,2,5,3,2,"other_litter"
2021,8,2,5,3,3,"cheatgrass_plant"
2021,8,2,5,3,4,"bare_ground"
2021,8,2,5,3,5,"cheatgrass_litter"
2021,8,2,5,4,1,"other_litter"
2021,8,2,5,4,2,"other_litter"
2021,8,2,5,4,3,"bare_ground"
2021,8,2,5,4,4,"other_litter"
2021,8,2,5,4,5,"bare_ground"
2021,8,2,5,5,1,"other_litter"
2021,8,2,5,5,2,"bare_ground"
2021,8,2,5,5,3,"other_plant"
2021,8,2,5,5,4,"other_plant"
2021,8,2,5,5,5,"bare_ground"
2021,8,3,1,1,1,"other_plant"
2021,8,3,1,1,2,"other_plant"
2021,8,3,1,1,3,"other_litter"
2021,8,3,1,1,4,"other_litter"
2021,8,3,1,1,5,"other_plant"
2021,8,3,1,2,1,"other_plant"
2021,8,3,1,2,2,"other_plant"
2021,8,3,1,2,3,"other_plant"
2021,8,3,1,2,4,"other_plant"
2021,8,3,1,2,5,"other_litter"
2021,8,3,1,3,1,"other_litter"
2021,8,3,1,3,2,"other_plant"
2021,8,3,1,3,3,"other_plant"
2021,8,3,1,3,4,"other_plant"
2021,8,3,1,3,5,"other_litter"
2021,8,3,1,4,1,"other_plant"
2021,8,3,1,4,2,"other_plant"
2021,8,3,1,4,3,"other_plant"
2021,8,3,1,4,4,"other_litter"
2021,8,3,1,4,5,"other_litter"
2021,8,3,1,5,1,"other_plant"
2021,8,3,1,5,2,"other_litter"
2021,8,3,1,5,3,"other_plant"
2021,8,3,1,5,4,"other_plant"
2021,8,3,1,5,5,"other_plant"
2021,8,3,2,1,1,"bare_ground"
2021,8,3,2,1,2,"cheatgrass_plant"
2021,8,3,2,1,3,"cheatgrass_plant"
2021,8,3,2,1,4,"cheatgrass_plant"
2021,8,3,2,1,5,"other_plant"
2021,8,3,2,2,1,"bare_ground"
2021,8,3,2,2,2,"other_litter"
2021,8,3,2,2,3,"cheatgrass_plant"
2021,8,3,2,2,4,"cheatgrass_plant"
2021,8,3,2,2,5,"cheatgrass_plant"
2021,8,3,2,3,1,"cheatgrass_plant"
2021,8,3,2,3,2,"other_plant"
2021,8,3,2,3,3,"cheatgrass_plant"
2021,8,3,2,3,4,"cheatgrass_plant"
2021,8,3,2,3,5,"cheatgrass_plant"
2021,8,3,2,4,1,"other_litter"
2021,8,3,2,4,2,"other_litter"
2021,8,3,2,4,3,"cheatgrass_plant"
2021,8,3,2,4,4,"cheatgrass_plant"
2021,8,3,2,4,5,"cheatgrass_plant"
2021,8,3,2,5,1,"bare_ground"
2021,8,3,2,5,2,"bare_ground"
2021,8,3,2,5,3,"other_litter"
2021,8,3,2,5,4,"cheatgrass_plant"
2021,8,3,2,5,5,"bare_ground"
2021,8,3,3,1,1,"other_litter"
2021,8,3,3,1,2,"other_litter"
2021,8,3,3,1,3,"other_litter"
2021,8,3,3,1,4,"other_litter"
2021,8,3,3,1,5,"other_litter"
2021,8,3,3,2,1,"other_litter"
2021,8,3,3,2,2,"other_litter"
2021,8,3,3,2,3,"other_litter"
2021,8,3,3,2,4,"other_litter"
2021,8,3,3,2,5,"other_litter"
2021,8,3,3,3,1,"other_litter"
2021,8,3,3,3,2,"other_litter"
2021,8,3,3,3,3,"other_litter"
2021,8,3,3,3,4,"other_litter"
2021,8,3,3,3,5,"other_litter"
2021,8,3,3,4,1,"other_litter"
2021,8,3,3,4,2,"other_litter"
2021,8,3,3,4,3,"other_litter"
2021,8,3,3,4,4,"other_litter"
2021,8,3,3,4,5,"other_litter"
2021,8,3,3,5,1,"other_litter"
2021,8,3,3,5,2,"other_litter"
2021,8,3,3,5,3,"other_litter"
2021,8,3,3,5,4,"other_litter"
2021,8,3,3,5,5,"other_litter"
2021,8,3,4,1,1,"bare_ground"
2021,8,3,4,1,2,"other_litter"
2021,8,3,4,1,3,"cheatgrass_plant"
2021,8,3,4,1,4,"cheatgrass_plant"
2021,8,3,4,1,5,"other_litter"
2021,8,3,4,2,1,"cheatgrass_plant"
2021,8,3,4,2,2,"other_plant"
2021,8,3,4,2,3,"cheatgrass_plant"
2021,8,3,4,2,4,"other_litter"
2021,8,3,4,2,5,"cheatgrass_plant"
2021,8,3,4,3,1,"other_litter"
2021,8,3,4,3,2,"cheatgrass_plant"
2021,8,3,4,3,3,"other_litter"
2021,8,3,4,3,4,"cheatgrass_plant"
2021,8,3,4,3,5,"other_plant"
2021,8,3,4,4,1,"other_plant"
2021,8,3,4,4,2,"other_litter"
2021,8,3,4,4,3,"other_plant"
2021,8,3,4,4,4,"cheatgrass_plant"
2021,8,3,4,4,5,"other_litter"
2021,8,3,4,5,1,"bare_ground"
2021,8,3,4,5,2,"bare_ground"
2021,8,3,4,5,3,"other_litter"
2021,8,3,4,5,4,"other_litter"
2021,8,3,4,5,5,"other_litter"
2021,8,3,5,1,1,"other_plant"
2021,8,3,5,1,2,"other_litter"
2021,8,3,5,1,3,"other_plant"
2021,8,3,5,1,4,"other_plant"
2021,8,3,5,1,5,"other_plant"
2021,8,3,5,2,1,"other_plant"
2021,8,3,5,2,2,"other_litter"
2021,8,3,5,2,3,"other_plant"
2021,8,3,5,2,4,"other_litter"
2021,8,3,5,2,5,"other_litter"
2021,8,3,5,3,1,"other_litter"
2021,8,3,5,3,2,"other_plant"
2021,8,3,5,3,3,"other_plant"
2021,8,3,5,3,4,"other_plant"
2021,8,3,5,3,5,"other_plant"
2021,8,3,5,4,1,"other_litter"
2021,8,3,5,4,2,"other_litter"
2021,8,3,5,4,3,"other_litter"
2021,8,3,5,4,4,"other_plant"
2021,8,3,5,4,5,"other_plant"
2021,8,3,5,5,1,"other_plant"
2021,8,3,5,5,2,"other_litter"
2021,8,3,5,5,3,"other_litter"
2021,8,3,5,5,4,"other_plant"
2021,8,3,5,5,5,"other_plant"
2021,8,4,1,1,1,"other_litter"
2021,8,4,1,1,2,"other_litter"
2021,8,4,1,1,3,"bare_ground"
2021,8,4,1,1,4,"bare_ground"
2021,8,4,1,1,5,"bare_ground"
2021,8,4,1,2,1,"other_litter"
2021,8,4,1,2,2,"other_plant"
2021,8,4,1,2,3,"other_plant"
2021,8,4,1,2,4,"other_plant"
2021,8,4,1,2,5,"other_litter"
2021,8,4,1,3,1,"other_litter"
2021,8,4,1,3,2,"bare_ground"
2021,8,4,1,3,3,"bare_ground"
2021,8,4,1,3,4,"other_plant"
2021,8,4,1,3,5,"other_litter"
2021,8,4,1,4,1,"bare_ground"
2021,8,4,1,4,2,"bare_ground"
2021,8,4,1,4,3,"bare_ground"
2021,8,4,1,4,4,"bare_ground"
2021,8,4,1,4,5,"bare_ground"
2021,8,4,1,5,1,"other_plant"
2021,8,4,1,5,2,"bare_ground"
2021,8,4,1,5,3,"other_litter"
2021,8,4,1,5,4,"bare_ground"
2021,8,4,1,5,5,"other_litter"
2021,8,4,2,1,1,"bare_ground"
2021,8,4,2,1,2,"bare_ground"
2021,8,4,2,1,3,"bare_ground"
2021,8,4,2,1,4,"bare_ground"
2021,8,4,2,1,5,"bare_ground"
2021,8,4,2,2,1,"other_litter"
2021,8,4,2,2,2,"bare_ground"
2021,8,4,2,2,3,"bare_ground"
2021,8,4,2,2,4,"bare_ground"
2021,8,4,2,2,5,"bare_ground"
2021,8,4,2,3,1,"other_litter"
2021,8,4,2,3,2,"bare_ground"
2021,8,4,2,3,3,"bare_ground"
2021,8,4,2,3,4,"bare_ground"
2021,8,4,2,3,5,"bare_ground"
2021,8,4,2,4,1,"other_litter"
2021,8,4,2,4,2,"other_litter"
2021,8,4,2,4,3,"bare_ground"
2021,8,4,2,4,4,"other_litter"
2021,8,4,2,4,5,"other_plant"
2021,8,4,2,5,1,"other_litter"
2021,8,4,2,5,2,"other_litter"
2021,8,4,2,5,3,"other_plant"
2021,8,4,2,5,4,"other_litter"
2021,8,4,2,5,5,"other_litter"
2021,8,4,3,1,1,"other_plant"
2021,8,4,3,1,2,"other_plant"
2021,8,4,3,1,3,"bare_ground"
2021,8,4,3,1,4,"cheatgrass_plant"
2021,8,4,3,1,5,"other_litter"
2021,8,4,3,2,1,"other_litter"
2021,8,4,3,2,2,"other_plant"
2021,8,4,3,2,3,"bare_ground"
2021,8,4,3,2,4,"other_plant"
2021,8,4,3,2,5,"cheatgrass_plant"
2021,8,4,3,3,1,"other_litter"
2021,8,4,3,3,2,"other_litter"
2021,8,4,3,3,3,"other_plant"
2021,8,4,3,3,4,"other_plant"
2021,8,4,3,3,5,"other_litter"
2021,8,4,3,4,1,"other_litter"
2021,8,4,3,4,2,"other_plant"
2021,8,4,3,4,3,"other_litter"
2021,8,4,3,4,4,"other_plant"
2021,8,4,3,4,5,"cheatgrass_plant"
2021,8,4,3,5,1,"other_litter"
2021,8,4,3,5,2,"other_plant"
2021,8,4,3,5,3,"other_litter"
2021,8,4,3,5,4,"cheatgrass_plant"
2021,8,4,3,5,5,"other_plant"
2021,8,4,4,1,1,"other_plant"
2021,8,4,4,1,2,"other_plant"
2021,8,4,4,1,3,"bare_ground"
2021,8,4,4,1,4,"other_litter"
2021,8,4,4,1,5,"bare_ground"
2021,8,4,4,2,1,"bare_ground"
2021,8,4,4,2,2,"other_plant"
2021,8,4,4,2,3,"other_plant"
2021,8,4,4,2,4,"other_plant"
2021,8,4,4,2,5,"other_litter"
2021,8,4,4,3,1,"other_litter"
2021,8,4,4,3,2,"bare_ground"
2021,8,4,4,3,3,"other_plant"
2021,8,4,4,3,4,"other_plant"
2021,8,4,4,3,5,"bare_ground"
2021,8,4,4,4,1,"other_plant"
2021,8,4,4,4,2,"other_plant"
2021,8,4,4,4,3,"other_plant"
2021,8,4,4,4,4,"other_plant"
2021,8,4,4,4,5,"other_litter"
2021,8,4,4,5,1,"other_plant"
2021,8,4,4,5,2,"other_plant"
2021,8,4,4,5,3,"other_plant"
2021,8,4,4,5,4,"bare_ground"
2021,8,4,4,5,5,"bare_ground"
2021,8,4,5,1,1,"other_plant"
2021,8,4,5,1,2,"other_plant"
2021,8,4,5,1,3,"other_plant"
2021,8,4,5,1,4,"other_litter"
2021,8,4,5,1,5,"other_plant"
2021,8,4,5,2,1,"bare_ground"
2021,8,4,5,2,2,"other_litter"
2021,8,4,5,2,3,"cheatgrass_litter"
2021,8,4,5,2,4,"cheatgrass_litter"
2021,8,4,5,2,5,"other_plant"
2021,8,4,5,3,1,"other_plant"
2021,8,4,5,3,2,"other_plant"
2021,8,4,5,3,3,"other_plant"
2021,8,4,5,3,4,"other_plant"
2021,8,4,5,3,5,"bare_ground"
2021,8,4,5,4,1,"other_plant"
2021,8,4,5,4,2,"other_plant"
2021,8,4,5,4,3,"other_plant"
2021,8,4,5,4,4,"cheatgrass_litter"
2021,8,4,5,4,5,"other_plant"
2021,8,4,5,5,1,"other_plant"
2021,8,4,5,5,2,"other_plant"
2021,8,4,5,5,3,"other_plant"
2021,8,4,5,5,4,"other_litter"
2021,8,4,5,5,5,"other_plant"
2021,8,5,1,1,1,"other_litter"
2021,8,5,1,1,2,"other_litter"
2021,8,5,1,1,3,"other_plant"
2021,8,5,1,1,4,"other_plant"
2021,8,5,1,1,5,"other_plant"
2021,8,5,1,2,1,"bare_ground"
2021,8,5,1,2,2,"other_plant"
2021,8,5,1,2,3,"other_plant"
2021,8,5,1,2,4,"other_plant"
2021,8,5,1,2,5,"other_plant"
2021,8,5,1,3,1,"cheatgrass_litter"
2021,8,5,1,3,2,"other_plant"
2021,8,5,1,3,3,"other_litter"
2021,8,5,1,3,4,"bare_ground"
2021,8,5,1,3,5,"other_plant"
2021,8,5,1,4,1,"other_plant"
2021,8,5,1,4,2,"other_plant"
2021,8,5,1,4,3,"bare_ground"
2021,8,5,1,4,4,"other_litter"
2021,8,5,1,4,5,"other_plant"
2021,8,5,1,5,1,"cheatgrass_plant"
2021,8,5,1,5,2,"other_plant"
2021,8,5,1,5,3,"other_litter"
2021,8,5,1,5,4,"other_litter"
2021,8,5,1,5,5,"bare_ground"
2021,8,5,2,1,1,"bare_ground"
2021,8,5,2,1,2,"cheatgrass_litter"
2021,8,5,2,1,3,"cheatgrass_litter"
2021,8,5,2,1,4,"cheatgrass_litter"
2021,8,5,2,1,5,"cheatgrass_plant"
2021,8,5,2,2,1,"bare_ground"
2021,8,5,2,2,2,"bare_ground"
2021,8,5,2,2,3,"cheatgrass_plant"
2021,8,5,2,2,4,"cheatgrass_plant"
2021,8,5,2,2,5,"other_plant"
2021,8,5,2,3,1,"cheatgrass_plant"
2021,8,5,2,3,2,"cheatgrass_litter"
2021,8,5,2,3,3,"cheatgrass_plant"
2021,8,5,2,3,4,"cheatgrass_litter"
2021,8,5,2,3,5,"bare_ground"
2021,8,5,2,4,1,"cheatgrass_plant"
2021,8,5,2,4,2,"cheatgrass_litter"
2021,8,5,2,4,3,"cheatgrass_plant"
2021,8,5,2,4,4,"other_plant"
2021,8,5,2,4,5,"bare_ground"
2021,8,5,2,5,1,"cheatgrass_litter"
2021,8,5,2,5,2,"other_plant"
2021,8,5,2,5,3,"cheatgrass_plant"
2021,8,5,2,5,4,"cheatgrass_plant"
2021,8,5,2,5,5,"bare_ground"
2021,8,5,3,1,1,"cheatgrass_litter"
2021,8,5,3,1,2,"other_plant"
2021,8,5,3,1,3,"cheatgrass_litter"
2021,8,5,3,1,4,"other_plant"
2021,8,5,3,1,5,"other_litter"
2021,8,5,3,2,1,"other_plant"
2021,8,5,3,2,2,"other_plant"
2021,8,5,3,2,3,"other_plant"
2021,8,5,3,2,4,"other_plant"
2021,8,5,3,2,5,"other_plant"
2021,8,5,3,3,1,"other_plant"
2021,8,5,3,3,2,"bare_ground"
2021,8,5,3,3,3,"other_plant"
2021,8,5,3,3,4,"other_plant"
2021,8,5,3,3,5,"other_litter"
2021,8,5,3,4,1,"cheatgrass_plant"
2021,8,5,3,4,2,"bare_ground"
2021,8,5,3,4,3,"cheatgrass_litter"
2021,8,5,3,4,4,"other_plant"
2021,8,5,3,4,5,"other_litter"
2021,8,5,3,5,1,"other_plant"
2021,8,5,3,5,2,"other_litter"
2021,8,5,3,5,3,"cheatgrass_plant"
2021,8,5,3,5,4,"cheatgrass_litter"
2021,8,5,3,5,5,"cheatgrass_litter"
2021,8,5,4,1,1,"other_plant"
2021,8,5,4,1,2,"other_plant"
2021,8,5,4,1,3,"other_plant"
2021,8,5,4,1,4,"other_plant"
2021,8,5,4,1,5,"other_plant"
2021,8,5,4,2,1,"other_plant"
2021,8,5,4,2,2,"other_plant"
2021,8,5,4,2,3,"other_plant"
2021,8,5,4,2,4,"other_plant"
2021,8,5,4,2,5,"other_plant"
2021,8,5,4,3,1,"other_plant"
2021,8,5,4,3,2,"other_plant"
2021,8,5,4,3,3,"other_plant"
2021,8,5,4,3,4,"other_plant"
2021,8,5,4,3,5,"other_plant"
2021,8,5,4,4,1,"other_plant"
2021,8,5,4,4,2,"other_plant"
2021,8,5,4,4,3,"other_plant"
2021,8,5,4,4,4,"other_plant"
2021,8,5,4,4,5,"other_plant"
2021,8,5,4,5,1,"other_plant"
2021,8,5,4,5,2,"other_plant"
2021,8,5,4,5,3,"other_plant"
2021,8,5,4,5,4,"other_plant"
2021,8,5,4,5,5,"other_plant"
2021,8,5,5,1,1,"other_plant"
2021,8,5,5,1,2,"other_plant"
2021,8,5,5,1,3,"other_plant"
2021,8,5,5,1,4,"other_plant"
2021,8,5,5,1,5,"other_plant"
2021,8,5,5,2,1,"other_plant"
2021,8,5,5,2,2,"other_litter"
2021,8,5,5,2,3,"other_plant"
2021,8,5,5,2,4,"other_plant"
2021,8,5,5,2,5,"other_plant"
2021,8,5,5,3,1,"bare_ground"
2021,8,5,5,3,2,"cheatgrass_litter"
2021,8,5,5,3,3,"other_plant"
2021,8,5,5,3,4,"other_plant"
2021,8,5,5,3,5,"cheatgrass_plant"
2021,8,5,5,4,1,"bare_ground"
2021,8,5,5,4,2,"other_plant"
2021,8,5,5,4,3,"other_plant"
2021,8,5,5,4,4,"other_plant"
2021,8,5,5,4,5,"other_litter"
2021,8,5,5,5,1,"other_plant"
2021,8,5,5,5,2,"other_plant"
2021,8,5,5,5,3,"other_plant"
2021,8,5,5,5,4,"other_plant"
2021,8,5,5,5,5,"other_plant"
2021,8,6,1,1,1,"bare_ground"
2021,8,6,1,1,2,"bare_ground"
2021,8,6,1,1,3,"bare_ground"
2021,8,6,1,1,4,"other_litter"
2021,8,6,1,1,5,"other_plant"
2021,8,6,1,2,1,"bare_ground"
2021,8,6,1,2,2,"bare_ground"
2021,8,6,1,2,3,"bare_ground"
2021,8,6,1,2,4,"bare_ground"
2021,8,6,1,2,5,"other_litter"
2021,8,6,1,3,1,"bare_ground"
2021,8,6,1,3,2,"bare_ground"
2021,8,6,1,3,3,"bare_ground"
2021,8,6,1,3,4,"bare_ground"
2021,8,6,1,3,5,"bare_ground"
2021,8,6,1,4,1,"bare_ground"
2021,8,6,1,4,2,"bare_ground"
2021,8,6,1,4,3,"bare_ground"
2021,8,6,1,4,4,"bare_ground"
2021,8,6,1,4,5,"other_litter"
2021,8,6,1,5,1,"bare_ground"
2021,8,6,1,5,2,"bare_ground"
2021,8,6,1,5,3,"bare_ground"
2021,8,6,1,5,4,"bare_ground"
2021,8,6,1,5,5,"other_plant"
2021,8,6,2,1,1,"other_plant"
2021,8,6,2,1,2,"other_plant"
2021,8,6,2,1,3,"other_plant"
2021,8,6,2,1,4,"cheatgrass_plant"
2021,8,6,2,1,5,"other_plant"
2021,8,6,2,2,1,"other_plant"
2021,8,6,2,2,2,"other_plant"
2021,8,6,2,2,3,"other_plant"
2021,8,6,2,2,4,"other_litter"
2021,8,6,2,2,5,"other_plant"
2021,8,6,2,3,1,"other_litter"
2021,8,6,2,3,2,"other_plant"
2021,8,6,2,3,3,"other_litter"
2021,8,6,2,3,4,"cheatgrass_plant"
2021,8,6,2,3,5,"other_plant"
2021,8,6,2,4,1,"other_litter"
2021,8,6,2,4,2,"other_plant"
2021,8,6,2,4,3,"other_plant"
2021,8,6,2,4,4,"other_plant"
2021,8,6,2,4,5,"cheatgrass_plant"
2021,8,6,2,5,1,"other_plant"
2021,8,6,2,5,2,"other_plant"
2021,8,6,2,5,3,"other_plant"
2021,8,6,2,5,4,"other_litter"
2021,8,6,2,5,5,"other_plant"
2021,8,6,3,1,1,"other_litter"
2021,8,6,3,1,2,"other_litter"
2021,8,6,3,1,3,"other_plant"
2021,8,6,3,1,4,"other_litter"
2021,8,6,3,1,5,"cheatgrass_plant"
2021,8,6,3,2,1,"bare_ground"
2021,8,6,3,2,2,"other_plant"
2021,8,6,3,2,3,"other_plant"
2021,8,6,3,2,4,"cheatgrass_plant"
2021,8,6,3,2,5,"other_plant"
2021,8,6,3,3,1,"other_litter"
2021,8,6,3,3,2,"other_plant"
2021,8,6,3,3,3,"other_litter"
2021,8,6,3,3,4,"other_litter"
2021,8,6,3,3,5,"other_plant"
2021,8,6,3,4,1,"other_litter"
2021,8,6,3,4,2,"other_litter"
2021,8,6,3,4,3,"bare_ground"
2021,8,6,3,4,4,"bare_ground"
2021,8,6,3,4,5,"other_plant"
2021,8,6,3,5,1,"other_litter"
2021,8,6,3,5,2,"other_plant"
2021,8,6,3,5,3,"other_plant"
2021,8,6,3,5,4,"other_plant"
2021,8,6,3,5,5,"other_litter"
2021,8,6,4,1,1,"other_litter"
2021,8,6,4,1,2,"other_plant"
2021,8,6,4,1,3,"other_plant"
2021,8,6,4,1,4,"other_plant"
2021,8,6,4,1,5,"other_plant"
2021,8,6,4,2,1,"other_plant"
2021,8,6,4,2,2,"other_plant"
2021,8,6,4,2,3,"other_litter"
2021,8,6,4,2,4,"other_litter"
2021,8,6,4,2,5,"other_plant"
2021,8,6,4,3,1,"other_litter"
2021,8,6,4,3,2,"other_litter"
2021,8,6,4,3,3,"other_litter"
2021,8,6,4,3,4,"other_litter"
2021,8,6,4,3,5,"other_plant"
2021,8,6,4,4,1,"other_plant"
2021,8,6,4,4,2,"other_plant"
2021,8,6,4,4,3,"other_plant"
2021,8,6,4,4,4,"other_plant"
2021,8,6,4,4,5,"other_plant"
2021,8,6,4,5,1,"other_plant"
2021,8,6,4,5,2,"other_plant"
2021,8,6,4,5,3,"other_plant"
2021,8,6,4,5,4,"other_plant"
2021,8,6,4,5,5,"other_plant"
2021,8,6,5,1,1,"other_plant"
2021,8,6,5,1,2,"other_plant"
2021,8,6,5,1,3,"other_plant"
2021,8,6,5,1,4,"other_plant"
2021,8,6,5,1,5,"other_litter"
2021,8,6,5,2,1,"cheatgrass_plant"
2021,8,6,5,2,2,"other_plant"
2021,8,6,5,2,3,"other_litter"
2021,8,6,5,2,4,"other_litter"
2021,8,6,5,2,5,"cheatgrass_plant"
2021,8,6,5,3,1,"cheatgrass_plant"
2021,8,6,5,3,2,"other_litter"
2021,8,6,5,3,3,"other_litter"
2021,8,6,5,3,4,"cheatgrass_plant"
2021,8,6,5,3,5,"cheatgrass_plant"
2021,8,6,5,4,1,"cheatgrass_plant"
2021,8,6,5,4,2,"cheatgrass_plant"
2021,8,6,5,4,3,"other_plant"
2021,8,6,5,4,4,"other_litter"
2021,8,6,5,4,5,"other_litter"
2021,8,6,5,5,1,"other_plant"
2021,8,6,5,5,2,"other_plant"
2021,8,6,5,5,3,"other_plant"
2021,8,6,5,5,4,"cheatgrass_plant"
2021,8,6,5,5,5,"cheatgrass_litter"
2021,8,7,1,1,1,"other_plant"
2021,8,7,1,1,2,"other_plant"
2021,8,7,1,1,3,"other_plant"
2021,8,7,1,1,4,"other_litter"
2021,8,7,1,1,5,"other_litter"
2021,8,7,1,2,1,"other_plant"
2021,8,7,1,2,2,"other_litter"
2021,8,7,1,2,3,"other_litter"
2021,8,7,1,2,4,"other_plant"
2021,8,7,1,2,5,"other_plant"
2021,8,7,1,3,1,"other_plant"
2021,8,7,1,3,2,"other_plant"
2021,8,7,1,3,3,"other_plant"
2021,8,7,1,3,4,"other_plant"
2021,8,7,1,3,5,"other_plant"
2021,8,7,1,4,1,"other_plant"
2021,8,7,1,4,2,"other_plant"
2021,8,7,1,4,3,"other_plant"
2021,8,7,1,4,4,"other_plant"
2021,8,7,1,4,5,"other_plant"
2021,8,7,1,5,1,"other_plant"
2021,8,7,1,5,2,"other_plant"
2021,8,7,1,5,3,"other_plant"
2021,8,7,1,5,4,"other_litter"
2021,8,7,1,5,5,"other_plant"
2021,8,7,2,1,1,"cheatgrass_plant"
2021,8,7,2,1,2,"cheatgrass_plant"
2021,8,7,2,1,3,"cheatgrass_plant"
2021,8,7,2,1,4,"cheatgrass_plant"
2021,8,7,2,1,5,"cheatgrass_plant"
2021,8,7,2,2,1,"cheatgrass_plant"
2021,8,7,2,2,2,"cheatgrass_plant"
2021,8,7,2,2,3,"cheatgrass_plant"
2021,8,7,2,2,4,"bare_ground"
2021,8,7,2,2,5,"bare_ground"
2021,8,7,2,3,1,"bare_ground"
2021,8,7,2,3,2,"cheatgrass_plant"
2021,8,7,2,3,3,"cheatgrass_plant"
2021,8,7,2,3,4,"other_litter"
2021,8,7,2,3,5,"other_litter"
2021,8,7,2,4,1,"cheatgrass_litter"
2021,8,7,2,4,2,"cheatgrass_litter"
2021,8,7,2,4,3,"cheatgrass_plant"
2021,8,7,2,4,4,"other_plant"
2021,8,7,2,4,5,"cheatgrass_litter"
2021,8,7,2,5,1,"cheatgrass_plant"
2021,8,7,2,5,2,"other_plant"
2021,8,7,2,5,3,"other_plant"
2021,8,7,2,5,4,"other_plant"
2021,8,7,2,5,5,"other_litter"
2021,8,7,3,1,1,"other_litter"
2021,8,7,3,1,2,"other_litter"
2021,8,7,3,1,3,"other_litter"
2021,8,7,3,1,4,"other_plant"
2021,8,7,3,1,5,"other_plant"
2021,8,7,3,2,1,"bare_ground"
2021,8,7,3,2,2,"other_litter"
2021,8,7,3,2,3,"other_litter"
2021,8,7,3,2,4,"other_plant"
2021,8,7,3,2,5,"other_plant"
2021,8,7,3,3,1,"bare_ground"
2021,8,7,3,3,2,"other_litter"
2021,8,7,3,3,3,"other_litter"
2021,8,7,3,3,4,"other_litter"
2021,8,7,3,3,5,"other_plant"
2021,8,7,3,4,1,"bare_ground"
2021,8,7,3,4,2,"bare_ground"
2021,8,7,3,4,3,"other_litter"
2021,8,7,3,4,4,"other_plant"
2021,8,7,3,4,5,"other_litter"
2021,8,7,3,5,1,"other_plant"
2021,8,7,3,5,2,"other_plant"
2021,8,7,3,5,3,"other_plant"
2021,8,7,3,5,4,"other_plant"
2021,8,7,3,5,5,"other_litter"
2021,8,7,4,1,1,"other_plant"
2021,8,7,4,1,2,"bare_ground"
2021,8,7,4,1,3,"bare_ground"
2021,8,7,4,1,4,"other_litter"
2021,8,7,4,1,5,"cheatgrass_litter"
2021,8,7,4,2,1,"cheatgrass_litter"
2021,8,7,4,2,2,"cheatgrass_litter"
2021,8,7,4,2,3,"cheatgrass_plant"
2021,8,7,4,2,4,"cheatgrass_litter"
2021,8,7,4,2,5,"other_litter"
2021,8,7,4,3,1,"bare_ground"
2021,8,7,4,3,2,"bare_ground"
2021,8,7,4,3,3,"other_litter"
2021,8,7,4,3,4,"other_plant"
2021,8,7,4,3,5,"other_plant"
2021,8,7,4,4,1,"bare_ground"
2021,8,7,4,4,2,"other_litter"
2021,8,7,4,4,3,"other_litter"
2021,8,7,4,4,4,"other_plant"
2021,8,7,4,4,5,"other_plant"
2021,8,7,4,5,1,"cheatgrass_litter"
2021,8,7,4,5,2,"other_litter"
2021,8,7,4,5,3,"other_plant"
2021,8,7,4,5,4,"other_plant"
2021,8,7,4,5,5,"other_plant"
2021,8,7,5,1,1,"cheatgrass_litter"
2021,8,7,5,1,2,"other_litter"
2021,8,7,5,1,3,"bare_ground"
2021,8,7,5,1,4,"bare_ground"
2021,8,7,5,1,5,"other_plant"
2021,8,7,5,2,1,"other_litter"
2021,8,7,5,2,2,"other_litter"
2021,8,7,5,2,3,"other_plant"
2021,8,7,5,2,4,"other_plant"
2021,8,7,5,2,5,"other_plant"
2021,8,7,5,3,1,"other_litter"
2021,8,7,5,3,2,"bare_ground"
2021,8,7,5,3,3,"other_plant"
2021,8,7,5,3,4,"other_litter"
2021,8,7,5,3,5,"other_litter"
2021,8,7,5,4,1,"bare_ground"
2021,8,7,5,4,2,"cheatgrass_litter"
2021,8,7,5,4,3,"other_litter"
2021,8,7,5,4,4,"other_litter"
2021,8,7,5,4,5,"other_litter"
2021,8,7,5,5,1,"bare_ground"
2021,8,7,5,5,2,"bare_ground"
2021,8,7,5,5,3,"bare_ground"
2021,8,7,5,5,4,"other_plant"
2021,8,7,5,5,5,"other_plant"
2021,8,8,1,1,1,"other_plant"
2021,8,8,1,1,2,"other_plant"
2021,8,8,1,1,3,"other_litter"
2021,8,8,1,1,4,"other_litter"
2021,8,8,1,1,5,"other_plant"
2021,8,8,1,2,1,"other_plant"
2021,8,8,1,2,2,"other_plant"
2021,8,8,1,2,3,"other_plant"
2021,8,8,1,2,4,"other_plant"
2021,8,8,1,2,5,"other_litter"
2021,8,8,1,3,1,"other_plant"
2021,8,8,1,3,2,"other_plant"
2021,8,8,1,3,3,"other_plant"
2021,8,8,1,3,4,"other_plant"
2021,8,8,1,3,5,"other_plant"
2021,8,8,1,4,1,"other_plant"
2021,8,8,1,4,2,"other_plant"
2021,8,8,1,4,3,"other_litter"
2021,8,8,1,4,4,"other_plant"
2021,8,8,1,4,5,"bare_ground"
2021,8,8,1,5,1,"other_litter"
2021,8,8,1,5,2,"bare_ground"
2021,8,8,1,5,3,"other_plant"
2021,8,8,1,5,4,"other_plant"
2021,8,8,1,5,5,"bare_ground"
2021,8,8,2,1,1,"other_plant"
2021,8,8,2,1,2,"other_plant"
2021,8,8,2,1,3,"other_plant"
2021,8,8,2,1,4,"other_plant"
2021,8,8,2,1,5,"other_plant"
2021,8,8,2,2,1,"other_plant"
2021,8,8,2,2,2,"other_plant"
2021,8,8,2,2,3,"other_plant"
2021,8,8,2,2,4,"other_plant"
2021,8,8,2,2,5,"other_plant"
2021,8,8,2,3,1,"other_plant"
2021,8,8,2,3,2,"other_plant"
2021,8,8,2,3,3,"other_plant"
2021,8,8,2,3,4,"other_plant"
2021,8,8,2,3,5,"other_plant"
2021,8,8,2,4,1,"other_plant"
2021,8,8,2,4,2,"other_plant"
2021,8,8,2,4,3,"other_plant"
2021,8,8,2,4,4,"other_plant"
2021,8,8,2,4,5,"other_plant"
2021,8,8,2,5,1,"other_plant"
2021,8,8,2,5,2,"other_plant"
2021,8,8,2,5,3,"other_plant"
2021,8,8,2,5,4,"other_plant"
2021,8,8,2,5,5,"other_plant"
2021,8,8,3,1,1,"other_plant"
2021,8,8,3,1,2,"other_litter"
2021,8,8,3,1,3,"other_plant"
2021,8,8,3,1,4,"other_plant"
2021,8,8,3,1,5,"other_plant"
2021,8,8,3,2,1,"bare_ground"
2021,8,8,3,2,2,"cheatgrass_litter"
2021,8,8,3,2,3,"bare_ground"
2021,8,8,3,2,4,"bare_ground"
2021,8,8,3,2,5,"other_litter"
2021,8,8,3,3,1,"other_plant"
2021,8,8,3,3,2,"cheatgrass_litter"
2021,8,8,3,3,3,"bare_ground"
2021,8,8,3,3,4,"other_plant"
2021,8,8,3,3,5,"other_plant"
2021,8,8,3,4,1,"cheatgrass_litter"
2021,8,8,3,4,2,"other_plant"
2021,8,8,3,4,3,"other_plant"
2021,8,8,3,4,4,"other_plant"
2021,8,8,3,4,5,"other_plant"
2021,8,8,3,5,1,"cheatgrass_plant"
2021,8,8,3,5,2,"other_plant"
2021,8,8,3,5,3,"cheatgrass_litter"
2021,8,8,3,5,4,"cheatgrass_litter"
2021,8,8,3,5,5,"cheatgrass_plant"
2021,8,8,4,1,1,"other_plant"
2021,8,8,4,1,2,"other_plant"
2021,8,8,4,1,3,"other_plant"
2021,8,8,4,1,4,"cheatgrass_plant"
2021,8,8,4,1,5,"bare_ground"
2021,8,8,4,2,1,"other_litter"
2021,8,8,4,2,2,"other_plant"
2021,8,8,4,2,3,"other_litter"
2021,8,8,4,2,4,"other_litter"
2021,8,8,4,2,5,"other_plant"
2021,8,8,4,3,1,"other_plant"
2021,8,8,4,3,2,"other_litter"
2021,8,8,4,3,3,"other_litter"
2021,8,8,4,3,4,"other_plant"
2021,8,8,4,3,5,"cheatgrass_litter"
2021,8,8,4,4,1,"bare_ground"
2021,8,8,4,4,2,"cheatgrass_litter"
2021,8,8,4,4,3,"other_litter"
2021,8,8,4,4,4,"other_plant"
2021,8,8,4,4,5,"other_plant"
2021,8,8,4,5,1,"other_litter"
2021,8,8,4,5,2,"other_plant"
2021,8,8,4,5,3,"other_plant"
2021,8,8,4,5,4,"other_plant"
2021,8,8,4,5,5,"other_litter"
2021,8,8,5,1,1,"other_litter"
2021,8,8,5,1,2,"other_litter"
2021,8,8,5,1,3,"other_plant"
2021,8,8,5,1,4,"other_plant"
2021,8,8,5,1,5,"other_litter"
2021,8,8,5,2,1,"other_plant"
2021,8,8,5,2,2,"other_litter"
2021,8,8,5,2,3,"other_plant"
2021,8,8,5,2,4,"other_plant"
2021,8,8,5,2,5,"other_plant"
2021,8,8,5,3,1,"other_plant"
2021,8,8,5,3,2,"other_plant"
2021,8,8,5,3,3,"other_plant"
2021,8,8,5,3,4,"other_plant"
2021,8,8,5,3,5,"other_litter"
2021,8,8,5,4,1,"bare_ground"
2021,8,8,5,4,2,"bare_ground"
2021,8,8,5,4,3,"other_plant"
2021,8,8,5,4,4,"other_litter"
2021,8,8,5,4,5,"other_litter"
2021,8,8,5,5,1,"cheatgrass_plant"
2021,8,8,5,5,2,"other_plant"
2021,8,8,5,5,3,"other_litter"
2021,8,8,5,5,4,"other_litter"
2021,8,8,5,5,5,"other_plant"
